SEGMENTO;-;
NOME DA INSTITUICAO;-;
CNPJ;-;
PAIS;Todos;
UF;-;
MUNICIPIO;-;
;
CNPJ;NOME DA INSTITUICAO;ENDERECO;COMPLEMENTO;BAIRRO;CEP;MUNICIPIO;UF;PAIS;DDD;FONE;SITE NA WEB;SITUAÇÃO;
54647259;"321 SOCIEDADE DE CRÉDITO DIRETO S.A.";"AVENIDA CARLOS GOMES, 1492";"CONJUNTO 611";"TRÊS FIGUEIRAS";"90480002";"PORTO ALEGRE";"RS";"Brasil";-;-;-;"Autorizada em Atividade";
36010822;"3X INSTITUIÇÃO DE PAGAMENTO LTDA";"RODOVIA JANUÁRIO CARNEIRO";"N- 9381, SALA 503 - TORRE 2. D ESTAÇÃO NOVA LIMA,";"VILA DA SERRA";"34006057";"BELO HORIZONTE";"MG";"Brasil";-;-;"https://3xpay.co";"Autorizada em Atividade";
76621457;"4UM DISTRIBUIDORA DE TÍTULOS E VALORES MOBILIÁRIOS S.A.";"RUA VISCONDE DO RIO BRANCO, 1.488";"4º ANDAR";"CENTRO";"80420210";"CURITIBA";"PR";"Brasil";-;-;"https://jmi.com.br";"Autorizada em Atividade";
33930368;"7TRUST FINANCE INSTITUICAO DE PAGAMENTO S/A";"ALAMEDA RIO NEGRO, 500";"20 ANDAR - SALA 2003 - ANEXO TORRE 2";"ALPHAVILLE CENT INDU";"06454000";"BARUERI";"SP";"Brasil";-;-;"https://www.7trust.com.br";"Pendente de Validação";
55586562;"8B SERVICOS FINANCEIROS INSTITUICAO DE PAGAMENTO S/A";"RUA DA CONSOLAÇÃO, 1601, 15° ANDAR";-;"CONSOLAÇÃO";"01301100";"SAO PAULO";"SP";"Brasil";-;-;-;"Autorizada sem Atividade";
24313102;"99PAY INSTITUICAO DE PAGAMENTO S.A.";"AVENIDA PAULISTA, 1912";"ANDAR3 SALOES 31 32 E 33 EDIF PAULISTA OFFICE PARK";"BELA VISTA";"01310924";"SAO PAULO";"SP";"Brasil";-;-;"https://99app.com/99pay/";"Autorizada em Atividade";
59379565;"99PAY SOCIEDADE DE CRÉDITO DIRETO S.A.";"AVENIDA PAULISTA, 1912";"3 ANDAR, SALÃO 31";"BELA VISTA";"01310924";"SAO PAULO";"SP";"Brasil";-;-;-;"Autorizada em Atividade";
48172860;"A COOPERATIVA DE ECONOMIA E CRÉDITO MÚTUO DOS FUNCIONÁRIOS DA BRAZIL GR LTDA.";"AV  BRASIL  2567";-;"INDUSTRIAL";"13505900";"RIO CLARO";"SP";"Brasil";-;-;-;"Autorizada em Atividade";
35534511;"A27 INSTITUICAO DE PAGAMENTOS S/A";"AVENIDA 25 DE JULHO, 3000";"SALA G";"VIDEIRAS";"95270000";"FLORES DA CUNHA";"RS";"Brasil";-;-;-;"Autorizada em Atividade";
48756121;"A55 SOCIEDADE DE CRÉDITO DIRETO S.A.";"RUA DA CONSOLAÇÃO, 2302";"CONJUNTO 61";"CONSOLAÇÃO";"01302001";"SAO PAULO";"SP";"Brasil";-;-;-;"Autorizada em Atividade";
33817677;"ABC BRASIL DISTRIBUIDORA DE TÍTULOS E VALORES MOBILIÁRIOS S.A.";"AVENIDA CIDADE JARDIM, 803";"6- ANDAR - CJ 61";"ITAIM BIBI";"01453000";"SAO PAULO";"SP";"Brasil";-;-;"https://www.abcbrasil.com.br";"Autorizada em Atividade";
44527444;"ABN AMRO CLEARING CORRETORA DE TÍTULOS E VALORES MOBILIÁRIOS LTDA.";"RUA FIDENCIO RAMOS  302 308";"11  ANDAR, CJ 111";"VILA OLIMPIA";"04551010";"SAO PAULO";"SP";"Brasil";-;-;"https://www.abnamro.com/br/pt/home";"Autorizada em Atividade";
46410407;"ACCESSTAGE INSTITUIÇÃO DE PAGAMENTO LTDA.";"AVENIDA PAULISTA, 2.313";"8- ANDAR";"BELA VISTA";"01311934";"SAO PAULO";"SP";"Brasil";-;-;-;"Autorizada sem Atividade";
37715993;"ACCREDITO - SOCIEDADE DE CRÉDITO DIRETO S.A.";"RUA BOAVISTA, N- 43";-;"CENTRO";"01014911";"SAO PAULO";"SP";"Brasil";-;-;"https://www.accredito-scd.com.br";"Autorizada em Atividade";
13140088;"ACESSO SOLUÇÕES DE PAGAMENTO S.A. - INSTITUIÇÃO DE PAGAMENTO";"RUA BACAETAVA, 401";"2- ANDAR";"VILA GERTRUDES";"04705010";"SAO PAULO";"SP";"Brasil";-;-;"https://bankly.com.br/";"Autorizada em Atividade";
10868663;"ACG INSTITUIÇÃO DE PAGAMENTO S.A.";"RUA HUNGRIA, 664";"CONJUNTO 121, 12- ANDAR";"JARDIM EUROPA";"01455000";"SAO PAULO";"SP";"Brasil";-;-;"https://www.acgsa.com.br/";"Autorizada em Atividade";
43050917;"ACTIVTRADES CORRETORA DE CÂMBIO, TÍTULOS E VALORES MOBILIÁRIOS LTDA.";"RUA ANGELO LAPORTA 53";"ATICO 1 E 2";"CENTRO";"88020302";"FLORIANOPOLIS";"SC";"Brasil";-;-;"https://www.activtrades.com.br";"Autorizada em Atividade";
44782130;"ACTUAL DISTRIBUIDORA DE TÍTULOS E VALORES MOBILIÁRIOS S.A.";"RUA MARTIM DE CARVALHO, 723";"SALA 1001";"SANTO AGOSTINHO";"30190094";"BELO HORIZONTE";"MG";"Brasil";-;-;-;"Autorizada em Atividade";
84911098;"ADEMICON ADMINISTRADORA DE CONSÓRCIOS S.A.";"AVENIDA SETE DE SETEMBRO  5870";-;"BATEL";"80240001";"CURITIBA";"PR";"Brasil";-;-;"https://www.ademicon.com.br";"Autorizada em Atividade";
6044551;"ADMINISTRADORA DE CONSORCIO NACIONAL GAZIN LTDA";"RUA PEDRELINA DE MACEDO E SILVA  100";"SALA 03";"CENTRO";"87485000";"DOURADINA";"PR";"Brasil";-;-;"https://www.consorciogazin.com.br";"Autorizada em Atividade";
45441789;"ADMINISTRADORA DE CONSORCIO NACIONAL HONDA LTDA";"AV SENADOR ROBERTO SIMONSEN 304";-;"SANTO ANTONIO";"09530401";"SAO CAETANO DO SUL";"SP";"Brasil";-;-;"https://www.consorcionacionalhonda.com.br";"Autorizada em Atividade";
7808907;"ADMINISTRADORA DE CONSORCIOS SICREDI LTDA";"AVENIDA ASSIS BRASIL, 3940";"9- ANDAR";"SÃO SEBASTIÃO";"91060900";"PORTO ALEGRE";"RS";"Brasil";-;-;"https://www.sicredi.com.br";"Autorizada em Atividade";
59999300;"ADMINISTRADORA DE CONSÓRCIO NACIONAL VIME LTDA.";"PRAÇA CAPITÃO VICENTE DIAS, 70 - SOBRE LOJA";-;"CENTRO";"13720000";"SAO JOSE DO RIO PARDO";"SP";"Brasil";-;-;"https://consorciovime.com.br/";"Autorizada em Atividade";
73230674;"ADMINISTRADORA DE CONSÓRCIO RCI BRASIL LTDA";"ALAMEDA EUROPA  150";-;"TAMBORE";"06543325";"SANTANA DE PARNAIBA";"SP";"Brasil";-;-;"https://www.consorciorenault.com.br/clientes?bacen=true";"Autorizada em Atividade";
91341925;"ADMINISTRADORA DE CONSÓRCIO SPENGLER LTDA.";"RUA 28 DE SETEMBRO  1779";"SEDE";"CENTRO";"96810530";"SANTA CRUZ DO SUL";"RS";"Brasil";-;-;"https://www.spengler.com.br";"Autorizada em Atividade";
12228808;"ADMINISTRADORA DE CONSÓRCIO UNICOOB LTDA";"AV. DUQUE DE CAXIAS, 882";"ED. NEW TOWER PLAZA - SL. 2";"NOVO CENTRO";"87020025";"MARINGA";"PR";"Brasil";-;-;"https://www.consorciounicoob.com.br";"Autorizada em Atividade";
3828278;"ADMINISTRADORA DE CONSÓRCIOS BECKER LTDA.";"RUA PADRE MAXIMILIANO VON LASSBERG, 755";"2- ANDAR";"CENTRO";"97900000";"CERRO LARGO";"RS";"Brasil";-;-;"https://www.consorciobecker.com";"Autorizada em Atividade";
31841474;"ADOPAY INSTITUICAO DE PAGAMENTO LTDA";"R CESAR GONCALVES, 265";-;"DISTRITO INDUSTRIAL";"17347604";"BARRA BONITA";"SP";"Brasil";-;-;"https://www.adopay.com.br";-;
14796606;"ADYEN DO BRASIL INSTITUICAO DE PAGAMENTO LTDA.";"AVENIDA DAS NAÇÕES UNIDAS, 14.401";"TORRE PAINEIRA - B2  , ANDAR 8";"VILA GERTRUDES";"04794000";"SAO PAULO";"SP";"Brasil";-;-;"https://www.adyen.com";"Autorizada em Atividade";
60114865;"AFINZ INSTITUIÇÃO DE PAGAMENTO S.A.";"ALAMEDA MAMORE  535";"5  ANDAR  SALAS 501 503";"ALPHAVILLEINDUSTRIAL";"06454910";"BARUERI";"SP";"Brasil";-;-;"https://www.afinz.com.br";"Autorizada em Atividade";
3918382;"AGENCIA DE FOMENTO DE GOIAS S/A";"AVENIDA GOIAS,91";-;"CENTRO";"74005010";"GOIANIA";"GO";"Brasil";-;-;"https://www.fomento.goias.gov.br";"Autorizada em Atividade";
2929977;"AGENCIA DE FOMENTO DO AMAPA S.A.";"RUA CÂNDIDO MENDES, 1111";"PRÉDIO";"CENTRAL";"68900100";"MACAPA";"AP";"Brasil";-;-;"https://www.afap-ap.com.br";"Autorizada em Atividade";
3058464;"AGENCIA DE FOMENTO DO ESTADO DE RORAIMA S/A";"AV. MAJOR WILLIAMS, 1335";-;"CENTRO";"69301110";"BOA VISTA";"RR";"Brasil";-;-;"https://www.desenvolverr.com.br";"Autorizada em Atividade";
5940203;"AGENCIA DE FOMENTO DO ESTADO DO RIO DE JANEIRO S.A.";"AVENIDA RIO BRANCO, 245";"2-, 3-, 4-, 5- E 6- ANDAR";"CENTRO";"20040917";"RIO DE JANEIRO";"RJ";"Brasil";-;-;"https://www.agerio.com.br";"Autorizada em Atividade";
3848103;"AGENCIA DE FOMENTO DO RIO GRANDE DO NORTE S.A.";"RUA SERIDO, 466";-;"PETROPOLIS";"59020010";"NATAL";"RN";"Brasil";-;-;"https://www.agn.rn.gov.br";"Autorizada em Atividade";
10769660;"AGÊNCIA DE FOMENTO DE ALAGOAS S.A.";"RUA DEPUTADO JOSÉ LAJES, 972";"ESQUINA COM RUA JOSÉ JÚLIO SAWER";"PONTA VERDE";"57035330";"MACEIO";"AL";"Brasil";-;-;"https://www.desenvolve-al.com.br";"Autorizada em Atividade";
6284531;"AGÊNCIA DE FOMENTO DO ESTADO DE MATO GROSSO S/A - DESENVOLVE MT";"RUA ENGENHEIRO EDGAR PRADO ARZE, N- 215";"CENTRO POLÍTICO ADMINISTRATIVO";"CENTRO POLÍTICO ADMI";"78049909";"CUIABA";"MT";"Brasil";-;-;"https://www.desenvolve.mt.gov.br";"Autorizada em Atividade";
13178690;"AGÊNCIA DE FOMENTO DO ESTADO DE PERNAMBUCO S.A.";"RUA DO APOLO";"N- 81";"BAIRRO DO RECIFE";"50030220";"RECIFE";"PE";"Brasil";-;-;"https://www.age.pe.gov.br";"Autorizada em Atividade";
82937293;"AGÊNCIA DE FOMENTO DO ESTADO DE SANTA CATARINA S.A.-BADESC";"RUA ALMIRANTE ALVIM, 491";-;"CENTRO";"88015380";"FLORIANOPOLIS";"SC";"Brasil";-;-;"https://www.badesc.gov.br";"Autorizada em Atividade";
3183937;"AGÊNCIA DE FOMENTO DO ESTADO DO AMAZONAS S.A. - AFEAM";"AV. CONSTANTINO NERY, 5733";-;"FLORES";"69058795";"MANAUS";"AM";"Brasil";-;-;"https://www.afeam.org.br";"Autorizada em Atividade";
5474540;"AGÊNCIA DE FOMENTO DO ESTADO DO TOCANTINS S.A.";"PALMAS - TOCANTINS";"CAIXA POSTAL 2516";-;-;"PALMAS";"TO";"Brasil";-;-;"https://www.fomento.to.gov.br";"Autorizada em Atividade";
3584906;"AGÊNCIA DE FOMENTO DO PARANÁ S.A.";"RUA COMENDADOR ARAUJO";"NÚMERO 652";"BATEL";"80420063";"CURITIBA";"PR";"Brasil";-;-;"https://www.fomento.pr.gov.br";"Autorizada em Atividade";
11836226;"AGÊNCIA DE FOMENTO E DESENVOLVIMENTO DO ESTADO DO PIAUÍ S.A.";"RUA ELISEU MARTINS, N- 1240";-;"CENTRO";"64000120";"TERESINA";"PI";"Brasil";-;-;"https://www.badespi.pi.com.br";"Autorizada em Atividade";
13660104;"AGI FINANCEIRA S.A. - SOCIEDADE DE CRÉDITO, FINANCIAMENTO E INVESTIMENTO";"RUA SÉRGIO FERNANDES BORGES SOARES";"PRÉDIO 12-E1";"DISTRITO INDUSTRIAL";"13054709";"CAMPINAS";"SP";"Brasil";-;-;"https://www.agibank.com.br";"Autorizada em Atividade";
250699;"AGK CORRETORA DE CAMBIO S.A.";"RUA DOUTOR RAFAEL DE BARROS 209";"CJ. 91 E 92 - 9 ANDAR";"PARAÍSO";"04003041";"SAO PAULO";"SP";"Brasil";-;-;"https://www.agkcorretora.com.br";"Autorizada em Atividade";
36321990;"AGORACRED S/A SOCIEDADE DE CRÉDITO, FINANCIAMENTO E INVESTIMENTO";"RUA DAS PALMEIRAS, 685";"ED.CONTEMPORÂNEO EMPRESARIAL,SL1002/3, 1007 A1011";"SANTA LÚCIA";"29056210";"VITORIA";"ES";"Brasil";-;-;"https://www.agoracred.com.br";"Autorizada em Atividade";
43774196;"AGROLEND SOCIEDADE DE CREDITO, FINANCIAMENTO E INVESTIMENTO S.A.";"RUA JOAQUIM FLORIANO 960";"ANDAR 11";"ITAIM BIBI";"04534004";"SAO PAULO";"SP";"Brasil";-;-;"https://agrolend.agr.br/";"Autorizada em Atividade";
32246162;"AIBR INSTITUIÇÃO DE PAGAMENTO LTDA.";"AV. BRIGADEIRO FARIA LIMA";"1485 ANDAR 1 E 2";"JARDIM PAULISTANO";"01452002";"SAO PAULO";"SP";"Brasil";-;-;"https://www.antom.com/br";"Pendente de Validação";
27214112;"AL5 S.A. SOCIEDADE DE CRÉDITO, FINANCIAMENTO E INVESTIMENTO";"AVENIDA ANDRÉ ANTÔNIO MAGGI, N- 303";"5- ANDAR";"ALVORADA";"78049080";"CUIABA";"MT";"Brasil";-;-;"https://www.al5amaggi.com.br";"Autorizada em Atividade";
38316293;"ALESTA SOCIEDADE DE CREDITO DIRETO S.A.";"RUA JORGE DE FIGUEIREDO CORREA";-;"JD. PROFA TARCÍLIA";"13087397";"CAMPINAS";"SP";"Brasil";-;-;"https://www.alesta.com.br";"Autorizada em Atividade";
46570800;"ALFA ARRENDAMENTO MERCANTIL S.A.";"AVENIDA PAULISTA, 2.150";"17 ANDAR";"BELA VISTA";"01310300";"SAO PAULO";"SP";"Brasil";-;-;"https://www.safra.com.br/chat-ouvidoria.htm";"Autorizada em Atividade";
62178421;"ALFA CORRETORA DE CAMBIO E VALORES MOBILIARIOS S.A.";"AVENIDA PAULISTA, 2.150";"17 ANDAR";"BELA VISTA";"01310300";"SAO PAULO";"SP";"Brasil";-;-;"https://www.safra.com.br/chat-ouvidoria.htm";"Autorizada em Atividade";
51414521;"ALL IN CRED SOCIEDADE DE CREDITO DIRETO S.A.";"RUA JOSE MARIA LISBOA 747";"CONJUNTO 107";"JARDIM PAULISTA";"01423001";"SAO PAULO";"SP";"Brasil";-;-;"https://www.zilicred.com.br";"Autorizada em Atividade";
90982679;"ALPHA ADMINISTRADORA DE CONSÓRCIO LTDA.";"AV. SETE DE SETEMBRO, 665";-;"CENTRO";"99700000";"ERECHIM";"RS";"Brasil";-;-;"https://www.alphadministradora.com.br";"Autorizada em Atividade";
17312661;"AMARIL FRANKLIN CORRETORA DE TÍTULOS E VALORES LTDA";"RUA GUAJAJARAS,581";"3º E 5º ANDARES";"CENTRO";"30180100";"BELO HORIZONTE";"MG";"Brasil";-;-;"https://www.amarilfranklin.com.br";"Autorizada em Atividade";
54211458;"AMICORP DISTRIBUIDORA DE TÍTULOS E VALORES MOBILIÁRIOS LTDA.";"RUA HELENA 260";"CONJ 144";"VILA OLIMPIA";"04552050";"SAO PAULO";"SP";"Brasil";-;-;"https://www.amicorp.com";"Autorizada sem Atividade";
60375243;"ANCORA ADMINISTRADORA DE CONSORCIOS S.A.";"AVENIDA DR  ANTONIO BARBOSA FILHO  1260";-;"JARDIM CONSOLACAO";"14400005";"FRANCA";"SP";"Brasil";-;-;"https://www.ancoraconsorcios.com.br";"Autorizada em Atividade";
67600379;"ANDBANK DISTRIBUIDORA DE TÍTULOS E VALORES MOBILIÁRIOS LTDA.";"AV. BRIGADEIRO FARIA LIMA, Nº 2179";"8º ANDAR - CONJUNTO 81 - PARTE";"JARDIM PAULISTANO";"01452000";"SAO PAULO";"SP";"Brasil";-;-;"https://www.lla.com.br";"Autorizada em Atividade";
3832228;"APEC - ADMINISTRADORA DE CONSORCIOS S/A";"RUA 7 DE SETEMBRO 821";-;"CENTRO";"36200078";"BARBACENA";"MG";"Brasil";-;-;"https://consorcioapec.com.br";"Autorizada em Atividade";
37168145;"APROMS NET INSTITUICAO DE PAGAMENTO LTDA.";"RUA DOUTOR NELSON DE ARAÚJO, 340";"1 ANDAR, SALA 02";"JARDIM AMÉRICA";"79824312";"DOURADOS";"MS";"Brasil";-;-;-;"Autorizada em Atividade";
16876258;"APTARE MOBILE TECNOLOGIA DA INFORMACAO LTDA";"AV SANTOS DUMONT, 2828";"SALA 2001-2002";"ALDEOTA";"60150162";"FORTALEZA";"CE";"Brasil";-;-;"https://www.aptare.com.br";-;
57654096;"APUSDIGITAL INSTITUICAO DE PAGAMENTO LTDA";"AVENIDA BRIGADEIRO FARIA LIMA, 1355";"SALA 1202 A";"JARDIM PAULISTANO";"01452919";"SAO PAULO";"SP";"Brasil";-;-;-;"Autorizada em Atividade";
4684647;"ARC CORRETORA DE CAMBIO, ASSOCIADOS GOUVEIA, CAMPEDELLI S.A.";"RUA DO COMERCIO,55 -7ANDAR- CONJUNTO 74B";-;"CENTRO";"11010141";"SANTOS";"SP";"Brasil";-;-;"https://www.arccorretora.com.br";"Autorizada em Atividade";
42259084;"ARTTA SOCIEDADE DE CRÉDITO DIRETO S.A";"RUA MARECHAL DEODORO, N- 630";"21- ANDAR - CONJUNTO 2102/2104 -";"CENTRO";"80035010";"CURITIBA";"PR";"Brasil";-;-;"https://artta.com.br/";"Autorizada em Atividade";
48703388;"ASA SOCIEDADE DE CRÉDITO FINANCIAMENTO E INVESTIMENTO S.A.";"ALAMEDA SANTOS";"9- ANDAR - CONJUNTO 91";"CERQUEIRA CESAR";"01419100";"SAO PAULO";"SP";"Brasil";-;-;-;"Autorizada em Atividade";
19540550;"ASAAS GESTÃO FINANCEIRA INSTITUIÇÃO DE PAGAMENTO S.A.";"AV  ROLF WIEST  277";"SALA N  814";"BOM RETIRO";"89223005";"JOINVILLE";"SC";"Brasil";-;-;"https://www.asaas.com/";"Autorizada em Atividade";
48786608;"ASAAS SOCIEDADE DE CRÉDITO, FINANCIAMENTO E INVESTIMENTO S.A.";"AVENIDA ROLF WIEST";"277  SALA 820";"BOM RETIRO";"89223005";"JOINVILLE";"SC";"Brasil";-;-;-;"Autorizada em Atividade";
5289612;"ASPENFIN-BR - SOCIEDADE DE CRÉDITO AO MICROEMPREENDEDOR E A EMPRESA DE PEQUENO PORTE LTDA.";"RUA GENERAL VITORINO, 305";"SALA 301";"CENTRO";"90020171";"PORTO ALEGRE";"RS";"Brasil";-;-;"https://www.aspeciremprestimos.com.br";"Autorizada em Atividade";
13548938;"ASSOCIACAO BAHIANA DE MEDICINA ABM";"RUA BAEPENDI, 162";"CASA";"ONDINA";"40170070";"SALVADOR";"BA";"Brasil";-;-;"https://www.abmnet.org.br";"Autorizada em Atividade";
655522;"ASSOCIACAO DE POUPANCA E EMPRESTIMO - POUPEX";"AV. DUQUE DE CAXIAS  S/N";"PARTE A";"SETOR MILITAR URBANO";"70630902";"BRASILIA";"DF";"Brasil";-;-;"https://www.poupex.com.br";"Autorizada em Atividade";
92965748;"ASSOCIACAO DOS JUIZES DO RIO GRANDE DO SUL";"RUA CELESTE GOBBATO, 81";-;"PRAIA DE BELAS";"90110160";"PORTO ALEGRE";"RS";"Brasil";-;-;"https://www.ajuris.org.br";"Autorizada em Atividade";
56913800;"ASTRA INSTITUIÇÃO DE PAGAMENTO LTDA.";"AVENIDA BRIGADEIRO FARIA LIMA N- 1.461,";"4- ANDAR";"JARDIM PAULISTA";"01452002";"SAO PAULO";"SP";"Brasil";-;-;"https://astrait.com.br/";"Autorizada sem Atividade";
34006497;"ASTRO INSTITUICAO DE PAGAMENTO LTDA.";"RUA BUTANTÃ, 194";"2 ANDAR, SALA 107";"PINHEIROS";"05424000";"SAO PAULO";"SP";"Brasil";-;-;"https://www.astropay.com/pt";"Autorizada em Atividade";
44728700;"ATF SOCIEDADE DE CRÉDITO DIRETO S.A.";"R  MOSTARDEIRO  322";"SALA 1201";"MOINHOS DE VENTO";"90430000";"PORTO ALEGRE";"RS";"Brasil";-;-;"https://www.atf.com.br";"Autorizada em Atividade";
44478623;"ATICCA - SOCIEDADE DE CRÉDITO DIRETO S.A.";"RUA PADRE DUARTE  N  151";"1  ANDAR   SALA 11";"CENTRO";"14800360";"ARARAQUARA";"SP";"Brasil";-;-;"https://www.aticca.com.br";"Autorizada em Atividade";
33775974;"ATIVA INVESTIMENTOS S.A. CORRETORA DE TÍTULOS, CÂMBIO E VALORES";"AVENIDA DAS AMERICAS 3.500";"SALAS 311 A 318, BLOCO 01, ED. LONDRES";"BARRA DA TIJUCA";"22640102";"RIO DE JANEIRO";"RJ";"Brasil";-;-;"https://www.ativainvestimentos.com.br";"Autorizada em Atividade";
4772908;"ATLANTA SOCIEDADE DE CRÉDITO AO MICROEMPREENDEDOR LTDA";"RUA BARAO DE PASSOS, 393";-;"CENTRO";"37900048";"PASSOS";"MG";"Brasil";-;-;-;"Autorizada em Atividade";
27126513;"ATLAS BRASIL INSTITUICAO DE PAGAMENTO LTDA";"AVENIDA BRIGADEIRO FARIA LIMA, 4055, 1 ANDAR";"SALA CONJUNTO 01-110";"ITAIM";"04538133";"SAO PAULO";"SP";"Brasil";-;-;"https://www.arqfinance.com/pt-br";-;
5956581;"ATRIA S.A.- CRÉDITO, FINANCIAMENTO E INVESTIMENTO";"AV. DAS ARAUCARIAS 5126";"SALA 6";"CHAPADA";"83707000";"ARAUCARIA";"PR";"Brasil";-;-;-;"Autorizada em Atividade";
44323831;"ATUAL CORRETORA DE CÂMBIO LTDA.";"AVENIDA PROFESSORA IZORAIDA MARQUES PERES, 256";"SALA 23";"CAMPOLIM";"18048110";"SOROCABA";"SP";"Brasil";-;-;"https://www.atualcambio.com.br";"Autorizada em Atividade";
7398335;"AUTHPAY INSTITUICAO DE PAGAMENTO LTDA";"AVENIDA TAQUARA, N- 375";"3- ANDAR, SALA 401";"PETROPOLIS";"90460210";"PORTO ALEGRE";"RS";"Brasil";-;-;"https://www.authpay.com.br";-;
20308187;"AVANCARD PROVER INSTITUIÇÃO DE PAGAMENTO LTDA";"RUA 24 DE MAIO, 399, 2- ANDAR, SALA A";"2- ANDAR, SALA A";"CENTRO";"69010080";"MANAUS";"AM";"Brasil";-;-;-;"Autorizada em Atividade";
61384004;"AVENUE SECURITIES BANCO DE INVESTIMENTO S.A.";"RUA MARIA CAROLINA, N° 624";"CONJUNTO 42, 4- ANDAR";"JARDIM PAULISTANO";"01445000";"SAO PAULO";"SP";"Brasil";-;-;"https://dtvm.avenue.us/";"Autorizada em Atividade";
3443143;"AVIPAM CORRETORA DE CAMBIO LTDA";"RUA DA ASSEMBLEIA 51";"9- ANDAR";"CENTRO";"20011001";"RIO DE JANEIRO";"RJ";"Brasil";-;-;"https://www.avipamcambio.com.br";"Autorizada em Atividade";
4838403;"AVIV INSTITUICAO DE PAGAMENTO S.A";"AV ALVARO OTACILIO 3731";"SALA 302 - COND JTR EDIFICIO ITALIA";"JATIUCA";"57036850";"SAO PAULO";"SP";"Brasil";-;-;"https://www.avivpay.com.br";-;
25280945;"AVS CORRETORA DE CÂMBIO LTDA.";"RUA MARECHAL DEODORO, 630";"5 ANDAR - CONJUNTO 502";"CENTRO";"80010010";"CURITIBA";"PR";"Brasil";-;-;"https://www.avscambio.com.br";"Autorizada em Atividade";
52076716;"AWX BRASIL  INSTITUICAO DE PAGAMENTO LTDA";"AVENIDA BRIGADEIRO LUIZ ANTÔNIO, 300";"10- ANDAR, CONJUNTO 104";"BELA VISTA";"01318903";"SAO PAULO";"SP";"Brasil";-;-;-;"Autorizada em Atividade";
18684408;"AZIMUT BRASIL DISTRIBUIDORA DE TÍTULOS E VALORES MOBILIÁRIOS LTDA";"RUA LEOPOLDO COUTO DE MAGALHÃES";"14- ANDAR";"ITAIM BIBI";"04542000";"SAO PAULO";"SP";"Brasil";-;-;"https://www.azimutbrasil.com.br/azwealth/";"Autorizada em Atividade";
40434681;"AZUMI DISTRIBUIDORA DE TÍTULOS E VALORES MOBILIÁRIOS LTDA.";"AVENIDA DAS NAÇÕES UNIDAS, N- 14.171";"3ANDAR,CONJ 302,ED. ROCH TOWERS,TORRREC, CRYSTAL";"VILA GERTRUDES";"04794000";"SAO PAULO";"SP";"Brasil";-;-;-;"Autorizada em Atividade";
74014747;"ÁGORA CORRETORA DE TITULOS E VALORES MOBILIARIOS S.A.";"AVENIDA PRESIDENTE JUSCELINO KUBITSCHEK, 1.309";"4°, 5° E 11° ANDARES";"VILA OLÍMPIA";"04543011";"SAO PAULO";"SP";"Brasil";-;-;"https://www.agorainvest.com.br";"Autorizada em Atividade";
3762583;"ÁPICE ADMINISTRADORA DE CONSORCIO LTDA";"AVENIDA PLAZA";"SALA A 1 - EDIFÍCIO CAMPUS OFFICE";"JARDIM PARAÍSO";"13302100";"ITU";"SP";"Brasil";-;-;"https://www.consorcioapice.com.br";"Autorizada em Atividade";
47825528;"B3 INSTITUICAO DE PAGAMENTO LTDA";"PRAÇA ANTÔNIO PRADO";"N°48, 1O ANDAR - SALA 1";"CENTRO";"01010901";"SAO PAULO";"SP";"Brasil";-;-;-;"Autorizada em Atividade";
33735811;"B91 INSTITUICAO DE PAGAMENTO S.A";"AVENIDA PAULISTA N- 1842";"CONJ. 178";"BELA VISTA";"01310923";"SAO PAULO";"SP";"Brasil";-;-;-;-;
2885855;"BADESUL DESENVOLVIMENTO S.A - AGÊNCIA DE FOMENTO/RS";"RUA ANDRADE NEVES, 175";-;"CENTRO";"90010210";"PORTO ALEGRE";"RS";"Brasil";-;-;"https://www.badesul.com.br";"Autorizada em Atividade";
71045363;"BAMAQ ADMINISTRADORA DE CONSÓRCIOS LTDA";"AV ISRAEL PINHEIRO DA SILVA";"LOJA 20";"CENTRO";"34.300-000";"RIO ACIMA";"MG";"Brasil";-;-;"https://www.bamaqconsorcio.com.br";"Autorizada em Atividade";
48528314;"BAMAQ CAPITAL - SOCIEDADE DE CRÉDITO DIRETO S/A";"RODOVIA BR 381, N- 2111";"BLOCO A, ANDAR 01, SALA 05";"AMAZONAS";"32240090";"CONTAGEM";"MG";"Brasil";-;-;-;"Autorizada em Atividade";
;"BAMBOO DISTRIBUIDORA DE TÍTULOS E VALORES MOBILIÁRIOS LTDA.";"R GOMES DE CARVALHO 1629";"CONJ 142";"VILA OLIMPIA";"04547006";"SAO PAULO";"SP";"Brasil";-;-;-;"Autorizada sem Atividade";
28195667;"BANCO ABC BRASIL S.A.";"AVENIDA CIDADE JARDIM, 803";"2- ANDAR";"ITAIM BIBI";"01453000";"SAO PAULO";"SP";"Brasil";-;-;"https://www.abcbrasil.com.br";"Autorizada em Atividade";
3532415;"BANCO ABN AMRO CLEARING S.A.";"RUA FIDENCIO RAMOS  302 308";"11  ANDAR  CONJUNTO 111";"VILA OLIMPIA";"04551010";"SAO PAULO";"SP";"Brasil";-;-;"https://www.abnamro.com/br/pt/home";"Autorizada em Atividade";
4814563;"BANCO AFINZ S.A. - BANCO MÚLTIPLO";"RUA QUINZE DE NOVEMBRO  45";"6  ANDAR";"CENTRO";"18010080";"SOROCABA";"SP";"Brasil";-;-;"https://www.afinz.com.br";"Autorizada em Atividade";
10664513;"BANCO AGIBANK S.A.";"RUA SERGIO FERNANDES BORGES SOARES, 1000";"PREDIO 12 E-1";"DISTRITO INDUSTRIAL";"13054709";"CAMPINAS";"SP";"Brasil";-;-;"https://www.agibank.com.br";"Autorizada em Atividade";
60770336;"BANCO ALFA DE INVESTIMENTO S.A.";"AVENIDA PAULISTA 2.150";"17 ANDAR";"BELA VISTA";"01310300";"SAO PAULO";"SP";"Brasil";-;-;"https://www.safra.com.br/chat-ouvidoria.htm";"Autorizada em Atividade";
3323840;"BANCO ALFA S.A.";"AVENIDA PAULISTA, 2.150";"17 ANDAR";"BELA VISTA";"01310300";"SAO PAULO";"SP";"Brasil";-;-;"https://www.safra.com.br/chat-ouvidoria.htm";"Autorizada em Atividade";
48795256;"BANCO ANDBANK (BRASIL) S.A.";"AVENIDA BRIGADEIRO FARIA LIMA  2179";"8  ANDAR";"JARDIM PAULISTANO";"01452000";"SAO PAULO";"SP";"Brasil";-;-;"https://www.andbank.com.br";"Autorizada em Atividade";
54403563;"BANCO ARBI S.A.";"AVENIDA NIEMEYER Nº 02";"TERREO, PARTE";"LEBLON";"22450220";"RIO DE JANEIRO";"RJ";"Brasil";-;-;"https://www.bancoarbi.com.br";"Autorizada em Atividade";
997185;"BANCO B3 S.A.";"RUA JOÃO BRÍCOLA, 59";"4- ANDAR";"CENTRO";"01014010";"SAO PAULO";"SP";"Brasil";-;-;"https://www2.bmfbovespa.com.br/bancob3/pt-br/index.html";"Autorizada em Atividade";
10866788;"BANCO BANDEPE S.A.";"AVENIDA PRESIDENTE JUSCELINO KUBITSCHEK  2041";"CJ 111  PARTE 1  BLOCO A  COND  WTORRE JK";"VILA NOVA CONCEICAO";"04543011";"SAO PAULO";"SP";"Brasil";-;-;"https://www.santander.com.br";"Autorizada em Atividade";
556603;"BANCO BARI DE INVESTIMENTOS E FINANCIAMENTOS S.A.";"AV  SETE DE SETEMBRO  4781";"CONJUNTO 02";"AGUA VERDE";"80250205";"CURITIBA";"PR";"Brasil";-;-;"https://www.bancobari.com.br";"Autorizada em Atividade";
15124464;"BANCO BESA S.A.";"AV PRES JUSCELINO KIBITSCHEK, N- 1830";"EDIF. SAO LUIZ-    TORRE 3-     1- ANDAR";"VILA NOVA CONCEICAO";"04543900";"SAO PAULO";"SP";"Brasil";-;-;-;"Autorizada em Atividade";
50585090;"BANCO BMG CONSIGNADO S.A.";"PRESIDENTE JUSCELINO KUBITSCHEK, N- 1830";"SL 101, PARTE, BL 01, 10- ANDAR, COND. SÃO LUIZ";"VL NOVA CONCEIÇÃO";"04543000";"SAO PAULO";"SP";"Brasil";-;-;"https://www.bancobmg.com.br/sobre-bmg/consignado-sa/";"Autorizada em Atividade";
61186680;"BANCO BMG S.A.";"AVENIDA PRESIDENTE JUSCELINO KUBITSCHEK  N 1830";"9  10 E 14 ANDARES   PARTE COND ED S LUIZ";"VILA NOVA CONCEICAO";"04543000";"SAO PAULO";"SP";"Brasil";-;-;"https://www.bancobmg.com.br";"Autorizada em Atividade";
62421979;"BANCO BMG SOLUÇÕES FINANCEIRAS S.A.";"AVENIDA PRESIDENTE JUSCELINO KUBITSCHEK, N- 1830";"SL 102, PARTE, BL 02, 10- ANDAR, COND ED SÃO LUIZ";"VL NOVA CONCEIÇÃO";"04543000";"SAO PAULO";"SP";"Brasil";-;-;"https://www.bancobmg.com.br/sobre-bmg/solucoes-financeiras/";"Autorizada em Atividade";
1522368;"BANCO BNP PARIBAS BRASIL S.A.";"AV PRES JUSCELINO KUBITSCHEK, 1909 - TORRE SUL";"9- A 11- ANDARES";"VILA NOVA CONCEIÇÃO";"04543011";"SAO PAULO";"SP";"Brasil";-;-;"https://www.bnpparibas.com.br";"Autorizada em Atividade";
15114366;"BANCO BOCOM BBM S.A.";"RUA EWERTON VISCO 290";"EDIFÍCIO BOULEVARD SIDE EMPRESARIAL SALA 809";"CAMINHO DAS ÁRVORES";"41820022";"SALVADOR";"BA";"Brasil";-;-;"https://www.bocombbm.com.br";"Autorizada em Atividade";
4184779;"BANCO BRADESCARD S.A.";"NÚCLEO CIDADE DE DEUS";"PRÉDIO PRATA, 4- ANDAR";"VILA YARA";"06029900";"OSASCO";"SP";"Brasil";-;-;"https://www.bradescard.com.br";"Autorizada em Atividade";
6271464;"BANCO BRADESCO BBI S.A.";"NUCLEO CIDADE DE DEUS  PREDIO PRATA";"4  ANDAR";"VILA YARA";"06029900";"OSASCO";"SP";"Brasil";-;-;"https://www.bradescobbi.com.br";"Autorizada em Atividade";
33147315;"BANCO BRADESCO BERJ S.A.";"NUCLEO CIDADE DE DEUS";"PREDIO PRATA  4  ANDAR";"VILA YARA";"06029900";"OSASCO";"SP";"Brasil";-;-;-;"Autorizada em Atividade";
7207996;"BANCO BRADESCO FINANCIAMENTOS S.A.";"NUCLEO CIDADE DE DEUS  S N";"PREDIO PRATA  4  ANDAR";"VILA YARA";"06029900";"OSASCO";"SP";"Brasil";-;-;"https://financiamentos.bradesco";"Autorizada em Atividade";
60746948;"BANCO BRADESCO S.A.";"NUCLEO CIDADE DE DEUS  S N";"PREDIO VERMELHO  4  ANDAR";"VILA YARA";"06029900";"OSASCO";"SP";"Brasil";-;-;"https://banco.bradesco/";"Autorizada em Atividade";
1852137;"BANCO BRASILEIRO DE CRÉDITO SOCIEDADE ANÔNIMA";"RUA DR. RENATO PAES DE BARROS,1017";"10° ANDAR -EDIFÍCIO CORPORATE PARK";"ITAIM BIBI";"04530001";"SAO PAULO";"SP";"Brasil";-;-;"https://bancobbcdigital.com.br/";"Autorizada em Atividade";
71027866;"BANCO BS2 S.A.";"AVENIDA RAJA GABAGLIA, 1.143";"16 ANDAR";"LUXEMBURGO";"30380403";"BELO HORIZONTE";"MG";"Brasil";-;-;"https://wa.me/31971440936";"Autorizada em Atividade";
30306294;"BANCO BTG PACTUAL S.A.";"PRAIA DE BOTAFOGO  501  5  E 6  ANDARES";"TORRE CORCOVADO";"BOTAFOGO";"22250040";"RIO DE JANEIRO";"RJ";"Brasil";-;-;"https://www.btgpactual.com/apoio-ao-cliente.html";"Autorizada em Atividade";
1858774;"BANCO BV S.A.";"AVENIDA DAS NACOES UNIDAS   14171";"TORRE A  12 ANDAR   PARTE";"VILA GERTRUDES";"04794000";"SAO PAULO";"SP";"Brasil";-;-;"https://www.bv.com.br/";"Autorizada em Atividade";
61348538;"BANCO C6 CONSIGNADO S.A.";"AVENIDA NOVE DE JULHO 3148";-;"JARDIM PAULISTA";"01406000";"SAO PAULO";"SP";"Brasil";-;-;"https://api.whatsapp.com/send?phone=551128895367";"Autorizada em Atividade";
31872495;"BANCO C6 S.A.";"AVENIDA NOVE DE JULHO  3186";-;"JARDIM PAULISTA";"01406000";"SAO PAULO";"SP";"Brasil";-;-;"https://api.whatsapp.com/send?phone=551128895367";"Autorizada em Atividade";
33466988;"BANCO CAIXA GERAL - BRASIL S.A.";"AVENIDA PRESIDENTE JUSCELINO KUBITSCHEK, N- 1830";"13- ANDAR, CONJ. 132 - BLOCO 2";"VILA NOVA CONCEIÇÃO";"04543900";"SAO PAULO";"SP";"Brasil";-;-;"https://www.bcgbrasil.com.br";"Autorizada em Atividade";
3609817;"BANCO CARGILL S.A.";"AVENIDA DR  CHUCRI ZAIDAN";"1 240   8 ANDAR";"VILA SAO FRANCISCO";"04711130";"SAO PAULO";"SP";"Brasil";-;-;"https://www.bancocargill.com.br";"Autorizada em Atividade";
2658435;"BANCO CATERPILLAR S.A.";"AVENIDA DAS NACOES UNIDAS, 14171";"ED. TORRE B MARBLE - 10- - ANDAR";"VILA GERTRUDES";"04794000";"SAO PAULO";"SP";"Brasil";-;-;"https://www.catfinancial.com.br";"Autorizada em Atividade";
33132044;"BANCO CEDULA S.A.";"RUA GONCALVES DIAS, 65 A 67";-;"CENTRO";"20050030";"RIO DE JANEIRO";"RJ";"Brasil";-;-;"https://www.bancocedula.com.br";"Autorizada em Atividade";
33479023;"BANCO CITIBANK S.A.";"AV  PAULISTA 1111   2  ANDAR";"PARTE";"BELA VISTA";"01311920";"SAO PAULO";"SP";"Brasil";-;-;"https://www.citibank.com.br";"Autorizada em Atividade";
31597552;"BANCO CLASSICO S.A.";"RUA VINICIUS DE MORAES, 266";-;"IPANEMA";"22411010";"RIO DE JANEIRO";"RJ";"Brasil";-;-;"https://bancoclassico.com.br";"Autorizada em Atividade";
2992446;"BANCO CNH INDUSTRIAL CAPITAL S.A.";"AV JUSCELINO KUBITSCHEK DE OLIVEIRA";"11825   PARTE";"CIC";"81450903";"CURITIBA";"PR";"Brasil";-;-;"https://www.cnhindustrialcapital.com/pt_br";"Autorizada em Atividade";
2038232;"BANCO COOPERATIVO SICOOB S.A. - BANCO SICOOB";"SIG - SETOR DE INDÚSTRIAS GRÁFICAS, QUADRA 06";"NÚMERO 2.080";"SIG";"70610460";"BRASILIA";"DF";"Brasil";-;-;"https://www.sicoob.com.br";"Autorizada em Atividade";
1181521;"BANCO COOPERATIVO SICREDI S.A.";"AV. ASSIS BRASIL, 3940 - 12- ANDAR";-;"SÃO SEBASTIÃO";"91060900";"PORTO ALEGRE";"RS";"Brasil";-;-;"https://www.sicredi.com.br";"Autorizada em Atividade";
61033106;"BANCO CREFISA S.A.";"RUA CANADA 390";-;"JARDIM AMERICA";"01436000";"SAO PAULO";"SP";"Brasil";-;-;"https://www.crefisa.com.br";"Autorizada em Atividade";
75647891;"BANCO CRÉDIT AGRICOLE BRASIL S.A.";"AVENIDA BRIGADEIRO FARIA LIMA 3900";"9 ANDAR";"ITAIM BIBI";"04538132";"SAO PAULO";"SP";"Brasil";-;-;"https://www.ca-cib.com.br";"Autorizada em Atividade";
8357240;"BANCO CSF S.A.";"AVENIDA DOUTORA RUTH CARDOSO 4777";"CONDOMÍNIO EDIFÍCIO VILLA LOBOS - 2 ANDAR";"JD. UNIV. PINHEIROS";"05477903";"SAO PAULO";"SP";"Brasil";-;-;"https://www.carrefoursolucoes.com.br";"Autorizada em Atividade";
4902979;"BANCO DA AMAZONIA S.A.";"AV. PRESIDENTE VARGAS, 800";-;"CAMPINA";"66017000";"BELEM";"PA";"Brasil";-;-;"https://www.bancoamazonia.com.br";"Autorizada em Atividade";
10690848;"BANCO DA CHINA BRASIL S.A.";"AV. PAULISTA, 901";"14- ANDAR";"BELA VISTA";"01311100";"SAO PAULO";"SP";"Brasil";-;-;"https://www.bankofchina.com/br/pt/";"Autorizada em Atividade";
62232889;"BANCO DAYCOVAL S.A.";"AV.  PAULISTA  N- 1793";-;"BELA VISTA";"01311200";"SAO PAULO";"SP";"Brasil";-;-;"https://www.daycoval.com.br";"Autorizada em Atividade";
38486817;"BANCO DE DESENVOLVIMENTO DE MINAS GERAIS S.A.-BDMG";"RUA DA BAHIA, 1600";-;"LOURDES";"30160907";"BELO HORIZONTE";"MG";"Brasil";-;-;"https://www.bdmg.mg.gov.br";"Autorizada em Atividade";
28145829;"BANCO DE DESENVOLVIMENTO DO ESPIRITO SANTO S.A.";"AV. PRINCESA ISABEL, 54, ED. CAPARAÓ";"TÉRREO, MEZANINO E  2- AO 14- ANDAR";"CENTRO";"29010906";"VITORIA";"ES";"Brasil";-;-;"https://www.bandes.com.br";"Autorizada em Atividade";
33987793;"BANCO DE INVESTIMENTOS UBS (BRASIL) S.A.";"RUA LEOPOLDO COUTO DE MAGALHÃES JR., 700";"10- ANDAR (PARTE  E 12- A 14- ANDARES (PARTES";"ITAIM BIBI";"04541000";"SAO PAULO";"SP";"Brasil";-;-;"https://www.ubs.com/br/pt.html";"Autorizada em Atividade";
33042151;"BANCO DE LA NACION ARGENTINA";"AV. PAULISTA, 2319";-;"CERQUEIRA CESAR";"01311300";"SAO PAULO";"SP";"Brasil";-;-;"https://www.bnabr.com.br";"Autorizada em Atividade";
44189447;"BANCO DE LA PROVINCIA DE BUENOS AIRES";"RUA LIBERO BADARO, 425, 26. ANDAR";-;"CENTRO";"01009000";"SAO PAULO";"SP";"Brasil";-;-;-;"Autorizada em Atividade";
5040481;"BANCO DE LAGE LANDEN BRASIL S.A.";"RUA SOLEDADE, N° 550";"8° ANDAR";"PETRÓPOLIS";"90470340";"PORTO ALEGRE";"RS";"Brasil";-;-;"https://www.bancodll.com.br";"Autorizada em Atividade";
92874270;"BANCO DIGIMAIS S.A.";"RUA ARIZONA, 1426";"9 ANDAR - CONJUNTOS 91 E 92";"CIDADE MONÇÕES";"04567003";"SAO PAULO";"SP";"Brasil";-;-;"https://www.bancodigimais.com.br";"Autorizada em Atividade";
27098060;"BANCO DIGIO S.A.";"ALAMEDA XINGU, 512";"7 E 10 AND, PARTE, EDIF COND EVOLUTION CORPORATE";"ALPHAVILLE";"06455030";"BARUERI";"SP";"Brasil";-;-;"https://www.digio.com.br";"Autorizada em Atividade";
0;"BANCO DO BRASIL S.A.";"SAUN QUADRA 5  BLOCO B  TORRE SUL  4  ANDAR";"EDIFICIO BANCO DO BRASIL";"ASA NORTE";"70040912";"BRASILIA";"DF";"Brasil";-;-;"https://www.bb.com.br";"Autorizada em Atividade";
13009717;"BANCO DO ESTADO DE SERGIPE S.A.";"RUA OLIMPIO DE SOUZA CAMPOS JUNIOR  31";"CENTRO ADMINISTRATIVO";"INACIO BARBOSA";"49040840";"ARACAJU";"SE";"Brasil";-;-;"https://www.banese.com.br";"Autorizada em Atividade";
4913711;"BANCO DO ESTADO DO PARÁ S.A.";"AV. PRESIDENTE VARGAS, 251";"EDF. BANPARÁ, 4- ANDAR";"CAMPINA";"66010000";"BELEM";"PA";"Brasil";-;-;"https://www.banpara.b.br";"Autorizada em Atividade";
92702067;"BANCO DO ESTADO DO RIO GRANDE DO SUL S.A.";"RUA CAPITAO MONTANHA  177";-;"CENTRO";"90018900";"PORTO ALEGRE";"RS";"Brasil";-;-;"https://www.banrisul.com.br";"Autorizada em Atividade";
7237373;"BANCO DO NORDESTE DO BRASIL S.A.";"AVENIDA DR. SILAS MUNGUBA";"5700";"PASSARE";"60743902";"FORTALEZA";"CE";"Brasil";-;-;"https://www.bnb.gov.br";"Autorizada em Atividade";
33644196;"BANCO FATOR S.A.";"RUA DR  RENATO PAES DE BARROS  N  1017";"12  ANDAR";"ITAIM BIBI";"04530001";"SAO PAULO";"SP";"Brasil";-;-;"https://www.fator.com.br";"Autorizada em Atividade";
58616418;"BANCO FIBRA S.A.";"AVENIDA DOUTORA RUTH CARDOSO, N. 8.501";"14 E 15 ANDAR (PARTE  EDF. ELDORADO BUSINESS TOWER";"PINHEIROS";"05425070";"SAO PAULO";"SP";"Brasil";-;-;"https://www.bancofibra.com.br";"Autorizada em Atividade";
11758741;"BANCO FINAXIS S.A.";"RUA PASTEUR  463";"11 ANDAR";"AGUA VERDE";"80250104";"CURITIBA";"PR";"Brasil";-;-;"https://www.finaxis.com.br";"Autorizada em Atividade";
45246410;"BANCO GENIAL S.A.";"PRAIA DE BOTAFOGO, N 228";"SALA 907 PARTE";"BOTAFOGO";"22250906";"RIO DE JANEIRO";"RJ";"Brasil";-;-;"https://www.genial.com.vc";"Autorizada em Atividade";
59274605;"BANCO GM S.A.";"AVENIDA DAS NAÇÕES UNIDAS, 12.495";"TORRE A, 6, 10 E 11 ANDARES";"BROOKLIN PAULISTA";"04578000";"SAO PAULO";"SP";"Brasil";-;-;"https://www.chevroletsf.com.br";"Autorizada em Atividade";
31880826;"BANCO GUANABARA S.A.";"AVENIDA DAS AMERICAS, 3434";"BLOCO 6 - 5- ANDAR";"BARRA DA TIJUCA";"22640102";"RIO DE JANEIRO";"RJ";"Brasil";-;-;"https://www.bancoguanabara.com.br";"Autorizada em Atividade";
3634220;"BANCO HONDA S.A.";"RUA DOUTOR JOSE AUREO BUSTAMANTE   377";"3  ANDAR";"SANTO AMARO";"04710090";"SAO PAULO";"SP";"Brasil";-;-;"https://www.bancohonda.com.br";"Autorizada em Atividade";
53518684;"BANCO HSBC S.A.";"AVENIDA PRESIDENTE JUSCELINO KUBITSCHEK, 1909";"TORRE NORTE, 19 ANDAR, COND SP CORPORATE TOWERS";"VILA OLIMPIA";"04551060";"SAO PAULO";"SP";"Brasil";-;-;"https://www.hsbc.com.br";"Autorizada em Atividade";
30172491;"BANCO HYUNDAI CAPITAL BRASIL S.A.";"AVENIDA DAS NACOES UNIDAS  14 171";"24  ANDAR";"VILA GERTRUDES";"04794000";"SAO PAULO";"SP";"Brasil";-;-;"https://www.bhcb.com.br/";"Autorizada em Atividade";
34270520;"BANCO IBM S.A.";"AVENIDA REPUBLICA DO CHILE  330";"12  ANDAR  BLOCO 2  SALA 1201 PARTE 3";"CENTRO";"20031170";"RIO DE JANEIRO";"RJ";"Brasil";-;-;"https://www.ibm.com.br";"Autorizada em Atividade";
4866275;"BANCO INBURSA S.A.";"RUA HENRI DUNANT, 780";"ANDAR 6 EDIF TORRE B";"SANTO AMARO";"04709110";"SAO PAULO";"SP";"Brasil";-;-;"https://www.bancoinbursa.com.br";"Autorizada em Atividade";
33588252;"BANCO INDUSCRED DE INVESTIMENTO S.A.";"ALAMEDA SANTOS  1357";"MEZANINO";"CERQUEIRA CESAR";"01419908";"SAO PAULO";"SP";"Brasil";-;-;"https://www.bancoinduscred.com.br";"Autorizada em Atividade";
31895683;"BANCO INDUSTRIAL DO BRASIL S.A.";"AV  PRES  JUSCELINO KUBITSCHEK  1703";-;"VILA NOVA CONCEICAO";"04543901";"SAO PAULO";"SP";"Brasil";-;-;"https://www.bib.com.br";"Autorizada em Atividade";
416968;"BANCO INTER S.A.";"AVENIDA BARBACENA  1 219";-;"SANTO AGOSTINHO";"30190131";"BELO HORIZONTE";"MG";"Brasil";-;-;"https://intergo.app/a8e68832";"Autorizada em Atividade";
61182408;"BANCO INVESTCRED UNIBANCO S.A.";"AVENIDA DR. HUGO BEOLCHI, 788";-;"VILA GUARANI";"04310030";"SAO PAULO";"SP";"Brasil";-;-;"https://www.itau.com.br";"Autorizada em Atividade";
60394079;"BANCO ITAUBANK S.A.";"PRAÇA ALFREDO EGYDIO DE SOUZA ARANHA, 100";"TORRE CONCEIÇÃO - 9- ANDAR";"PARQUE JABAQUARA";"04344902";"SAO PAULO";"SP";"Brasil";-;-;"https://www.itau.com.br";"Autorizada em Atividade";
17192451;"BANCO ITAUCARD S.A.";"PRACA ALFREDO EGYDIO DE SOUZA ARANHA  100";"TORRE OLAVO SETUBAL  7  ANDAR  PARTE";"PARQUE JABAQUARA";"04344902";"SAO PAULO";"SP";"Brasil";-;-;"https://www.itau.com.br/cartoes";"Autorizada em Atividade";
33885724;"BANCO ITAÚ CONSIGNADO S.A.";"PRACA ALFREDO EGYDIO DE SOUZA ARANHA 100";"TORRE CONCEICAO   9  ANDAR";"PARQUE JABAQUARA";"04344902";"SAO PAULO";"SP";"Brasil";-;-;"https://www.itau.com.br";"Autorizada em Atividade";
61190658;"BANCO ITAÚ VEÍCULOS S.A.";"RUA TENENTE MAURO DE MIRANDA  36";"BLOCO D  8  ANDAR  PARTE";"PARQUE JABAQUARA";"04345030";"SAO PAULO";"SP";"Brasil";-;-;"https://www.bancofiat.com.br";"Autorizada em Atividade";
3017677;"BANCO J. SAFRA S.A.";"AVENIDA PAULISTA";"N  2150";"BELA VISTA";"01310300";"SAO PAULO";"SP";"Brasil";-;-;"https://www.safra.com.br/chat-ouvidoria.htm";"Autorizada em Atividade";
33172537;"BANCO J.P. MORGAN S.A.";"AV BRIGADEIRO FARIA LIMA  3729";"6 PTE  10 PTE  11   12 PTE  13 PTE  14  E 15";"ITAIM BIBI";"04538905";"SAO PAULO";"SP";"Brasil";-;-;"https://www.jpmorgan.com";"Autorizada em Atividade";
91884981;"BANCO JOHN DEERE S.A.";"RODOVIA ENGENHEIRO ERMENIO OLIVEIRA PENTEADO";"TORRE 1, KM 57,5 S/N";"HELVÉTIA";"13337300";"INDAIATUBA";"SP";"Brasil";-;-;"https://www.deere.com.br/pt/financiamento/banco-john-deere/";"Autorizada em Atividade";
7656500;"BANCO KDB DO BRASIL S.A.";"AV. BRIGADEIRO FARIA LIMA, 3400";"15- ANDAR  CONJUNTO 152";"ITAIM BIBI";"04538132";"SAO PAULO";"SP";"Brasil";-;-;"https://www.bancokdb.com.br/home.html";"Autorizada em Atividade";
2318507;"BANCO KEB HANA DO BRASIL S.A.";"AV DR  CHUCRI ZAIDAN  940";"18  ANDAR   CONJUNTO 181";"VILA CORDEIRO";"04583110";"SAO PAULO";"SP";"Brasil";-;-;"https://www.bancokebhana.com.br";"Autorizada em Atividade";
23903068;"BANCO KOMATSU DO BRASIL S.A.";"AVENIDA MANUEL BANDEIRA, 291";"BLOCO D - CONJ 11 - COND ATLAS OFFICE PARK";"VILA LEOPOLDINA";"05317020";"SAO PAULO";"SP";"Brasil";-;-;"https://www.bancokomatsu.com.br";"Autorizada em Atividade";
33254319;"BANCO LOSANGO S.A. - BANCO MÚLTIPLO";"RUA SENADOR DANTAS  61";-;"CENTRO";"20031202";"RIO DE JANEIRO";"RJ";"Brasil";-;-;"https://www2.losango.com.br";"Autorizada em Atividade";
59118133;"BANCO LUSO BRASILEIRO S.A.";"RUA PASCOAL PAIS, 525";"14- ANDAR";"VILA CORDEIRO";"04581060";"SAO PAULO";"SP";"Brasil";-;-;"https://www.lusobrasileiro.com.br";"Autorizada em Atividade";
34169557;"BANCO MERCANTIL DE INVESTIMENTOS S/A";"RUA RIO DE JANEIRO, 654 -";-;"CENTRO";"30160912";"BELO HORIZONTE";"MG";"Brasil";-;-;"https://www.mercantil.com.br";"Autorizada em Atividade";
17184037;"BANCO MERCANTIL DO BRASIL S.A.";"AVENIDA DO CONTORNO, 5800";"EDIFÍCIO STATEMENT, 11- AO 15- ANDAR";"SAVASSI";"30110042";"BELO HORIZONTE";"MG";"Brasil";-;-;"https://www.mercantil.com.br";"Autorizada em Atividade";
60814191;"BANCO MERCEDES-BENZ DO BRASIL S.A.";"AVENIDA ALFRED JURZYKOWSKI 562";"PRÉDIO 20, 2- ANDAR";"PAULICEIA";"09680900";"SAO BERNARDO DO CAMPO";"SP";"Brasil";-;-;"https://www.bancomercedesbenz.com.br";"Autorizada em Atividade";
61088183;"BANCO MIZUHO DO BRASIL S.A.";"AVENIDA PRESIDENTE JUSCELINO KUBITSCHEK  N  2041";"7  ANDAR  TORRE E";"VILA OLIMPIA";"04543011";"SAO PAULO";"SP";"Brasil";-;-;"https://www.mizuhobank.com/brazil/pt/";"Autorizada em Atividade";
7441209;"BANCO MONEO S.A.";"AV. RIO BRANCO, 4889";"4º ANDAR";"ANA RECH";"95060145";"CAXIAS DO SUL";"RS";"Brasil";-;-;"https://www.bancomoneo.com.br";"Autorizada em Atividade";
2801938;"BANCO MORGAN STANLEY S.A.";"AV  BRIGADEIRO FARIA LIMA  3 600";"6  ANDAR E 8  ANDAR";"ITAIM BIBI";"04538132";"SAO PAULO";"SP";"Brasil";-;-;"https://www.morganstanley.com.br";"Autorizada em Atividade";
60498557;"BANCO MUFG BRASIL S.A.";"AVENIDA PAULISTA  1274";-;"BELA VISTA";"01310925";"SAO PAULO";"SP";"Brasil";-;-;"https://www.br.bk.mufg.jp";"Autorizada em Atividade";
33657248;"BANCO NACIONAL DE DESENVOLVIMENTO ECONOMICO E SOCIAL";"AVENIDA REPUBLICA DO CHILE, 100";-;"CENTRO";"20031917";"RIO DE JANEIRO";"RJ";"Brasil";-;-;"https://www.bndes.gov.br";"Autorizada em Atividade";
33222241;"BANCO NACIONAL DE INVESTIMENTOS S.A.";"Avenida Rio Branco, 115";"20º andar, sala 2033";"Centro";"20040004";"RIO DE JANEIRO";"RJ";"Brasil";-;-;-;"Autorizada em Atividade";
17157777;"BANCO NACIONAL S.A.";"Avenida Rio Branco, 115";"20º andar, sala 2033";"Centro";"20040004";"RIO DE JANEIRO";"RJ";"Brasil";-;-;-;"Autorizada em Atividade";
92894922;"BANCO ORIGINAL S.A.";"RUA PORTO UNIAO  295";-;"BROOKLIN";"04568020";"SAO PAULO";"SP";"Brasil";-;-;"https://www.original.com.br";"Autorizada em Atividade";
28517628;"BANCO PACCAR S.A.";"AV SENADOR FLAVIO CARVALHO GUIMARAES  6000";"2 ANDAR   PARTE";"BOA VISTA";"84072190";"PONTA GROSSA";"PR";"Brasil";-;-;"https://www.paccarfinancial.com.br";"Autorizada em Atividade";
59285411;"BANCO PAN S.A.";"AV  PAULISTA  1374";"7, 8, 15, 16, 17 E 18  ANDARES";"BELA VISTA";"01310916";"SAO PAULO";"SP";"Brasil";-;-;"https://bit.ly/chatouvidoria_bancopan";"Autorizada em Atividade";
61820817;"BANCO PAULISTA S.A.";"AV.BRIGADEIRO FARIA LIMA, 1355";"2 ANDAR";"JARDIM PAULISTANO";"01452919";"SAO PAULO";"SP";"Brasil";-;-;"https://www.bancopaulista.com.br";"Autorizada em Atividade";
62144175;"BANCO PINE S.A.";"AV PRESIDENTE JK, 1.830 - SL 54, 61, 62, 63 E 64";"ANDAR 5 E 6 BLOCOS 1 A 4 COND. ED. SÃO LUIZ";"VILA NOVA CONCEICAO";"04543900";"SAO PAULO";"SP";"Brasil";-;-;"https://www.pine.com";"Autorizada em Atividade";
40429946;"BANCO PORTO REAL DE INVESTIMENTOS S.A";"RUA 4 , NUMERO 670";"SALA 03";"CENTRO";"27570000";"PORTO REAL";"RJ";"Brasil";-;-;-;"Autorizada em Atividade";
1023570;"BANCO RABOBANK INTERNATIONAL BRASIL S.A.";"AVENIDA DOUTOR CHUCRI ZAIDAN, N. 1240";"14° E 15° ANDARES";"VILA SÃO FRANCISCO";"04711130";"SAO PAULO";"SP";"Brasil";-;-;"https://www.rabobank.com.br";"Autorizada em Atividade";
11476673;"BANCO RANDON S.A.";"AV  RUBEM BENTO ALVES  1469";"SALA 3";"INTERLAGOS";"95052105";"CAXIAS DO SUL";"RS";"Brasil";-;-;"https://www.bancorandon.com";"Autorizada em Atividade";
62307848;"BANCO RCI BRASIL S.A.";"RUA PASTEUR  463";"1  ANDAR  CONJUNTO 101";"BATEL";"80250080";"CURITIBA";"PR";"Brasil";-;-;"https://www.mobilize-fs.com.br";"Autorizada em Atividade";
92816560;"BANCO REGIONAL DE DESENVOLVIMENTO DO EXTREMO SUL";"RUA URUGUAI, 155 3/4 ANDARES";-;"CENTRO";"90010140";"PORTO ALEGRE";"RS";"Brasil";-;-;"https://www.brde.com.br";"Autorizada em Atividade";
68900810;"BANCO RENDIMENTO S.A.";"AVENIDA REBOUÇAS, N- 3.970";"10- ANDAR - ELDORADO BUSINESS TOWER";"PINHEIROS";"05402920";"SAO PAULO";"SP";"Brasil";-;-;"https://www.rendimento.com.br";"Autorizada em Atividade";
517645;"BANCO RIBEIRAO PRETO S.A.";"AVENIDA PRESIDENTE VARGAS N- 2121";"4- ANDAR";"JARDIM AMERICA";"14020260";"RIBEIRAO PRETO";"SP";"Brasil";-;-;"https://www.brp.com.br";"Autorizada em Atividade";
80271455;"BANCO RNX S.A.";"RUA HEITOR STOCKLER DE FRANÇA, 396";"SALA 303";"CENTRO CIVICO";"80030030";"CURITIBA";"PR";"Brasil";-;-;"https://www.bancornx.com.br";"Autorizada em Atividade";
33603457;"BANCO RODOBENS S.A.";"AV PRES. JUCELINO KUBITSCHEK DE OLIVEIRA, 1830";"SALA 73, CONDOMÍNIO ED SÃO LUIZ";"VILA NOVA CONCEIÇÃO";"04543900";"SAO PAULO";"SP";"Brasil";-;-;"https://www.rodobensbanco.com.br";"Autorizada em Atividade";
58160789;"BANCO SAFRA S.A.";"AVENIDA PAULISTA  2100";-;"BELA VISTA";"01310930";"SAO PAULO";"SP";"Brasil";-;-;"https://www.safra.com.br/chat-ouvidoria.htm";"Autorizada em Atividade";
90400888;"BANCO SANTANDER (BRASIL) S.A.";"AVENIDA PRESIDENTE JUSCELINO KUBITSCHEK  N  2041";"CJ 281  BLOCO A  COND  WTORRE JK";"VILA NOVA CONCEICAO";"04543011";"SAO PAULO";"SP";"Brasil";-;-;"https://www.santander.com.br";"Autorizada em Atividade";
60935819;"BANCO SANY BRASIL S.A.";"AVENIDA DAS NAÇÕES UNIDAS, 12.551";"23- ANDAR, CONJUNTO 2.305";"BROOKLIN PAULISTA";"04578903";"SAO PAULO";"SP";"Brasil";-;-;-;"Autorizada em Atividade";
795423;"BANCO SEMEAR S.A.";"AVENIDA AFONSO PENA  N 3 577";"2  E 3 ANDARES";"SERRA";"30130008";"BELO HORIZONTE";"MG";"Brasil";-;-;"https://www.bancosemear.com.br";"Autorizada em Atividade";
11970623;"BANCO SENFF S.A.";"AV SOUZA NAVES  1240 (PARTE";-;"CRISTO REI";"80050152";"CURITIBA";"PR";"Brasil";-;-;-;"Autorizada em Atividade";
76543115;"BANCO SISTEMA S.A.";"RUA DA GLORIA, 251";"EDIFICIO NEO CORPORATE, 4O ANDAR, SALA 402";"CENTRO CÍVICO";"80010000";"CURITIBA";"PR";"Brasil";-;-;"https://www.btgpactual.com";"Autorizada em Atividade";
61533584;"BANCO SOCIETE GENERALE BRASIL S.A.";"AV PAULISTA  2300   9 ANDAR  CJ 91 A 93";-;"CERQUEIRA CESAR";"01310300";"SAO PAULO";"SP";"Brasil";-;-;"https://societegeneralebrasil.com.br/site/";"Autorizada em Atividade";
60889128;"BANCO SOFISA S.A.";"ALAMEDA SANTOS 1496";-;"JARDIM PAULISTA";"01418100";"SAO PAULO";"SP";"Brasil";-;-;"https://www.sofisa.com.br";"Autorizada em Atividade";
62237425;"BANCO STELLANTIS S.A.";"AVENIDA  CONTORNO  3.455";"PORTARIA 02, GALPÃO 9 - SALA 10";"PAULO CAMILO";"32669900";"BETIM";"MG";"Brasil";-;-;"https://www.bancostellantis.com.br";"Autorizada em Atividade";
28811341;"BANCO STONEX S.A.";"RUA JOAQUIM FLORIANO, 413";"13- ANDAR";"ITAIM BIBI";"04534011";"SAO PAULO";"SP";"Brasil";-;-;"https://banco.stonex.com";"Autorizada em Atividade";
60518222;"BANCO SUMITOMO MITSUI BRASILEIRO S.A.";"AV PAULISTA  37   11 12 AND";-;"PARAISO";"01311902";"SAO PAULO";"SP";"Brasil";-;-;"https://www.smbcgroup.com.br";"Autorizada em Atividade";
7679404;"BANCO TOPÁZIO S.A.";"RUA 18 DE NOVEMBRO 273";"CONJUNTO 801";"NAVEGANTES";"90240040";"PORTO ALEGRE";"RS";"Brasil";-;-;"https://www.bancotopazio.com.br";"Autorizada em Atividade";
3215790;"BANCO TOYOTA DO BRASIL S.A.";"AV  JORNALISTA ROBERTO MARINHO  N  85";"3  ANDAR";"CIDADE MONCOES";"04576010";"SAO PAULO";"SP";"Brasil";-;-;"https://www.bancotoyota.com.br";"Autorizada em Atividade";
52067630;"BANCO TRATON BRASIL S.A.";"AVENIDA DO CAFÉ, 277";"CONJUNTO 901, BLOCO A";"VILA GUARANI";"04311900";"SAO PAULO";"SP";"Brasil";-;-;-;"Autorizada em Atividade";
11703662;"BANCO TRAVELEX S.A.";"AV ENG. LUIZ CARLOS BERRINI, N- 105";"5- ANDAR CONJUNTOS 51 E 52 - EDIFÍCIO BERRINI ONE";"CIDADE MONÇÕES";"04571010";"SAO PAULO";"SP";"Brasil";-;-;"https://www.travelexbank.com.br";"Autorizada em Atividade";
17351180;"BANCO TRIANGULO S.A.";"AV CESARIO ALVIM 2209";-;"APARECIDA";"38400696";"UBERLANDIA";"MG";"Brasil";-;-;"https://www.tribanco.com.br";"Autorizada em Atividade";
57839805;"BANCO TRICURY S.A.";"AVENIDA PAULISTA, 37";"17- ANDAR - CONJUNTO 171";"BELA VISTA";"01311000";"SAO PAULO";"SP";"Brasil";-;-;"https://www.bancotricury.com.br";"Autorizada em Atividade";
32062580;"BANCO UBS (BRASIL) S.A.";"RUA LEOPOLDO COUTO DE MAGALHÃES JR., 700";"10- ANDAR (PARTE  E 12- A 14- ANDARES (PARTES";"ITAIM BIBI";"04542000";"SAO PAULO";"SP";"Brasil";-;-;"https://www.ubs.com/br/pt.html";"Autorizada em Atividade";
59109165;"BANCO VOLKSWAGEN S.A.";"RUA VOLKSWAGEN  291";-;"JABAQUARA";"04344020";"SAO PAULO";"SP";"Brasil";-;-;"https://www.bancovw.com.br";"Autorizada em Atividade";
58017179;"BANCO VOLVO BRASIL S.A.";"AV JUSCELINO KUBITSCHEK OLIVEIRA  2600";"PREDIO 90S";"CIC";"81260900";"CURITIBA";"PR";"Brasil";-;-;"https://www.bancovolvo.com.br";"Autorizada em Atividade";
59588111;"BANCO VOTORANTIM S.A.";"AVENIDA DAS NACOES UNIDAS  14 171";"TORRE A  18  ANDAR";"VILA GERTRUDES";"04794000";"SAO PAULO";"SP";"Brasil";-;-;"https://www.bv.com.br/";"Autorizada em Atividade";
78626983;"BANCO VR S.A.";"AVENIDA DOS BANDEIRANTES, 460";-;"BROOKLIN PAULISTA";"04553900";"SAO PAULO";"SP";"Brasil";-;-;"https://www.bancovr.com.br";"Autorizada em Atividade";
13720915;"BANCO WESTERN UNION DO BRASIL S.A.";"RUA HUNGRIA, 1400";"6  ANDAR   PARTE";"JARDIM EUROPA";"01455000";"SAO PAULO";"SP";"Brasil";-;-;"https://www.bancowesternunion.com.br";"Autorizada em Atividade";
15357060;"BANCO WOORI BANK DO BRASIL S.A.";"AVENIDA DAS NAÇÕES UNIDAS, 14171";"CONJUNTO 803, 8- ANDAR DA TORRE C - CRYSTAL TOWER";"VILA GERTRUDES";"04794000";"SAO PAULO";"SP";"Brasil";-;-;"https://www.wooribank.com.br";"Autorizada em Atividade";
36658769;"BANCO XCMG BRASIL S.A.";"RODOVIA BR 381";"KM 854 855";"DISTRITO INDUSTRIAL";"37556830";"POUSO ALEGRE";"MG";"Brasil";-;-;"https://www.bancoxcmg.com.br";"Autorizada em Atividade";
33264668;"BANCO XP S.A.";"PRAIA DE BOTAFOGO, 501";"BLOCO I SALÃO 501";"BOTAFOGO";"22250040";"RIO DE JANEIRO";"RJ";"Brasil";-;-;"https://xp.inc/chat-atendente-humano";"Autorizada em Atividade";
10371492;"BANCO YAMAHA MOTOR DO BRASIL S.A.";"AVENIDA MAGALHÃES DE CASTRO 4800";"TORRE 3 ED CONTINENTAL TOWER CJ71 R1 E CJ72 R3";"CIDADE JARDIM";"05676120";"SAO PAULO";"SP";"Brasil";-;-;"https://www.yamahaservicosfinanceiros.com.br/banco";"Autorizada em Atividade";
2010478;"BANCORBRÁS ADMINISTRADORA DE CONSÓRCIOS S.A.";"SCN QUADRA 2 BLOCO C, NR .900";-;"ASA NORTE";"70712030";"BRASILIA";"DF";"Brasil";-;-;"https://www.bancorbrasconsorcios.com.br";"Autorizada em Atividade";
10264663;"BANCOSEGURO S.A.";"AVENIDA BRIGADEIRO FARIA LIMA  1384";"4  ANDAR   PARTE D";"JARDIM PAULISTANO";"01451001";"SAO PAULO";"SP";"Brasil";-;-;"https://pagseguro.vc/ouvidoria";"Autorizada em Atividade";
28156057;"BANESTES DISTRIBUIDORA DE TITULOS E VALORES MOBILIARIOS S/A";"AVENIDA PRINCESA ISABEL  574";"EDIFICIO PALAS CENTER  BLOCO A  9  ANDAR";"CENTRO";"29010360";"VITORIA";"ES";"Brasil";-;-;-;"Autorizada em Atividade";
28127603;"BANESTES S.A. BANCO DO ESTADO DO ESPIRITO SANTO";"AV  PRINCESA ISABEL  574 ED PALAS CENTER BL B 9 AN";-;"CENTRO";"29010930";"VITORIA";"ES";"Brasil";-;-;"https://www.banestes.com.br";"Autorizada em Atividade";
62073200;"BANK OF AMERICA MERRILL LYNCH BANCO MÚLTIPLO S.A.";"AVENIDA BRIGADEIRO FARIA LIMA  3400";"10 11   12   16  E 18  ANDARES";"ITAIM BIBI";"04538132";"SAO PAULO";"SP";"Brasil";-;-;"https://www.bofabrasil.com.br/";"Autorizada em Atividade";
7450604;"BANK OF CHINA (BRASIL) BANCO MÚLTIPLO S/A";"ALAMEDA SANTOS, 960, 13-, 15° E 16- ANDARES";"ANEXO ENTRADA AV. PAULISTA, 901";"CERQUEIRA CESAR";"01418002";"SAO PAULO";"SP";"Brasil";-;-;"https://www.bocbrasil.com.br";"Autorizada em Atividade";
30723871;"BANQI INSTITUICAO DE PAGAMENTO LTDA.";"AVENIDA DAS NAÇÕES UNIDAS, 12995";"BLOCO I, ACESSO RUA FLÓRIDA, 1970, 2 ANDAR CJ1 E 3";"BROOKLIN PAULISTA";"04578911";"SAO PAULO";"SP";"Brasil";-;-;"https://banqi.com.br/";"Autorizada em Atividade";
93026847;"BANRISUL S/A - CORRETORA DE VALORES MOBILIARIOS E CAMBIO";"RUA CALDAS JUNIOR, 108";"4º ANDAR";"CENTRO";"90018900";"PORTO ALEGRE";"RS";"Brasil";-;-;"https://www.banrisulcorretora.com.br";"Autorizada em Atividade";
92692979;"BANRISUL S.A. - ADMINISTRADORA DE CONSÓRCIOS";"R SIQUEIRA CAMPOS 833";"4  ANDAR";"CENTRO HISTORICO";"90010000";"PORTO ALEGRE";"RS";"Brasil";-;-;"https://www.banrisulconsorcios.com.br";"Autorizada em Atividade";
92934215;"BANRISUL SOLUÇÕES EM PAGAMENTOS S.A. - INSTITUIÇÃO DE PAGAMENTO";"RUA SIQUEIRA CAMPOS, 832 - 4- ANDAR";-;"CENTRO";"90010000";"PORTO ALEGRE";"RS";"Brasil";-;-;-;"Autorizada em Atividade";
42963742;"BANSUR JM SOCIEDADE DE CRÉDITO DIRETO S/A";"AVENIDA PORTUGAL  N  4514";-;"ITAPOA";"31710400";"BELO HORIZONTE";"MG";"Brasil";-;-;"https://www.bansurjm.com.br";"Autorizada em Atividade";
2671743;"BANVOX DISTRIBUIDORA DE TÍTULOS E VALORES MOBILIÁRIOS LTDA";"AVENIDA BRIGADEIRO FARIA LIMA, N- 3.732";"14- ANDAR/PARTE A";"ITAIM BIBI";"04538132";"SAO PAULO";"SP";"Brasil";-;-;"https://www.banvox.com.br";"Autorizada em Atividade";
14511781;"BARI COMPANHIA HIPOTECÁRIA";"AVENIDA SETE DE SETEMBRO, 4781";"CONJUNTO 02";"AGUA VERDE";"80250205";"CURITIBA";"PR";"Brasil";-;-;-;"Autorizada em Atividade";
1439107;"BARRACRED - COOPERATIVA DE ECONOMIA E CRÉDITO MÚTUO";"RUA ANTONIO FRANCO POMPEU, 261";-;"VILA OPERÁRIA";"17340000";"BARRA BONITA";"SP";"Brasil";-;-;-;"Autorizada em Atividade";
58006471;"BARU DISTRIBUIDORA DE TÍTULOS E VALORES MOBILIÁRIOS LTDA.";"AVENIDA CARLOS GOMES 258";"16 ANDAR";"BOA VISTA";"90480000";"PORTO ALEGRE";"RS";"Brasil";-;-;-;"Autorizada em Atividade";
42723848;"BARU SOCIEDADE DE CRÉDITO, FINANCIAMENTO E INVESTIMENTO S/A";"AVENIDA CARLOS GOMES 258";"16° ANDAR";"BOA VISTA";"90480002";"PORTO ALEGRE";"RS";"Brasil";-;-;-;"Autorizada em Atividade";
37293930;"BASS PAGO INSTITUICAO DE PAGAMENTO LTDA";"RUA BORGES DE MEDEIROS, 215";"SALA 101";"CENTRO";"98300000";"PALMEIRA DAS MISSOES";"RS";"Brasil";-;-;-;-;
6043050;"BB ADMINISTRADORA DE CONSORCIOS S.A.";"SAUN  QUADRA 5  BLOCO B  TORRE SUL  1  ANDAR";"ED  BANCO DO BRASIL";"ASA NORTE";"70040250";"BRASILIA";"DF";"Brasil";-;-;"https://www.bb.com.br/site/pra-voce/consorcios";"Autorizada em Atividade";
30822936;"BB GESTÃO DE RECURSOS - DISTRIBUIDORA DE TÍTULOS E VALORES MOBILIÁRIOS S.A.";"AV. REPÚBLICA DO CHILE 330";"7° E 8° ANDARES - ED. VENTRURA";"CENTRO";"20031170";"RIO DE JANEIRO";"RJ";"Brasil";-;-;"https://www.bb.com.br/bbasset";"Autorizada em Atividade";
24933830;"BB-BANCO DE INVESTIMENTO S/A";"AVENIDA PAULISTA, 1230";"12 ANDAR";"BELA VISTA";"01333001";"SAO PAULO";"SP";"Brasil";-;-;"https://www.bb.com.br";"Autorizada em Atividade";
31546476;"BB-LEASING S/A ARRENDAMENTO MERCANTIL";"SAUN QUADRA 05, LOTE B, TORRE NORTE";"10º ANDAR";"ASA NORTE";"70040250";"BRASILIA";"DF";"Brasil";-;-;-;"Autorizada em Atividade";
36770683;"BBC ADMINISTRADORA DE CONSÓRCIOS LTDA";"RUA DR. RENATO PAES DE BARROS, 1017";"CONJUNTO 91, SALA L";"ITAIM BIBI";"04530001";"SAO PAULO";"SP";"Brasil";-;-;-;"Autorizada em Atividade";
45283173;"BBVA BRASIL BANCO DE INVESTIMENTO S.A.";"AVENIDA BRIGADEIRO FARIA LIMA, 4.221";"8- ANDAR";"ITAIM BIBI";"04538133";"SAO PAULO";"SP";"Brasil";-;-;"https://www.bbvabrasil.com";"Autorizada em Atividade";
54541468;"BCP SECURITIES DISTRIBUIDORA DE TÍTULOS E VALORES MOBILIÁRIOS LTDA.";"RUA VISCONDE DE PIRAJÁ, N 430, 11 ANDAR";"SALAS 1.101 A 1.106";"IPANEMA";"22410002";"RIO DE JANEIRO";"RJ";"Brasil";-;-;"https://bcpdtvm.com.br/";"Autorizada em Atividade";
7299480;"BEC DISTRIBUIDORA DE TITULOS E VALORES MOBILIARIOS LTDA.";"NÚCLEO CIDADE DE DEUS";"PRÉDIO PRATA - 4º ANDAR";"VILA YARA";"06029900";"OSASCO";"SP";"Brasil";-;-;-;"Autorizada em Atividade";
20443996;"BECKER FINANCEIRA S.A. - CRÉDITO, FINANCIAMENTO E INVESTIMENTO";"RUA DR. JOÃO SEBASTIANY, N. 170";-;"CENTRO";"97900000";"CERRO LARGO";"RS";"Brasil";-;-;"https://www.beckerfinanceira.com.br";"Autorizada em Atividade";
35523352;"BEES INSTITUICAO DE PAGAMENTO LTDA.";"AV PRES. JUSCELINO KUBITSCHEK, N-510, 3- ANDAR";-;"VILA NOVA CONCEIÇÃO";"04543906";"SAO PAULO";"SP";"Brasil";-;-;"https://www.beesbank.com.br/";"Autorizada em Atividade";
32074986;"BEETELLER INSTITUIÇÃO DE PAGAMENTO LTDA.";"RUA PEDRO CELESTINO, 3607, CENTRO";"EDIFÍCIO CLASSIC OFFICE, SALA 102";"79031010";"79010780";"CAMPO GRANDE";"MS";"Brasil";-;-;"https://beeteller.com/";"Autorizada em Atividade";
25238191;"BELLUNO INSTITUICAO DE PAGAMENTO LTDA";"AVENIDA MARECHAL DEODORO DA FONSECA, 1188";"SALA 401 - 23";"CENTRO";"89251702";"JARAGUA DO SUL";"SC";"Brasil";-;-;"https://www.belluno.digital";"Autorizada em Atividade";
43215815;"BELVO INSTITUICAO DE PAGAMENTO LTDA";"RUA BUTANTÃ, N- 194";"2- ANDAR, CONJUNTO 2-110 - PARTE";"PINHEIROS";"02424000";"SAO PAULO";"SP";"Brasil";-;-;"https://www.belvo.com";"Autorizada em Atividade";
66670;"BEM - DISTRIBUIDORA DE TITULOS E VALORES MOBILIARIOS LTDA";"NÚCLEO CIDADE DE DEUS, PRÉDIO PRATA";"4º ANDAR";"VILA YARA";"06029900";"OSASCO";"SP";"Brasil";-;-;-;"Autorizada em Atividade";
46130566;"BEZZ SOCIEDADE DE CRÉDITO DIRETO S.A.";"AVENIDA RIO BRANCO, N° 125";"7  ANDAR PARTE";"CENTRO";"20040006";"RIO DE JANEIRO";"RJ";"Brasil";-;-;"https://bezz.com.br/";"Autorizada em Atividade";
59396084;"BFC SOCIEDADE DE CRÉDITO DIRETO S.A.";"AVENIDA DOMINGOS FERREIRA 2589";"SALA 1001";"BOA VIAGEM";"51020030";"RECIFE";"PE";"Brasil";-;-;-;"Autorizada em Atividade";
33862244;"BGC LIQUIDEZ DISTRIBUIDORA DE TÍTULOS E VALORES MOBILIÁRIOS LTDA";"AVENIDA ALMIRANTE BARROSO, 52 / 23- ANDAR";"SALA 2301";"CENTRO";"20031000";"RIO DE JANEIRO";"RJ";"Brasil";-;-;"https://www.bgcliquidez.com";"Autorizada em Atividade";
36452762;"BIGCASH SOCIEDADE DE CREDITO DIRETO S.A.";"RUA BARBARA HELIODORA, 399";"SALAS 211 E 212";"CENTRO";"35010040";"GOVERNADOR VALADARES";"MG";"Brasil";-;-;"https://www.bigcash.com.br";"Autorizada em Atividade";
40910463;"BIPA INSTITUICAO DE PAGAMENTO LTDA";"AV MARCOS PENTEADO DE ULHOA RODRIGUES 939";"ANDAR 8, TORRE I";"TAMBORE";"06460040";"BARUERI";"SP";"Brasil";-;-;-;-;
58367961;"BIT SOCIEDADE DE CRÉDITO DIRETO S.A.";"AV. DOUTOR JOSÉ BONIFÁCIO COUTINHO NOGUEIRA - 214";"SALA 142 - SPOT GALLERIA";"VILA MADALENA";"13091611";"CAMPINAS";"SP";"Brasil";-;-;-;"Autorizada em Atividade";
15011719;"BITZ INSTITUICAO DE PAGAMENTO S.A.";"RUA DA CONSOLAÇÃO 2302";-;-;"01302989";"OSASCO";"SP";"Brasil";-;-;-;"Autorizada em Atividade";
12481100;"BIZ INSTITUIÇÃO DE PAGAMENTO S.A.";"RUA DOUTOR JOÃO BORGES FILHO, S/N";"2- ANDAR, CONJUNTO 202";"VILA NOVA CONCEIÇÃO";"04507120";"SAO PAULO";"SP";"Brasil";-;-;"https://biz.com.br/";"Autorizada em Atividade";
16814330;"BK INSTITUIÇÃO DE PAGAMENTO S.A.";"AVENIDA MARCOS PENTEADO DE ULHOA RODRIGUES, N° 939";"ANDAR 8 TORRE 1 - EDIF. JACARANDA";"TAMBORE";"06460040";"BARUERI";"SP";"Brasil";-;-;-;"Autorizada em Atividade";
10506341;"BLU INSTITUIÇÃO DE PAGAMENTO LTDA.";"AV OLEGARIO MACIEL, 101";"SALA 302";"BARRA DA TIJUCA";"22621200";"RIO DE JANEIRO";"RJ";"Brasil";-;-;"https://www.useblu.com.br/";"Autorizada em Atividade";
60236532;"BM4 SOCIEDADE DE CRÉDITO DIRETO S.A.";"AVENIDA DAS AMÉRICAS 3693";"BLOCO 1, LOJA 102";"BARRA DA TIJUCA";"22631003";"RIO DE JANEIRO";"RJ";"Brasil";-;-;"https://www.bm4cred.com.br";"Autorizada em Atividade";
34265561;"BMG LEASING S.A. ARRENDAMENTO MERCANTIL";"AV. PRESIDENTE JUSCELINO KUBITSCHEK, 1830";"SALA 101, PARTE, BL 01, COND EDIFÍCIO SÃO LUIZ";"ITAIM BIBI";"04543000";"SAO PAULO";"SP";"Brasil";-;-;"https://www.bancobmg.com.br/sobre-bmg/leasing/";"Autorizada em Atividade";
8030215;"BMG S.A. DISTRIBUIDORA DE TÍTULOS E VALORES MOBILIÁRIOS";"AVENIDA PRESIDENTE JUSCELINO KUBITSCHEK, N- 1830";"SL 102, PARTE, BL 02, 10- ANDAR, COND ED SÃO LUIZ";"VL NOVA CONCEIÇÃO";"04543000";"SAO PAULO";"SP";"Brasil";-;-;"https://www.bancobmg.com.br/sobre-bmg/dtvm/";"Autorizada em Atividade";
11581339;"BMP SOCIEDADE DE CRÉDITO AO MICROEMPREENDEDOR E A EMPRESA DE PEQUENO PORTE LTDA.";"AVENIDA PAULISTA 1294";"6 ANDAR - CONJUNTO 6B";"BELA VISTA";"01310100";"SAO PAULO";"SP";"Brasil";-;-;"https://moneyp.com.br";"Autorizada em Atividade";
34337707;"BMP SOCIEDADE DE CRÉDITO DIRETO S.A";"AVENIDA PAULISTA, 1765, 1- ANDAR,";"CONJUNTO 11";"BELA VISTA";"01311200";"SAO PAULO";"SP";"Brasil";-;-;-;"Autorizada em Atividade";
17826860;"BMS SOCIEDADE DE CRÉDITO DIRETO S.A.";"AVENIDA SANTOS DUMONT, 2828";"13- ANDAR SALA 1308";"ALDEOTA";"60150162";"FORTALEZA";"CE";"Brasil";-;-;"https://www.bancobms.com.br";"Autorizada em Atividade";
4452473;"BMW FINANCEIRA S.A. - CREDITO, FINANCIAMENTO E INVESTIMENTO";"AVENIDA DOUTOR CHUCRI ZAIDAN, 1240";"22- ANDAR - CONJ 2202 E 2204, PARTE";"CHAC SANTO ANTÔNIO";"04711130";"SAO PAULO";"SP";"Brasil";-;-;"https://www.bmwfs.com.br";"Autorizada em Atividade";
60872983;"BMW LEASING DO BRASIL S.A. - ARRENDAMENTO MERCANTIL";"AVENIDA DOUTOR CHUCRI ZAIDAN, 1240";"22- ANDAR - CONJ 2202 E 2204, PARTE";"CHAC SANTO ANTÔNIO";"04711130";"SAO PAULO";"SP";"Brasil";-;-;"https://www.bmwfs.com.br";"Autorizada em Atividade";
45331622;"BNK DIGITAL SOCIEDADE DE CRÉDITO DIRETO S.A.";"RUA JAIR MARTINS MIL HOMENS, 500.";"SALA 123 E 124";"VILA SAO JOSE";"15090080";"SAO JOSE DO RIO PRETO";"SP";"Brasil";-;-;"https://www.bdigital.com.br";"Autorizada em Atividade";
59971967;"BNP PARIBAS BRASIL DISTRIBUIDORA DE TÍTULOS E VALORES MOBILIÁRIOS LTDA";"AV. PRESIDENTE JUSCELINO KUBITSCHEK, 1909";"10- ANDAR, CONJUNTO 101, TORRE SUL";"VILA NOVA CONCEIÇÃO";"04543907";"SAO PAULO";"SP";"Brasil";-;-;-;"Autorizada sem Atividade";
43167610;"BNQI SOCIEDADE DE CREDITO DIRETO S.A.";"AVENIDA DAS NAÇÕES UNIDAS, 12995";"BLOCO I, ACESSO RUA FLÓRIDA, 1970, 2 ANDAR CJ1 E 3";"BROOKLIN PAULISTA";"04578911";"SAO PAULO";"SP";"Brasil";-;-;"https://banqi.com.br/";"Autorizada em Atividade";
40557732;"BNS CAPITAL PAGAMENTOS LTDA";"AV DOUTOR MORAES SALLES, 2134";"SALA 01";"JARDIM GUARANI";"13100201";"CAMPINAS";"SP";"Brasil";-;-;"https://bnscred.com.br";-;
42272526;"BNY MELLON BANCO S.A.";"AV REPUBLICA DO CHILE 330";"TORRE OESTE - 14 ANDAR - PARTE";"CENTRO";"20031170";"RIO DE JANEIRO";"RJ";"Brasil";-;-;"https://www.bnymellon.com/br";"Autorizada em Atividade";
2201501;"BNY MELLON SERVIÇOS FINANCEIROS DISTRIBUIDORA DE TÍTULOS E VALORES MOBILIÁRIOS S.A.";"AV. REPUBLICA DO CHILE 330";"TORRE OESTE - 14 ANDAR";"CENTRO";"20031170";"RIO DE JANEIRO";"RJ";"Brasil";-;-;"https://www.bnymellon.com.br";"Autorizada em Atividade";
6373777;"BOA VIAGEM SOCIEDADE CORRETORA DE CÂMBIO LTDA.";"RUA BARÃO DE SOUZA LEÃO, 75";"LOJA 4";"BOA VIAGEM";"51030300";"RECIFE";"PE";"Brasil";-;-;-;"Autorizada em Atividade";
11725176;"BOA VISTA SERVICOS S.A.";"AVENIDA TAMBORÉ, 267, 11- AO 15- ANDARES";"TORRE SUL";"ALPHAVILE INDUSTRIAL";"06460000";"BARUERI";"SP";"Brasil";-;-;"https://www.boavistaservicos.com.br";-;
69720910;"BOC BRASIL ARRENDAMENTO MERCANTIL S/A";"ALAMEDA SANTOS, 960, 15° ANDAR, SALA 5";"ANEXO ENTRADA AV. PAULISTA, 901";"CERQUEIRA CESAR";"01418002";"SAO PAULO";"SP";"Brasil";-;-;-;"Autorizada em Atividade";
69720894;"BOC BRASIL DISTRIBUIDORA DE TÍTULOS E VALORES MOBILIÁRIOS S/A";"ALAMEDA SANTOS, 960, 16° ANDAR, SALA 1";"ANEXO ENTRADA AV. PAULISTA, 901";"CERQUEIRA CESAR";"01418002";"SAO PAULO";"SP";"Brasil";-;-;-;"Autorizada em Atividade";
92764489;"BOC BRASIL S.A. - CRÉDITO, FINANCIAMENTOS E INVESTIMENTOS";"ALAMEDA SANTOS, 960, 15° ANDAR, SALA 1";"ANEXO ENTRADA AV. PAULISTA, 901";"CERQUEIRA CESAR";"01418002";"SAO PAULO";"SP";"Brasil";-;-;"https://www.bocfinanceira.com.br";"Autorizada em Atividade";
15213150;"BOCOM BBM CORRETORA DE CÂMBIO E VALORES MOBILIÁRIOS S.A.";"RUA EWERTON VISCO 290";"EDIFÍCIO BOULEVARD SIDE EMPRESARIAL SALA 809";"CAMINHO DAS ÁRVORES";"41820022";"SALVADOR";"BA";"Brasil";-;-;"https://www.bocombbm.com.br";"Autorizada em Atividade";
7115294;"BOKU NETWORK BRASIL INSTITUICAO DE PAGAMENTO LTDA";"RUA CAPITÃO ANTONIO ROSA  409";"1 ANDAR, SALA 113";"JARDIM PAULISTANO";"01443010";"SAO PAULO";"SP";"Brasil";-;-;"https://www.boku.com";"Autorizada sem Atividade";
28080769;"BOLT CARD INSTITUIÇÃO DE PAGAMENTOS LTDA.";"A  JORGE VIEIRA  257";"ANEXO PARTE";"PARANAZINHO";"37115000";"MONTE BELO";"MG";"Brasil";-;-;"https://www.boltcard.com.br/";"Autorizada em Atividade";
36586946;"BONUSPAGO SOCIEDADE DE CRÉDITO DIRETO S.A.";"AVENIDA BRASIL, 4541";"SALA 101-E";"CENTRO";"85812002";"CASCAVEL";"PR";"Brasil";-;-;-;"Autorizada em Atividade";
6181431;"BP ADMINISTRADORA DE CONSÓRCIO LTDA";"AVENIDA PRESIDENTE TANCREDO NEVES  1 150";-;"ESPLANADA";"35300580";"CARATINGA";"MG";"Brasil";-;-;"https://bpconsorcio.com.br/";"Autorizada em Atividade";
62816426;"BPCE EQUIPMENT SOLUTIONS BRASIL S.A. - ARRENDAMENTO MERCANTIL";"ALAMEDA RIO NEGRO, 500";"ED. WEST TOWERS, TORRE 2, 20 PAV, ESCRIT 2009-2016";"ALPHAVILLE INDUSTRIA";"06454000";"BARUERI";"SP";"Brasil";-;-;"https://www.equipmentsolutions.groupebpce.com/pt";"Autorizada em Atividade";
27842177;"BPY CORRETORA DE CÂMBIO, TÍTULOS E VALORES MOBILIÁRIOS S.A.";"AV. QUEIROZ FILHO, 1700";"TORRE A - CJ. 307 - 3- ANDAR";"VILA HAMBURGUESA";"05319000";"SAO PAULO";"SP";"Brasil";-;-;"https://www.ibcorretora.com.br";"Autorizada em Atividade";
14723388;"BR CONSÓRCIOS ADMINISTRADORA DE CONSÓRCIOS LTDA";"AV HIGIENOPOLIS  2400";-;"PARQUE GUANABARA";"86050000";"LONDRINA";"PR";"Brasil";-;-;"https://www.brconsorcios.com";"Autorizada em Atividade";
13220493;"BR PARTNERS BANCO DE INVESTIMENTO S.A.";"AV. BRIGADEIRO FARIA LIMA, 3732";"28- ANDAR, SALA H";"ITAIM BIBI";"04538132";"SAO PAULO";"SP";"Brasil";-;-;"https://www.brap.com.br";"Autorizada em Atividade";
44077014;"BR-CAPITAL DISTRIBUIDORA DE TÍTULOS E VALORES MOBILIÁRIOS S.A.";"RUA SURUBIM N- 577,";"10- ANDAR, CONJUNTO 101";"CIDADE MONÇÕES";"04571050";"SAO PAULO";"SP";"Brasil";-;-;"https://www.brcapital.com.br";"Autorizada em Atividade";
52568821;"BRADESCO ADMINISTRADORA DE CONSÓRCIOS LTDA.";"NUCLEO CIDADE DE DEUS  S N";"PREDIO MARRON  TERREO";"VILA YARA";"06029900";"OSASCO";"SP";"Brasil";-;-;-;"Autorizada em Atividade";
47509120;"BRADESCO LEASING S.A. - ARRENDAMENTO MERCANTIL";"CIDADE DE DEUS, S/Nº";"PREDIO PRATA- 2º ANDAR";"VILA YARA";"06029900";"OSASCO";"SP";"Brasil";-;-;-;"Autorizada em Atividade";
61855045;"BRADESCO S.A. CORRETORA DE TITULOS E VALORES MOBILIARIOS";"AVENIDA PRESIDENTE JUSCELINO KUBITSCHEK, 1.309";"11º ANDAR";"BELA VISTA";"04543011";"SAO PAULO";"SP";"Brasil";-;-;-;"Autorizada em Atividade";
58229246;"BRADESCO-KIRTON CORRETORA DE CÂMBIO S.A.";"AVENIDA PRESIDENTE JUSCELINO KUBITSCHEK, 1.309";"6º ANDAR";"VILA NOVA CONCEIÇÃO";"04543011";"SAO PAULO";"SP";"Brasil";-;-;-;"Autorizada em Atividade";
3130170;"BRASIL CARD INSTITUIÇÃO DE PAGAMENTOS LTDA";"AV  JORGE VIEIRA  N  257 – BAIRRO PARANAZINHO";"ANEXO PARTE";"PARANAZINHO";"37115000";"MONTE BELO";"MG";"Brasil";-;-;-;"Autorizada em Atividade";
30507541;"BRASIL CASH INSTITUICAO DE PAGAMENTO S.A";"ALAMEDA RIO NEGRO, 500";"SALA 402, BLOCO B";-;"06454000";"BARUERI";"SP";"Brasil";-;-;-;"Autorizada em Atividade";
19307785;"BRAZA BANK S.A. BANCO DE CÂMBIO";"RUA BOM JESUS, 212";"SALA 1505";"JUVEVE";"80035010";"CURITIBA";"PR";"Brasil";-;-;"https://www.brazabank.com.br";"Autorizada em Atividade";
208;"BRB - BANCO DE BRASILIA S.A.";"CENTRO EMPRESARIAL CNC   ST SAUN QUADRA 5";"LOTE C BLOCO B";"ASA NORTE";"70040250";"BRASILIA";"DF";"Brasil";-;-;"https://novo.brb.com.br/";"Autorizada em Atividade";
33136888;"BRB - CREDITO, FINANCIAMENTO E INVESTIMENTO S/A";"CENTRO EMPRESARIAL CNC - ST SAUN QUADRA 5 LOTE C";"BLOCO C 3- ANDAR";"ASA NORTE";"70040250";"BRASILIA";"DF";"Brasil";-;-;-;"Autorizada em Atividade";
33850686;"BRB - DISTRIBUIDORA DE TITULOS E VALORES MOBILIARIOS SA";"CENTRO EMPRESARIAL CNC - ST SAUN QUADRA 5 LOTE C";"BLOCO C 2ª ANDAR";"ASA NORTE";"70040250";"BRASILIA";"DF";"Brasil";-;-;"https://www.brb.com.br";"Autorizada em Atividade";
39431423;"BRCARD SOCIEDADE DE CRÉDITO DIRETO S/A";"R JOSE BORGES";"S/N QUADRA 19 LOTE 6-R SALA 5";"CENTRO";"75680051";"CALDAS NOVAS";"GO";"Brasil";-;-;-;"Autorizada em Atividade";
49933388;"BRCONDOS SOCIEDADE DE CRÉDITO DIRETO S.A.";"RUA MAX COLIN, 1003";"SALA 8";"AMERICA";"89204041";"JOINVILLE";"SC";"Brasil";-;-;-;"Autorizada em Atividade";
73235962;"BREITKOPF ADMINISTRADORA DE CONSÓRCIO LTDA.";"RUA SAO PAULO, 2001";-;"CENTRO";"89012001";"BLUMENAU";"SC";"Brasil";-;-;"https://www.breitkopf.com.br";"Autorizada em Atividade";
3762395;"BRENNER ADMINISTRADORA DE CONSORCIO LTDA";"RUA BARAO DO TRIUNFO  129";-;"AMERICANO";"95900576";"LAJEADO";"RS";"Brasil";-;-;"https://www.brennerconsorcio.com.br";"Autorizada em Atividade";
9437293;"BRINKS PAY INSTITUICAO DE PAGAMENTO LTDA";"RUA SAMARITA, 680";"ANDAR 5 SALA 01";"JARDIM DAS LARANJEIR";"02518080";"SAO PAULO";"SP";"Brasil";-;-;-;"Autorizada em Atividade";
6046109;"BRISA ADMINISTRADORA DE CONSORCIOS LTDA";"RUA MARIO GIORDANO, 146 TORRE2 SALA 2";"RESIDENCIAL VILHA BELLA";"JARDIM AMERICA";"13140614";"GOVERNADOR VALADARES";"MG";"Brasil";-;-;-;"Autorizada em Atividade";
13486793;"BRL TRUST DISTRIBUIDORA DE TÍTULOS E VALORES MOBILIÁRIOS S.A.";"RUA ALVES GUIMARÃES, 1212";-;"PINHEIROS";"05410002";"SAO PAULO";"SP";"Brasil";-;-;"https://www.brltrust.com.br";"Autorizada em Atividade";
16944141;"BROKER BRASIL CORRETORA DE CÂMBIO LTDA.";"AV. IBIRAPUERA, 2033";"CJ  181 E 184";"INDIANÓPOLIS";"04029100";"SAO PAULO";"SP";"Brasil";-;-;"https://www.brokerbrasilcambio.com.br";"Autorizada em Atividade";
45713971;"BRQUALY ADMINISTRADORA DE CONSÓRCIOS LTDA.";"AVENIDA MURCHID HOMSI 1404";"BLOCO C, 1 ANDAR, LETRA B";"VILA DINIZ";"15013000";"SAO JOSE DO RIO PRETO";"SP";"Brasil";-;-;"https://www.brqualy.com.br";"Autorizada em Atividade";
17904906;"BRX SOCIEDADE CORRETORA DE CÂMBIO LTDA.";"AVENIDA RIO BRANCO 45";"SALA 1310 E 1311";"CENTRO";"20090908";"RIO DE JANEIRO";"RJ";"Brasil";-;-;"https://www:/brxcambio.com.br";"Autorizada em Atividade";
24722685;"BRZ INSTITUICAO DE PAGAMENTO LTDA";"SETOR SCN QD 01 BLOCO G";"SALA 619 PARTE C";"ASA NORTE";"70711070";"BRASILIA";"DF";"Brasil";-;-;"https://www.brzip.com.br";"Pendente de Validação";
20520298;"BS2 PAYMENTS INSTITUIÇÃO DE PAGAMENTO S.A.";"ALAMEDA VICENTE PINZON, 51";"12 ANDAR";"VILA OLÍMPIA";"04547130";"SAO PAULO";"SP";"Brasil";-;-;"https://wa.me/31971440936";"Autorizada em Atividade";
11491029;"BSN PAGAMENTOS INSTITUIÇÃO DE PAGAMENTO LTDA";"RUA JOSEPH ZARZOUR, N° 93.";"19° ANDAR, SALA 1917";"CENTRO";"07020081";"GUARULHOS";"SP";"Brasil";-;-;"https://www.ip4y.com.br/";"Autorizada em Atividade";
73622748;"BT CORRETORA DE CÂMBIO LTDA.";"AVENIDA PAULISTA, 460";"5 ANDAR";"BELA VISTA";"01310904";"SAO PAULO";"SP";"Brasil";-;-;"https://www.btcambio.com.br";"Autorizada em Atividade";
29650082;"BTG PACTUAL ASSET MANAGEMENT S.A. DISTRIBUIDORA DE TÍTULOS E VALORES MOBILIÁRIOS";"PRAIA DE BOTAFOGO, 501/ 5º ANDAR - PARTE";"TORRE CORCOVADO";"BOTAFOGO";"22250040";"RIO DE JANEIRO";"RJ";"Brasil";-;-;"https://www.btgpactual.com";"Autorizada em Atividade";
43815158;"BTG PACTUAL CORRETORA DE TÍTULOS E VALORES MOBILIÁRIOS S.A.";"AVENIDA BRIGADEIRO FARIA LIMA, N° 3477";"14° ANDAR - PARTE";"SÃO PAULO";"04538133";"SAO PAULO";"SP";"Brasil";-;-;"https://www.btgpactual.com";"Autorizada em Atividade";
59281253;"BTG PACTUAL SERVIÇOS FINANCEIROS S.A. DISTRIBUIDORA DE TÍTULOS E VALORES MOBILIÁRIOS";"PRAIA DE BOTAFOGO, 501 - TORRE CORCOVADO";"5º ANDAR - PARTE";"BOTAFOGO";"22250040";"RIO DE JANEIRO";"RJ";"Brasil";-;-;"https://www.btgpactual.com";"Autorizada em Atividade";
8422119;"BULLLA INSTITUICAO DE PAGAMENTO S.A.";"AV. REBOUÇAS, 2.516";"6 ANDAR - CONJUNTOS 61 E 62";"PINHEIROS";"05402400";"SAO PAULO";"SP";"Brasil";-;-;"https://www.bullla.com.br";"Autorizada em Atividade";
58513168;"BULLLA SOCIEDADE DE CRÉDITO DIRETO S.A.";"AV. REBOUÇAS, 2.516";"6 ANDAR - PARTE A";"PINHEIROS";"05402400";"SAO PAULO";"SP";"Brasil";-;-;"https://www.bullla.com.br";"Autorizada em Atividade";
34831910;"BULLLA SOCIEDADE DE EMPRÉSTIMO ENTRE PESSOAS S.A.";"AV. REBOUÇAS 2.516";"6 ANDAR, PARTE";"PINHEIROS";"05402400";"SAO PAULO";"SP";"Brasil";-;-;"https://www.bullla.com.br";"Autorizada em Atividade";
49173791;"C&A PAY SOCIEDADE DE CRÉDITO DIRETO S.A.";"ALAMEDA ARAGUAIA, 1222";"2- ANDAR LADO B";"ALPHAVILLE IND.";"06455000";"BARUERI";"SP";"Brasil";-;-;-;"Autorizada em Atividade";
32345784;"C6 CORRETORA DE TÍTULOS E VALORES MOBILIÁRIOS LTDA.";"AVENIDA NOVE DE JULHO, 3186";-;"JARDIM PAULISTA";"01406000";"SAO PAULO";"SP";"Brasil";-;-;"https://api.whatsapp.com/send?phone=551128895367";"Autorizada em Atividade";
39696395;"CACTVS INSTITUICAO DE PAGAMENTO S.A";"RUA SAMPAIO VIANA, N- 253, CONJUNTO 73";-;"PARAÍSO";"04004000";"SAO PAULO";"SP";"Brasil";-;-;"https://www.cactvs.com.br/";"Autorizada em Atividade";
42040639;"CAIXA DISTRIBUIDORA DE TÍTULOS E VALORES MOBILIÁRIOS S.A.";"AVENIDA PAULISTA 750";"7- E 8- ANDARES";"BELA VISTA";"01310908";"SAO PAULO";"SP";"Brasil";-;-;"https://www.caixa.gov.br/caixadtvm";"Autorizada em Atividade";
360305;"CAIXA ECONOMICA FEDERAL";"SBS QUADRA 4  LOTES 3 4  ED  SEDE";"21 ANDAR";"ASA SUL";"70092900";"BRASILIA";"DF";"Brasil";-;-;"https://www.caixa.gov.br/atendimentobacen/";"Autorizada em Atividade";
8611734;"CALCARD S.A. - INSTITUIÇÃO DE PAGAMENTOS";"RUA RONEY HENRIQUE HEIDERSCHEIDT, 285";"SALA 6";"BAIRRO BREJARÚ";"88133515";"PALHOCA";"SC";"Brasil";-;-;"https://www.calcard.com.br";"Autorizada em Atividade";
37122487;"CALCRED S.A. - CRÉDITO, FINANCIAMENTO E INVESTIMENTO";"RUA SEBASTIÃO FURTADO PEREIRA";"SALA 206 E 207, TORRE 2";"BARREIROS";"88117400";"SAO JOSE";"SC";"Brasil";-;-;-;"Autorizada em Atividade";
72461643;"CAMVEL ADMINISTRADORA DE CONSÓRCIOS LTDA.";"RUA EXPEDICIONARIO ALEIXO MABA  60";-;"BARRA DO RIO";"88305360";"ITAJAI";"SC";"Brasil";-;-;"https://www.promenac.com.br/consorcio";"Autorizada em Atividade";
68318773;"CANOPUS ADMINISTRADORA DE CONSORCIOS S/A";"AV. FERNANDO CORREA DA COSTA, 1944";"SOBRE LOJA";"JARDIM KENNEDY";"78065000";"CUIABA";"MT";"Brasil";-;-;"https://www.consorciocanopus.com.br";"Autorizada em Atividade";
40083667;"CAPITAL CONSIG SOCIEDADE DE CRÉDITO DIRETO S.A.";"RUA NOVA JERUSALÉM, 1069";-;"CHÁCARA STO ANTÔNIO";"03410000";"SAO PAULO";"SP";"Brasil";-;-;"https://www.capitalconsig.com.br";"Autorizada em Atividade";
13966572;"CAPPTA INSTITUIÇÃO DE PAGAMENTO S.A.";"AV DR GASTAO VIDIGAL, 1132";"TÉRREO, SALA 05A E 03B";"VILA LEOPOLDINA";"05314000";"SAO PAULO";"SP";"Brasil";-;-;"https://www.cappta.com.br";"Autorizada em Atividade";
8512761;"CARDPAY PAGAMENTOS LTDA";"AV. JABAQUARA, 2958";"CONJ. 111";"MIRANDOPOLIS";"04046500";"SAO PAULO";"SP";"Brasil";-;-;-;-;
95783262;"CARLESSI ADMINISTRADORA DE CONSORCIOS LTDA";"RUA RUI BARBOSA  1360   1  ANDAR";-;"CENTRO";"88930000";"TURVO";"SC";"Brasil";-;-;"https://www.consorciocarlessi.com.br";"Autorizada em Atividade";
62237649;"CAROL DISTRIBUIDORA DE TITULOS E VALORES MOBILIARIOS LTDA.";"RUA CANTAGALO, N. 74";"11 ANDAR  SALA  1109";"TATUAPE";"03319000";"SAO PAULO";"SP";"Brasil";-;-;-;"Autorizada em Atividade";
21332862;"CARTOS SOCIEDADE DE CRÉDITO DIRETO S.A.";"AVENIDA BRIGADEIRO FARIA LIMA, 1355";"12- ANDAR ESCRITÓRIO 1202";"JARDIM PAULISTANO";"01452919";"SAO PAULO";"SP";"Brasil";-;-;"https://www.cartos.com.br";"Autorizada em Atividade";
33207641;"CARTWAVE INSTITUICAO DE PAGAMENTOS LTDA";"AV. NAPOLI, NO 500, Q. QC01 L.AREA";"SALA 305";"RESIDENCIAL ELDORADO";"74367640";"GOIANIA";"GO";"Brasil";-;-;-;"Em Digitação";
9313766;"CARUANA S.A. - SOCIEDADE DE CRÉDITO, FINANCIAMENTO E INVESTIMENTO";"AVENIDA DO CAFÉ , 277";"TORRE A - 4- ANDAR - CONJUNTO 402";"VILA GUARANI";"04311900";"SAO PAULO";"SP";"Brasil";-;-;"https://www.caruanafinanceira.com.br";"Autorizada em Atividade";
5442029;"CASA DO CRÉDITO S.A. SOCIEDADE DE CRÉDITO AO MICROEMPREENDEDOR";"RUA SCHILLING, 471";-;"VILA LEOPOLDINA";"05302001";"SAO PAULO";"SP";"Brasil";-;-;"https://www.casadocredito.com.br";"Autorizada em Atividade";
47215387;"CATÁLISE DISTRIBUIDORA DE TÍTULOS E VALORES MOBILIÁRIOS LTDA";"RUA DOUTOR MANOEL PEDRO, 365";"3- ANDAR - CONJUNTO 302";"CABRAL";"80035030";"CURITIBA";"PR";"Brasil";-;-;"https://www.falcondtvm.com";"Autorizada em Atividade";
18394228;"CDC SOCIEDADE DE CRÉDITO DIRETO S.A.";"AV. RAJA GABAGLIA, 4.000";"SALA 419";"ESTORIL";"30494310";"BELO HORIZONTE";"MG";"Brasil";-;-;-;"Autorizada em Atividade";
13935893;"CELCOIN INSTITUICAO DE PAGAMENTO S.A.";"ALAMEDA XINGU  350";"CONJUNTO 1604  SALA 2";"ALPHAVILLE INDUSTRIA";"06455030";"BARUERI";"SP";"Brasil";-;-;"https://www.celcoin.com.br/";"Autorizada em Atividade";
48632754;"CELCOIN SOCIEDADE DE CRÉDITO DIRETO S.A.";"ALAMEDA XINGU";"CJ. 2.104";"ALPHAVILLE INDUSTRIA";"06455030";"BARUERI";"SP";"Brasil";-;-;-;"Autorizada em Atividade";
5036532;"CENTRAL DAS COOPERATIVAS DE CREDITO UNICOOB - SICOOB CENTRAL UNICOOB";"AV  DUQUE DE CAXIAS  N  882  SOBRELOJA 2";"EDIFICIO NEW TOWER PLAZA";"NOVO CENTRO";"87020025";"MARINGA";"PR";"Brasil";-;-;"https://www.sicoobunicoob.com.br";"Autorizada em Atividade";
62931522;"CENTRAL DAS COOPERATIVAS DE CRÉDITO DO ESTADO DE SÃO PAULO - SICOOB CENTRAL CECRESP";"AV. PAULISTA, 2313";"4- ANDAR";"BELA VISTA";"01311300";"SAO PAULO";"SP";"Brasil";-;-;"https://www.sicoob.com.br/web/sicoobcecresp/central-cecresp";"Autorizada em Atividade";
70116611;"CENTRAL DAS COOPERATIVAS DE CRÉDITO DO NORDESTE - SICOOB CENTRAL NE";"RUA EMPRESARIO CLOVIS ROLIM  N 2051";"ED  DCT   DUO CORPORATE TOWERS  16  ANDAR  TORRE B";"DOS IPES";"58028873";"JOAO PESSOA";"PB";"Brasil";-;-;"https://www.sicoob.com.br/web/sicoobcentralnordeste/sicoob-c";"Autorizada em Atividade";
106180;"CENTRAL DAS COOPERATIVAS DE CRÉDITO DOS ESTADOS DE MATO GROSSO, MATO GROSSO DO SUL E DO MUNICÍPIO DE CACOAL/RO - SICOOB CENTRAL RONDON";"RUA I  185";"PARQUE ELDORADO";"JARDIM ALVORADA";"78048487";"CUIABA";"MT";"Brasil";-;-;"https://www.sicoob.com.br/web/sicoobcentralrondon";"Autorizada em Atividade";
309024;"CENTRAL DAS COOPERATIVAS DE ECONOMIA E CREDITO DO ESTADO DE MINAS GERAIS LTDA. - SICOOB CENTRAL CECREMGE";"AV  DO CONTORNO  N 4924   3   5  E 6  ANDARES";-;"FUNCIONARIOS";"30110032";"BELO HORIZONTE";"MG";"Brasil";-;-;"https://www.cecremge.org.br";"Autorizada em Atividade";
4243780;"CENTRAL SICOOB UNI DE COOPERATIVAS DE CRÉDITO";"AVENIDA REPUBLICA DO LIBANO";"N  936   1  ANDAR";"SETOR AEROPORTO";"74070040";"GOIANIA";"GO";"Brasil";-;-;"https://www.sicoob.com.br/web/centralsicoobuni/sistema-sicoo";"Autorizada em Atividade";
26225776;"CENTROCRED S.A. CRÉDITO, FINANCIAMENTO E INVESTIMENTOS";"AVENIDA PRESIDENTE CASTELO BRANCO, 1025";"SALA 18";"DISTRITO INDUSTRIAL";"96835666";"SANTA CRUZ DO SUL";"RS";"Brasil";-;-;"https://www.centrocredfinanceira.com.br";"Autorizada em Atividade";
33440218;"CEOPAG INSTITUICAO DE PAGAMENTO S.A.";"RUA JACI, 3.133";"SALA 03";"VILA REDENTORA";"15015810";"SAO JOSE DO RIO PRETO";"SP";"Brasil";-;-;-;"Pendente de Validação";
41349521;"CF GROUP SOCIEDADE DE EMPRÉSTIMO ENTRE PESSOAS S.A.";"RUA DOUTOR TIMÓTEO, 782";-;"MOINHOS DE VENTO";"90570040";"PORTO ALEGRE";"RS";"Brasil";-;-;"https://www.caprate.com.br";"Autorizada em Atividade";
7554076;"CGD INVESTIMENTOS CORRETORA DE VALORES E CÂMBIO S.A.";"AVENIDA JUSCELINO KUBITSCHEK, 1.830";"13 ANDAR, CONJUNTO 132 - BLOCO 2 - COND. SÃO LUIZ";"VILA NOVA CONCEIÇÃO";"04543900";"SAO PAULO";"SP";"Brasil";-;-;-;"Autorizada em Atividade";
35379930;"CHECKOUT DO BRASIL INSTITUICAO DE PAGAMENTO LTDA";"AVENIDA DAS NAÇÕES UNIDAS, 12995";"CONJUNTO 22, UNIDADE 02W128";"CIDADE MONÇÕES";"04578911";"SAO PAULO";"SP";"Brasil";-;-;"https://www.checkout.com/pt-br";"Autorizada sem Atividade";
18539102;"CHG-MERIDIAN DO BRASIL ARRENDAMENTO MERCANTIL S.A.";"ALAMEDA MAMORÉ, 687";"14 ANDAR SALA 1402";"ALPHAVILLE";"06454040";"BARUERI";"SP";"Brasil";-;-;"https://www.chg-meridian.com";"Autorizada em Atividade";
266031;"CICAL ADMINISTRADORA DE CONSÓRCIOS LTDA";"AV. ANHANGUERA,N-3.559, 1- ANDAR";-;"LESTE UNIVERSITARIO";"74610010";"GOIANIA";"GO";"Brasil";-;-;-;"Autorizada em Atividade";
1027058;"CIELO S.A. - INSTITUIÇÃO DE PAGAMENTO";"ALAMEDA XINGU, 512, 21- AO 31- ANDARES";"ED. CONDOMÍNIO EVOLUTION CORPORATE";"ALPHAVILLE";"06455030";"BARUERI";"SP";"Brasil";-;-;"https://www.cielo.com.br";"Autorizada em Atividade";
13170428;"CIMAVEL ADMINISTRADORA DE CONSÓRCIO LTDA.";"AV. JOÃO RIBEIRO, 652";-;"SANTO ANTONIO";"49065000";"ARACAJU";"SE";"Brasil";-;-;"https://www.cimavel.com.br";"Autorizada em Atividade";
33868597;"CITIBANK DISTRIBUIDORA DE TITULOS E VALORES MOBILIARIOS S.A";"AV PAULISTA, 1111";"2 ANDAR - PARTE";"CERQUEIRA CESAR";"01311920";"SAO PAULO";"SP";"Brasil";-;-;"https://www.citibank.com.br";"Autorizada em Atividade";
33042953;"CITIBANK N.A.";"AV  PAULISTA  1111";"LOJA 1  3 E SOBRELOJA";"BELA VISTA";"01311920";"SAO PAULO";"SP";"Brasil";-;-;"https://www.citibank.com.br";"Autorizada em Atividade";
33709114;"CITIGROUP GLOBAL MARKETS BRASIL, CORRETORA DE CÂMBIO, TÍTULOS E VALORES MOBILIÁRIOS S.A.";"AV. PAULISTA, 1111,";"14º ANDAR (PARTE)";"BELA VISTA";"01311920";"SAO PAULO";"SP";"Brasil";-;-;"https://www.citibank.com.br";"Autorizada em Atividade";
41538335;"CLARA INSTITUICAO DE PAGAMENTO LTDA.";"RUA DR. RENATO PAES DE BARROS, 33";"15° ANDAR";"ITAIM BIBI";"04530904";"SAO PAULO";"SP";"Brasil";-;-;"https://www.clara.com/pt-br/";"Autorizada em Atividade";
34878543;"CLARO PAY S.A. - INSTITUIÇÃO DE PAGAMENTO";"RUA HENRI DUNANT, N- 780, TORRE B, 15- ANDAR";"PARTE";"SANTO AMARO";"04709110";"SAO PAULO";"SP";"Brasil";-;-;"https://www.claropay.com.br";"Autorizada em Atividade";
5503849;"CLOUDWALK FINANCEIRA S.A. CRÉDITO, FINANCIAMENTO E INVESTIMENTO";"RUA EUGÊNIO DE MEDEIROS, N- 303";"CONJ. 1501C";"PINHEIROS";"05425000";"SAO PAULO";"SP";"Brasil";-;-;"https://www.cloudwalk.io/";"Autorizada em Atividade";
18189547;"CLOUDWALK INSTITUIÇÃO DE PAGAMENTO E SERVICOS LTDA";"RUA EUGÊNIO DE MEDEIROS, 303";"1501C";"PINHEIROS";"05425000";"SAO PAULO";"SP";"Brasil";-;-;"https://www.cloudwalk.io";"Autorizada em Atividade";
33868654;"CLUBE NAVAL - CAIXA BENEFICIENTE";"AV  ALMIRANTE BARROSO  63";"17  ANDAR";"CENTRO";"20031913";"RIO DE JANEIRO";"RJ";"Brasil";-;-;"https://www.clubenaval.org.br/novo/pacn";"Autorizada em Atividade";
2685483;"CM CAPITAL MARKETS CORRETORA DE CÂMBIO, TÍTULOS E VALORES MOBILIÁRIOS LTDA";"R GOMES DE CARVALHO, 1195";"4 ANDAR";"VILA OLIMPIA";"04547004";"SAO PAULO";"SP";"Brasil";-;-;"https://www.cmcapital.com.br";"Autorizada em Atividade";
59129403;"CNF - ADMINISTRADORA DE CONSÓRCIOS NACIONAL LTDA.";"AVENIDA MURCHID HOMSI  N   1 404";"PREDIO 1  SALA 3";"VILA DINIZ";"15013000";"SAO JOSE DO RIO PRETO";"SP";"Brasil";-;-;"https://www.cnfconsorcio.com.br/";"Autorizada em Atividade";
5349595;"CNP CONSÓRCIO S.A. ADMINISTRADORA DE CONSÓRCIOS";"AVENIDA TAMBORÉ, N° 267, TORRE NORTE.";"14- ANDAR, UNIDADE 141 B";"TAMBORÉ";"6460-000";"BARUERI";"SP";"Brasil";-;-;"https://www.cnpconsorcio.com.br";"Autorizada em Atividade";
53263331;"COBANSA COMPANHIA HIPOTECARIA";"RUA DO RÓCIO, 313 - CJ 92 - EDIF DORNIER MERKUR";"9 - ANDAR";"VILA OLÍMPIA";"04552000";"SAO PAULO";"SP";"Brasil";-;-;"https://www.cobansa.com";"Autorizada em Atividade";
36947229;"COBUCCIO S/A - SOCIEDADE DE CRÉDITO, FINANCIAMENTO E INVESTIMENTOS";"AVENIDA JORGE VIEIRA, N- 257";-;"CENTRO";"37115000";"MONTE BELO";"MG";"Brasil";-;-;"https://www.agil.com.br";"Autorizada em Atividade";
26721922;"CODEPAY MEIOS DE PAGAMENTO LTDA";"AVENIDA HIGIENOPOLIS  826";"APTO 141";"HIGIENOPOLIS";"01238000";"BARUERI";"SP";"Brasil";-;-;-;-;
9512542;"CODEPE CORRETORA DE VALORES E CÂMBIO S.A.";"ALAMEDA MADEIRA";"10- ANDAR - CONJUNTOS 1001, 1002, 1005 E 1006";"ALPHAVILLE EMPRESARI";"0006454010";"BARUERI";"SP";"Brasil";-;-;"https://www.codepe.com.br";"Autorizada em Atividade";
336036;"COINVALORES CORRETORA DE CÂMBIO E VALORES MOBILIÁRIOS LTDA.";"AV.BRIGADEIRO FARIA LIMA 1800";"2- ANDAR - TORRE SUL";"JARDIM PAULISTANO";"01451001";"SAO PAULO";"SP";"Brasil";-;-;"https://www.coinvalores.com.br";"Autorizada em Atividade";
460065;"COLUNA S/A DISTRIBUIDORA DE TITULOS E VALORES MOBILIÁRIOS";"TRAVESSA DO OUVIDOR, 5";"SALA 701 - 702";"CENTRO";"20040040";"RIO DE JANEIRO";"RJ";"Brasil";-;-;"https://www.colunadtvm.com.br";"Autorizada em Atividade";
44474674;"COMAUTO ADMINISTRADORA DE CONSORCIO LTDA";"AV  SAMPAIO VIDAL  615";-;"CENTRO";"17500021";"MARILIA";"SP";"Brasil";-;-;"https://www.comauto.com.br";"Autorizada em Atividade";
32024691;"COMPANHIA GLOBAL DE SOLUCOES E SERVICOS DE PAGAMENTOS S.A.";"AVENIDA DAS NAÇÕES UNIDAS, 12995";"SALA/CONJUNTO N- 1601 E 1602";"CIDADE MONÇÕES";"04578911";"SAO PAULO";"SP";"Brasil";-;-;"https://www.dotz.com.br/home";"Pendente de Validação";
46241852;"COMPREV - CRÉDITO, FINANCIAMENTO E INVESTIMENTO S.A.";"AVENIDA PRESIDENTE VARGAS  N  534";"13  ANDAR  PARTE";"CENTRO";"20071000";"RIO DE JANEIRO";"RJ";"Brasil";-;-;-;"Autorizada em Atividade";
75770164;"CONBR ADMINISTRADORA DE CONSÓRCIOS S.A.";"AVENIDA BADY BASSITT  4717";"SALA 24";"VILA IMPERIAL";"15015700";"SAO JOSE DO RIO PRETO";"SP";"Brasil";-;-;"https://www.rodobens.com.br";"Autorizada em Atividade";
7336852;"CONBRAV - ADMINISTRADORA DE CONSÓRCIOS LTDA.";"AV  JOSE JATAHY 777";"MEZANINO";"FARIAS BRITO";"60010843";"FORTALEZA";"CE";"Brasil";-;-;-;"Autorizada em Atividade";
18287740;"CONECTA CORRETORA DE CÂMBIO LTDA.";"RUA ABÍLIO SOARES, 227";"CONJUNTOS 081 E 082";"PARAÍSO";"04005008";"SAO PAULO";"SP";"Brasil";-;-;"https://www.conectacambio.com.br";"Autorizada em Atividade";
92459213;"CONESUL ADMINISTRADORA DE CONSÓRCIOS LTDA.";"BR/158 KM 60  N. 1.500";-;"CERRITO";"97060090";"SANTA MARIA";"RS";"Brasil";-;-;-;"Autorizada em Atividade";
3795072;"CONFEDERACAO DAS COOPERATIVAS DO SICREDI - CONFEDERACAO SICREDI";"AVENIDA ASSIS BRASIL, N- 3.940";"6- ANDAR";"SÃO SEBASTIÃO";"91060900";"PORTO ALEGRE";"RS";"Brasil";-;-;"https://www.sicredi.com.br";"Autorizada em Atividade";
4891850;"CONFEDERACAO NACIONAL DAS COOPERATIVAS DO SICOOB LTDA";"SETOR DE INDÚSTRIAS GRÁFICAS - SIG, QUADRA 06";"LOTE 2.080";"SIG";"70610460";"BRASILIA";"DF";"Brasil";-;-;"https://www.sicoob.com.br";"Autorizada em Atividade";
10398952;"CONFEDERAÇÃO NACIONAL DAS COOPERATIVAS CENTRAIS DE CRÉDITO E ECONOMIA FAMILIAR E SOLIDÁRIA - CRESOL CONFEDERAÇÃO";"RUA JOSÉ GUIDI DUARTE";"170";"INDUSTRIAL";"85601659";"FRANCISCO BELTRAO";"PR";"Brasil";-;-;"https://www.cresol.com.br";"Autorizada em Atividade";
4913129;"CONFIDENCE SOCIEDADE CORRETORA DE CAMBIO S.A.";"AV ENGENHEIRO LUIZ CARLOS BERRINI, N-105";"5- ANDAR CONJ 51/52- EDIFICIO BERRINI ONE";"CIDADE MONÇÕES";"04571010";"SAO PAULO";"SP";"Brasil";-;-;"https://www.confidencecambio.com.br";"Autorizada em Atividade";
62451088;"CONLIFE SOCIEDADE DE CRÉDITO DIRETO S/A";"RUA JOSÉ RAIMUNDO DA SILVA, 213";-;"JARDIM DAS COLINAS";"12242120";"SAO JOSE DOS CAMPOS";"SP";"Brasil";-;-;-;"Autorizada em Atividade";
31531997;"CONPAY INSTITUIÇÃO DE PAGAMENTO E TECNOLOGIA S.A";"RUA EMPRESÁRIO JOÃO RODRIGUES ALVES, 125";"SALA 1503 TORRE B";"BANCÁRIOS";"58051022";"JOAO PESSOA";"PB";"Brasil";-;-;-;"Autorizada em Atividade";
56103171;"CONSCLIC ADMINISTRADORA DE CONSÓRCIOS LTDA.";"AVENIDA CANDIDO HARTMANN, 570";"SALA 271";"BIGORRILHO";"80710570";"CURITIBA";"PR";"Brasil";-;-;"https://www.consclic.com.br";"Autorizada em Atividade";
15168152;"CONSEGTUR CORRETORA DE CÂMBIO LTDA.";"RUA AMALIA DE NORONHA, 151";"CONJ 703";"PINHEIROS";"05410010";"SAO PAULO";"SP";"Brasil";-;-;"https://www.consegturcorretora.com.br";"Autorizada em Atividade";
44196293;"CONSHOP ADMINISTRADORA DE CONSORCIOS LTDA.";"AV ARTUR DE QUEIROS  701";"SALA 06";"CASA BRANCA";"09015510";"SANTO ANDRE";"SP";"Brasil";-;-;-;"Autorizada em Atividade";
47658539;"CONSÓRCIO NACIONAL VOLKSWAGEN - ADMINISTRADORA DE CONSÓRCIO LTDA.";"RUA VOLKSWAGEN, 291";-;"PARQUE JABAQUARA";"04344900";"SAO PAULO";"SP";"Brasil";-;-;"https://www.cnvw.com.br";"Autorizada em Atividade";
12473687;"CONTA PRONTA INSTITUICAO DE PAGAMENTO LTDA";"ALAMEDA GRAJAU, 614";"CONJUNTO 708";"ALPHAVILLE";"06454050";"BARUERI";"SP";"Brasil";-;-;"https://www.contapronta.com.br";"Autorizada em Atividade";
53720128;"CONTA SIMPLES SOCIEDADE DE CRÉDITO DIRETO S.A.";"AV. DR. CHUCRI ZAIDAN, N- 246";"CONJUNTO 151 - 15 ANDAR";"VILA CORDEIRO";"04583110";"SAO PAULO";"SP";"Brasil";-;-;"https://contasimples.com/";"Autorizada em Atividade";
47381104;"CONTAAZUL INSTITUICAO DE PAGAMENTO LTDA.";"RUA DONA FRANCISCA, 8300";"BLOCO O, MÓDULOS 04 E 05, PERINI BUSINESS PARK";"INDUSTRIAL NORTE";"89219600";"JOINVILLE";"SC";"Brasil";-;-;-;"Autorizada em Atividade";
58919903;"CONVEF ADMINISTRADORA DE CONSÓRCIOS LTDA.";"AVENIDA IBIRAPUERA, 2822";"ANDAR 3 - PARTE";"INDIANOPOLIS";"04028002";"SAO PAULO";"SP";"Brasil";-;-;"https://www.caoaconsorcios.com.br";"Autorizada em Atividade";
4051232;"COOPER BENEFICIOS INSTITUICAO DE PAGAMENTO LTDA";"AVENIDA PEDRO TAQUES, N° 294";"EDIFÍCIO ATRIUM, TORRE NORTE, 6° ANDAR";"ZONA 7";"87030000";"MARINGA";"PR";"Brasil";-;-;"https://www.coopercard.com.br";"Autorizada em Atividade";
5938780;"COOPER CARD INSTITUIÇÃO DE PAGAMENTO LTDA.";"ALAMEDA RIO NEGRO";"ESCRITÓRIOS RIO NEGRO, 20- ANDAR, SALA 2002";"ALPHAVILLE";"06454000";"BARUERI";"SP";"Brasil";-;-;"https://www.coopercard.com.br";"Autorizada em Atividade";
88325113;"COOPERATIVA    DE    ECONOMIA    E    CRÉDITO   MÚTUO  MINUANO";"RUA GONCALVES DIAS  88";"SALA 1005";"CENTRO";"92010050";"CANOAS";"RS";"Brasil";-;-;"https://www.cooperativaminuano.com.br";"Autorizada em Atividade";
1864151;"COOPERATIVA  ECONOMIA CRÉDITO MÚTUO  SERVS E EMPREGADOS PÚBLICOS MUNIC DE BELO HORIZONTE BETIM BRUMADINHO CONTAGEM IBIRITÉ NOVA LIMA RIBEIRÃO DAS NEVES SABARÁ SANTA LUZIA E VESPASIANO SICOOB CREDISERV";"RUA DA BAHIA  905   11 ANDAR";-;"CENTRO";"30160011";"BELO HORIZONTE";"MG";"Brasil";-;-;-;"Autorizada em Atividade";
32428294;"COOPERATIVA CENTRAL DE CREDITO DO ESPIRITO SANTO - SICOOB CENTRAL ES";"RUA CONSTANTE SODRÉ, N- 305";-;"SANTA LUCIA";"29056310";"VITORIA";"ES";"Brasil";-;-;"https://www.sicoobes.com.br";"Autorizada em Atividade";
5463212;"COOPERATIVA CENTRAL DE CRÉDITO - AILOS";"RUA GENERAL OSÓRIO, 1180";-;"VELHA";"89041002";"BLUMENAU";"SC";"Brasil";-;-;"https://www.ailos.coop.br/";"Autorizada em Atividade";
1401771;"COOPERATIVA CENTRAL DE CRÉDITO COM INTERAÇÃO SOLIDÁRIA - CENTRAL CRESOL BASER";"RUA ERNESTO SANDERSON, N- 101";-;"INDUSTRIAL";"85601657";"FRANCISCO BELTRAO";"PR";"Brasil";-;-;"https://www.cresol.com.br";"Autorizada em Atividade";
34148882;"COOPERATIVA CENTRAL DE CRÉDITO DA BAHIA LTDA - SICOOB CENTRAL BA";"RUA ALCEU AMOROSO LIMA  N  470";"ED  EMPRESARIAL NIEMEYER  10  ANDAR";"CAMINHO DAS ARVORES";"41820770";"SALVADOR";"BA";"Brasil";-;-;"https://www.sicoob-ba.com.br";"Autorizada em Atividade";
33416108;"COOPERATIVA CENTRAL DE CRÉDITO DE GOIÁS, DISTRITO FEDERAL E TOCANTINS LTDA. - SICOOB NOVA CENTRAL";"RUA 15 1250";-;"SETOR MARISTA";"74150020";"GOIANIA";"GO";"Brasil";-;-;"https://www.sicoob.com.br/web/sicoobnovacentral";"Autorizada em Atividade";
25683434;"COOPERATIVA CENTRAL DE CRÉDITO DE MINAS GERAIS LTDA. - SICOOB CENTRAL CREDIMINAS";"AVENIDA DEL REY  111";"CONDOMINIO COMERCIAL CAICARA  TORRE B  7  ANDAR";"CAPARAO";"30775240";"BELO HORIZONTE";"MG";"Brasil";-;-;"https://www.sicoob.com.br/web/sicoobcentralcrediminas";"Autorizada em Atividade";
80160260;"COOPERATIVA CENTRAL DE CRÉDITO DE SANTA CATARINA E RIO GRANDE DO SUL - SICOOB CENTRAL SC/RS";"RUA TENENTE SILVEIRA  94";"ANDARES 2   3   4   5   6  E 8";"CENTRO";"88010300";"FLORIANOPOLIS";"SC";"Brasil";-;-;"https://www.sicoob.com.br/web/sicoobcentralscrs";"Autorizada em Atividade";
63917579;"COOPERATIVA CENTRAL DE CRÉDITO DO ESTADO DE SÃO PAULO - SICOOB SÃO PAULO";"AVENIDA PROFESSOR JOAO FIUSA  2604";-;"JARDIM CANADA";"14024260";"RIBEIRAO PRETO";"SP";"Brasil";-;-;"https://www.sicoob.com.br/web/sicoobcentralsp";"Autorizada em Atividade";
3502131;"COOPERATIVA CENTRAL DE CRÉDITO DO NORTE DO BRASIL - SICOOB NORTE";"AV NACOES UNIDAS 555";-;"N S  DAS GRACAS";"76804175";"PORTO VELHO";"RO";"Brasil";-;-;"https://www.sicoobnorte.com.br";"Autorizada em Atividade";
7202627;"COOPERATIVA CENTRAL DE CRÉDITO E ECONOMIA COM INTERAÇÃO SOLIDÁRIA - CRESOL CENTRAL BRASIL";"RUA ACHILES TOMAZELLI  1310E";"PREDIO";"SANTA MARIA";"89812143";"CHAPECO";"SC";"Brasil";-;-;"https://www.cresolcentral.com.br";"Autorizada em Atividade";
21198087;"COOPERATIVA CENTRAL DE CRÉDITO E INVESTIMENTO COM INTERAÇÃO SOLIDÁRIA - CENTRAL CRESOL SICOPER";"RUA GILBERTO DE OLIVEIRA BORGES, 30";-;"CIDADE NOVA";"99022008";"PASSO FUNDO";"RS";"Brasil";-;-;"https://www.cresolsicoper.com.br";"Autorizada em Atividade";
315557;"COOPERATIVA CENTRAL DE CRÉDITO UNICRED DO BRASIL - UNICRED DO BRASIL";"AV. PAULISTA, 2.300";"CONJ 192, 19 ANDAR";"BELA VISTA";"01310300";"SAO PAULO";"SP";"Brasil";-;-;"https://www.unicred.com.br";"Autorizada em Atividade";
33737818;"COOPERATIVA CENTRAL DE CRÉDITO, POUPANÇA E INVESTIMENTO DE MATO GROSSO DO SUL, GOIÁS, DISTRITO FEDERAL E TOCANTINS - CENTRAL SICREDI BRASIL CENTRAL";"AV  T 12  S N";"QD 123 LT 17 18 SALA 2801 ED CONNECT PARK BUSINESS";"BUENO";"74223080";"GOIANIA";"GO";"Brasil";-;-;-;"Autorizada em Atividade";
33667205;"COOPERATIVA CENTRAL DE CRÉDITO, POUPANÇA E INVESTIMENTO DO CENTRO NORTE DO BRASIL - CENTRAL SICREDI CENTRO NORTE";"AVENIDA A, 789";-;"TERRA NOVA";"78050392";"CUIABA";"MT";"Brasil";-;-;"https://www.sicredi.com.br";"Autorizada em Atividade";
70119680;"COOPERATIVA CENTRAL DE CRÉDITO, POUPANÇA E INVESTIMENTO DO NORDESTE - CENTRAL SICREDI NORDESTE";"AV. PRESIDENTE EPITÁCIO PESSOA";"19- ANDAR - EDIFÍCIO ATLANTIS OFFICES DESIGN";"TAMBAUZINHO";"58042006";"JOAO PESSOA";"PB";"Brasil";-;-;"https://www.sicredine.com.br";"Autorizada em Atividade";
87437687;"COOPERATIVA CENTRAL DE CRÉDITO, POUPANÇA E INVESTIMENTO DO SUL E SUDESTE - CENTRAL SICREDI SUL/SUDESTE";"R. MANOELITO DE ORNELLAS, 55";"18- E 19- ANDAR";"PRAIA DE BELAS";"90110230";"PORTO ALEGRE";"RS";"Brasil";-;-;-;"Autorizada em Atividade";
80230774;"COOPERATIVA CENTRAL DE CRÉDITO, POUPANÇA E INVESTIMENTO DOS ESTADOS DO PARANÁ, SÃO PAULO E RIO DE JANEIRO - CENTRAL SICREDI PR/SP/RJ";"R ALCIDES MUNHOZ  165";"1  ANDAR";"MERCES";"80810040";"CURITIBA";"PR";"Brasil";-;-;-;"Autorizada em Atividade";
14568725;"COOPERATIVA CENTRAL DE ECONOMIA E CRÉDITO SICOOB UNIMAIS RIO LTDA.";"RUA RODRIGO SILVA  N  26";"6  ANDAR   SALA 601";"CENTRO";"20011040";"RIO DE JANEIRO";"RJ";"Brasil";-;-;"https://www.sicoobrio.com.br";"Autorizada em Atividade";
51010858;"COOPERATIVA DE CAPITAL E EMPRÉSTIMO COOPERMULTICRED - COOPERMC";"AV  MONTEIRO LOBATO  3411   ANTIGO 3285";"HITACHI ENERGY - COOPERATIVA - PRÉDIO RESTAURANTE";"SAO ROQUE";"07190904";"GUARULHOS";"SP";"Brasil";-;-;"https://www.coopermc.com.br";"Autorizada em Atividade";
4120633;"COOPERATIVA DE CREDITO CLASSICA DO ESTADO DO RIO DE JANEIRO - SICOOB EMPRESAS RJ";"AV  DAS AMERICAS  3500  BLOCO 2  SALA 204";"COND  LE MONDE";"BARRA DA TIJUCA";"22640102";"RIO DE JANEIRO";"RJ";"Brasil";-;-;"https://www.sicoobempresas.com.br";"Autorizada em Atividade";
49389307;"COOPERATIVA DE CREDITO COOPLIVRE";"RUA BENTO DIAS  610";-;"CENTRO";"13360089";"CAPIVARI";"SP";"Brasil";-;-;"https://www.cooplivre.com.br";"Autorizada em Atividade";
429890;"COOPERATIVA DE CREDITO CREDIAGRO LTDA. - SICOOB CREDIAGRO";"RUA TIRADENTES";"440";"CENTRO";"38970000";"CAMPOS ALTOS";"MG";"Brasil";-;-;"https://www.sicoobcrediagro.com.br";"Autorizada em Atividade";
966246;"COOPERATIVA DE CREDITO CREDICERIPA - SICOOB CREDICERIPA";"RUA SALVADOR DE FREITAS N 1 243";-;"CENTRO";"18730000";"ITAI";"SP";"Brasil";-;-;"https://www.crediceripa.com.br";"Autorizada em Atividade";
54037916;"COOPERATIVA DE CREDITO CREDICITRUS";"RUA PRUDENTE DE MORAES  534";-;"CENTRO";"14700120";"BEBEDOURO";"SP";"Brasil";-;-;"https://www.credicitrus.com.br";"Autorizada em Atividade";
66788142;"COOPERATIVA DE CREDITO CREDIMOTA   SICOOB CREDIMOTA";"RUA HENRIQUE VASQUES  262";-;"CENTRO";"19880039";"CANDIDO MOTA";"SP";"Brasil";-;-;"https://www.sicoobcredimota.com.br";"Autorizada em Atividade";
3358914;"COOPERATIVA DE CREDITO CREDIROCHAS - SICOOB CREDIROCHAS";"RUA VINTE E CINCO DE MARÇO, N- 29";-;"CENTRO";"29300100";"CACHOEIRO DE ITAPEMIRIM";"ES";"Brasil";-;-;"https://www.sicoobes.com.br";"Autorizada em Atividade";
22656789;"COOPERATIVA DE CREDITO CREDISUDESTE LTDA. - SICOOB CREDISUDESTE";"R PASCHOAL BERNARDINO  101";-;"CENTRO";"36880049";"MURIAE";"MG";"Brasil";-;-;-;"Autorizada em Atividade";
5463934;"COOPERATIVA DE CREDITO CREDLIDER - SICOOB CREDLIDER";"RUA SAO PAULO  3069";"TERREO";"CENTRO";"15500010";"VOTUPORANGA";"SP";"Brasil";-;-;-;"Autorizada em Atividade";
1009908;"COOPERATIVA DE CREDITO DE LIVRE ADMISSAO DE PARA DE MINAS LTDA - SICOOB ASCICRED";"PRAÇA PADRE JOSÉ PEREIRA COELHO, 77";"LOJA 1";"CENTRO";"35660015";"PARA DE MINAS";"MG";"Brasil";-;-;"https://www.sicoobascicred.com.br";"Autorizada em Atividade";
4181542;"COOPERATIVA DE CREDITO DE LIVRE ADMISSAO DE PITANGUI E REGIAO LTDA. - SICOOB CREDPIT";"AV  LIMA GUIMARAES  39";-;"CENTRO";"35650000";"PITANGUI";"MG";"Brasil";-;-;-;"Autorizada em Atividade";
73422792;"COOPERATIVA DE CREDITO DE LIVRE ADMISSAO DE RUBIATABA E REGIAO LTDA";"AV. AROEIRA, 880";-;"SETOR AEROPORTO";"76350350";"RUBIATABA";"GO";"Brasil";-;-;-;"Autorizada em Atividade";
2173447;"COOPERATIVA DE CREDITO DE LIVRE ADMISSAO DO CENTRO NORDESTE MINEIRO LTDA - SICOOB CREDICENM";"PRACA JK 333";-;"CENTRO";"39740000";"GUANHAES";"MG";"Brasil";-;-;"https://www.sicoob.com.br/web/sicoobcredicenm";"Autorizada em Atividade";
19869338;"COOPERATIVA DE CREDITO DE LIVRE ADMISSAO DO VALE DO AÇO LTDA - SICOOB VALE DO AÇO";"AVENIDA CASTELO BRANCO";"595";"HORTO";"35160294";"IPATINGA";"MG";"Brasil";-;-;-;"Autorizada em Atividade";
81014060;"COOPERATIVA DE CREDITO DE LIVRE ADMISSÃO DE ASSOCIADOS ITAIPU SICOOB CREDITAIPU";"RUA JOAO PESSOA  1 490";"CENTRO";"CENTRO";"89870000";"PINHALZINHO";"SC";"Brasil";-;-;"https://www.creditaipu.coop.br";"Autorizada em Atividade";
1604998;"COOPERATIVA DE CREDITO DE LIVRE ADMISSÃO DO SUL DE MINAS LTDA - SICOOB CREDIVASS";"RUA DR  FERNANDO LEMOS 44";-;"CENTRO";"37490000";"SAO GONCALO DO SAPUCAI";"MG";"Brasil";-;-;"https://www.sicoobcredivass.com.br";"Autorizada em Atividade";
968602;"COOPERATIVA DE CREDITO DE LIVRE ADMISSÃO DO VALE DO SÃO PATRICIO LTDA.";"AV  BRASIL N  330";-;"CENTRO";"76380070";"GOIANESIA";"GO";"Brasil";-;-;"https://www.sicoob.com.br/web/sicoobcoopercred/para-voce";"Autorizada em Atividade";
14913919;"COOPERATIVA DE CREDITO DO MERCADO IMOBILIÁRIO - SICOOB IMOB.VC";"RUA SERGIPE,  1000";"-";"SAVASSI";"30130174";"BELO HORIZONTE";"MG";"Brasil";-;-;"https://www.sicoob.com.br/web/sicoobimob";"Autorizada em Atividade";
3033469;"COOPERATIVA DE CREDITO DO PLANALTO SUL - SICOOB CREDISSERRANA";"RUA SÃO JOAQUIM, 649";-;"COPACABANA";"88504011";"LAGES";"SC";"Brasil";-;-;-;"Autorizada em Atividade";
5410056;"COOPERATIVA DE CREDITO E ECONOMIA COM INTERAÇÃO SOLIDARIA - CRESOL LITORAL";"AVENIDA DUQUE DE CAXIAS 378";-;"CENTRO";"88715000";"JAGUARUNA";"SC";"Brasil";-;-;"https://www.cresolcentral.com.br";"Autorizada em Atividade";
9463721;"COOPERATIVA DE CREDITO E ECONOMIA COM INTERAÇÃO SOLIDÁRIA - CRESOL JACINTO MACHADO";"RUA POOL JORGE ZACCA  N  135";-;"CENTRO";"88950000";"JACINTO MACHADO";"SC";"Brasil";-;-;"https://www.cresolcentral.com.br";"Autorizada em Atividade";
7958405;"COOPERATIVA DE CREDITO E ECONOMIA COM INTERAÇÃO SOLIDÁRIA - CRESOL SERRA MAR";"RUA JORGE LACERDA  237";-;"CENTRO";"88760000";"RIO FORTUNA";"SC";"Brasil";-;-;"https://www.cresolcentral.com.br";"Autorizada em Atividade";
9330158;"COOPERATIVA DE CREDITO E ECONOMIA COM INTERAÇÃO SOLIDÁRIA - CRESOL TREZE DE MAIO";"AVENIDA 7 DE SETEMBRO, N- 244";-;"CENTRO";"88710000";"TREZE DE MAIO";"SC";"Brasil";-;-;-;"Autorizada em Atividade";
971300;"COOPERATIVA DE CREDITO E INVESTIMENTO COM INTERACAO SOLIDARIA PIONEIRA - CRESOL PIONEIRA";"TRAVESSA DOUTOR ARNALDO BUSATO, N.13";"EDIFICIO EPIC BUSINESS CENTER, SALA 501-COBERTURA";"CENTRO";"85660000";"DOIS VIZINHOS";"PR";"Brasil";-;-;"https://www.cresol.com.br";"Autorizada em Atividade";
59869560;"COOPERATIVA DE CREDITO NOSSO - SICOOB NOSSO";"AL  DR  ARMANDO SALLES DE OLIVEIRA  N  449";-;"CENTRO";"17800011";"ADAMANTINA";"SP";"Brasil";-;-;-;"Autorizada em Atividade";
2382755;"COOPERATIVA DE CREDITO POTIGUAR - SICOOB POTIGUAR";"TRAVESSA DOIS DE NOVEMBRO  430";-;"ALECRIM";"59030170";"NATAL";"RN";"Brasil";-;-;-;"Autorizada em Atividade";
32422628;"COOPERATIVA DE CREDITO RURAL DE GUACUI - CREDIGUAÇUÍ";"RUA BOM JESUS DO LIVRAMENTO, 25";-;"CENTRO";"29560000";"GUACUI";"ES";"Brasil";-;-;"https://crediguacui.com";"Autorizada em Atividade";
8240446;"COOPERATIVA DE CREDITO RURAL DE IBIAM - SULCREDI/IBIAM";"AVENIDA 20 DE JULHO";"830";"CENTRO";"89652000";"IBIAM";"SC";"Brasil";-;-;"https://www.sulcrediibiam.com.br/";"Autorizada em Atividade";
204963;"COOPERATIVA DE CREDITO RURAL SEARA - CREDISEARA";"AVENIDA BEIRA RIO 06";-;"CENTRO";"89770000";"SEARA";"SC";"Brasil";-;-;"https://www.crediseara.com.br";"Autorizada em Atividade";
32615247;"COOPERATIVA DE CREDITO SICOOB COOPEC LTDA.";"AVENIDA DO CINQUENTENARIO, 1100";"1  E 2  ANDAR";"CENTRO";"45600006";"ITABUNA";"BA";"Brasil";-;-;"https://www.coopec.org.br";"Autorizada em Atividade";
8253539;"COOPERATIVA DE CREDITO SULCREDI AMPLEA";"RUA PADRE AURELIO CANZI";"1833";"CENTRO";"89900000";"SAO MIGUEL D'OESTE";"SC";"Brasil";-;-;"https://amplea.coop.br/";"Autorizada em Atividade";
82639451;"COOPERATIVA DE CREDITO VALE DO ITAJAI - VIACREDI";"RUA HERMANN HERING,1125";-;"BOM RETIRO";"89010675";"BLUMENAU";"SC";"Brasil";-;-;"https://www.viacredi.coop.br";"Autorizada em Atividade";
72128440;"COOPERATIVA DE CREDITO, POUPANCA E INVESTIMENTO DO RIO DE JANEIRO - SICREDI RIO RJ";"RUA SOROCABA  500";-;"BOTAFOGO";"22271110";"RIO DE JANEIRO";"RJ";"Brasil";-;-;"https://www.sicredi.com.br";"Autorizada em Atividade";
79052122;"COOPERATIVA DE CREDITO, POUPANÇA E INVESTIMENTO ALIANÇA - SICREDI ALIANÇA PR/SP";"R ESPIRITO SANTO  991";-;"CENTRO";"85960000";"MARECHAL CANDIDO RONDON";"PR";"Brasil";-;-;-;"Autorizada em Atividade";
3612764;"COOPERATIVA DE CRÉDITO  DE FRONTEIRAS  LTDA. - SICOOB FRONTEIRAS";"RUA SAO LUIZ  1230";-;"CENTRO";"76973884";"CACOAL";"RO";"Brasil";-;-;"https://www.sicoob.com.br/web/sicoobfronteiras/para-voce";"Autorizada em Atividade";
9590601;"COOPERATIVA DE CRÉDITO - CREDICOMIN";"RUA HUMBERTO DE CAMPOS, N- 909";-;"SAGRADO CORAÇÃO DE J";"88508190";"LAGES";"SC";"Brasil";-;-;"https://www.credicomin.coop.br";"Autorizada em Atividade";
3428338;"COOPERATIVA DE CRÉDITO - SICOOB CREDUNI";"RUA ANTENOR NAVARRO 496";-;"PRATA";"58400520";"CAMPINA GRANDE";"PB";"Brasil";-;-;-;"Autorizada em Atividade";
41180092;"COOPERATIVA DE CRÉDITO - SICREDI EXPANSÃO";"RUA SA E ALBUQUERQUE, 316";-;"JARAGUA";"57022180";"MACEIO";"AL";"Brasil";-;-;"https://www.sicredi.com.br/alagoas/";"Autorizada em Atividade";
5545390;"COOPERATIVA DE CRÉDITO - SICREDI LENÇÓIS";"RUA DOS AZULOES 1";"EDIFICIO OFFICE TOWER  SALAS 720 723";"JARDIM RENASCENCA";"65075060";"SAO LUIS";"MA";"Brasil";-;-;"https://www.sicredi.com.br/coomamp/";"Autorizada em Atividade";
42873828;"COOPERATIVA DE CRÉDITO AGROCREDI LTDA. - SICOOB AGROCREDI";"RUA CAPITAO JOAQUIM NORBERTO";"105";"CENTRO";"37830006";"GUAXUPE";"MG";"Brasil";-;-;"https://www.agrocredi.com.br";"Autorizada em Atividade";
87795639;"COOPERATIVA DE CRÉDITO ALIANÇA - SICREDI ALIANÇA";"RUA GUSTAVO SILVEIRA FERRET  124";-;"SANTA LUCIA";"99150000";"MARAU";"RS";"Brasil";-;-;-;"Autorizada em Atividade";
80959612;"COOPERATIVA DE CRÉDITO ALTO VALE DO ITAJAÍ - SICOOB ALTO VALE";"ESTRADA BOA ESPERANÇA, N- 260";-;"PROGRESSO";"89163610";"RIO DO SUL";"SC";"Brasil";-;-;"https://www.sicoobaltovale.coop.br";"Autorizada em Atividade";
3320525;"COOPERATIVA DE CRÉDITO ARACOOP LTDA. - SICOOB ARACOOP";"RUA PADRE NORBERTO  N 390";-;"JARDIM REGINA";"38440148";"ARAGUARI";"MG";"Brasil";-;-;"https://www.sicoobaracoop.com.br";"Autorizada em Atividade";
68987;"COOPERATIVA DE CRÉDITO ARACREDI LTDA. - SICOOB ARACREDI";"RUA MAJOR JOAQUIM MAGALHÃES";"303";"CENTRO";"38440152";"ARAGUARI";"MG";"Brasil";-;-;"https://www.sicoobaracredi.com.br";"Autorizada em Atividade";
41753500;"COOPERATIVA DE CRÉDITO CARLOS CHAGAS LTDA. - SICOOB CARLOS CHAGAS";"AV. CAPITAO JOAO PINTO 17";"LETRA B";"CENTRO";"39864000";"CARLOS CHAGAS";"MG";"Brasil";-;-;-;"Autorizada em Atividade";
9403026;"COOPERATIVA DE CRÉDITO CENTRO LESTE NORTE MARANHENSE - SICOOB CENTROLESTE";"RUA FREI BENJAMIM DE BORNO,  55";-;"CENTRO";"65940000";"GRAJAU";"MA";"Brasil";-;-;-;"Autorizada em Atividade";
33924028;"COOPERATIVA DE CRÉDITO CLÁSSICA DOS EMPREGADOS DA VALE S/A E ENTIDADES VINCULADAS LTDA. - SICOOB COOPVALE";"RUA SANTA LUZIA, 651";"35- ANDAR";"CENTRO";"20030041";"RIO DE JANEIRO";"RJ";"Brasil";-;-;"https://www.coopvale.com";"Autorizada em Atividade";
54401286;"COOPERATIVA DE CRÉDITO COCRE";"AV  DOUTOR CASSIO PASCHOAL PADOVANI";"N  184";"MORUMBI";"13420360";"PIRACICABA";"SP";"Brasil";-;-;"https://www.cocre.com.br";"Autorizada em Atividade";
44401800;"COOPERATIVA DE CRÉDITO COGEM";"RUA JOSÉ VERSOLATO 111";"SALAS 2607 E 2608 - TORRE B - COND. DOMO BUSINESS";"BAETA NEVES";"09750730";"SAO BERNARDO DO CAMPO";"SP";"Brasil";-;-;"https://www.cogem.com.br";"Autorizada em Atividade";
32430233;"COOPERATIVA DE CRÉDITO CONEXÃO - SICOOB CONEXÃO";"AVENIDA PREFEITO SAMUEL BATISTA CRUZ, 2905";-;"N.S. DA CONCEIÇÃO";"29900527";"LINHARES";"ES";"Brasil";-;-;"https://www.sicoobes.com.br";"Autorizada em Atividade";
53935029;"COOPERATIVA DE CRÉDITO COOCRELIVRE";"RUA 1 (UM   N  518";"PISO SUPERIOR";"CENTRO";"14620000";"ORLANDIA";"SP";"Brasil";-;-;"https://www.coocrelivre.com.br";"Autorizada em Atividade";
65229254;"COOPERATIVA DE CRÉDITO COOPACREDI LTDA. - SICOOB COOPACREDI";"AV  RUI BARBOSA  163";-;"CENTRO";"38740036";"PATROCINIO";"MG";"Brasil";-;-;"https://www.sicoobcoopacredi.com.br";"Autorizada em Atividade";
17314501;"COOPERATIVA DE CRÉDITO COOPAÇO LTDA.";"AV. MARIZA DE SOUZA MENDES,770 - LOJA 05";-;"PIONEIROS";"36492347";"OURO BRANCO";"MG";"Brasil";-;-;"https://www.coopaco.com.br";"Autorizada em Atividade";
53623781;"COOPERATIVA DE CRÉDITO COOPCRED";"RUA MAURO FRAZILLI N° 30";-;"CENTRO";"16880000";"VALPARAISO";"SP";"Brasil";-;-;"https://www.coopcred.com.br";"Autorizada em Atividade";
87779625;"COOPERATIVA DE CRÉDITO COOPERAÇÃO - SICREDI COOPERAÇÃO";"AV  ALTO JACUI  528";"SALA 101";"CENTRO";"99470000";"NAO-ME-TOQUE";"RS";"Brasil";-;-;-;"Autorizada em Atividade";
31804966;"COOPERATIVA DE CRÉDITO COOPERMAIS - SICOOB COOPERMAIS";"RUA HERMANN MIERTSCHINK, 90";-;"CENTRO";"29645126";"SANTA MARIA DE JETIBA";"ES";"Brasil";-;-;"https://www.sicoobes.com.br";"Autorizada em Atividade";
2814832;"COOPERATIVA DE CRÉDITO COOPHARMA";"AVENIDA DR. CHUCRI ZAIDAN, 296";"13º ANDAR SALA 108";"VILA CORDEIRO";"04583110";"SAO PAULO";"SP";"Brasil";-;-;-;"Autorizada em Atividade";
18966739;"COOPERATIVA DE CRÉDITO COPERSUL LTDA - SICOOB COPERSUL";"RUA AMERICO MIARI";"36";"CENTRO";"37185068";"TRES PONTAS";"MG";"Brasil";-;-;-;"Autorizada em Atividade";
19449602;"COOPERATIVA DE CRÉDITO CREDCOOPER LTDA - SICOOB CREDCOOPER";"PRACA GETULIO VARGAS";"82";"CENTRO";"35300034";"CARATINGA";"MG";"Brasil";-;-;"https://www.sicoob.com.br/web/sicoobcredcooper";"Autorizada em Atividade";
25353939;"COOPERATIVA DE CRÉDITO CREDIALP LTDA - SICOOB CREDIALP";"AVENIDA GOVERNADOR VALADARES";"626";"CENTRO";"37940000";"ALPINOPOLIS";"MG";"Brasil";-;-;"https://www.credialp.com.br";"Autorizada em Atividade";
66398496;"COOPERATIVA DE CRÉDITO CREDIARA LTDA - SICOOB CREDIARA";"RUA DOM BOSCO  133";-;"CENTRO";"38183228";"ARAXA";"MG";"Brasil";-;-;-;"Autorizada em Atividade";
66259110;"COOPERATIVA DE CRÉDITO CREDIBAM LTDA. - SICOOB CREDIBAM";"AVENIDA ARMANDO FRANCO  155";-;"CENTRO";"38900000";"BAMBUI";"MG";"Brasil";-;-;"https://www.sicoobcredibam.com.br";"Autorizada em Atividade";
71237184;"COOPERATIVA DE CRÉDITO CREDIBELO LTDA. - SICOOB CREDIBELO";"RUA ARTUR BERNARDES 205";-;"CENTRO";"37270000";"CAMPO BELO";"MG";"Brasil";-;-;-;"Autorizada em Atividade";
21670187;"COOPERATIVA DE CRÉDITO CREDIBOM LTDA. - SICOOB CREDIBOM";"AV DAS PALMEIRAS";"170";"CENTRO";"35630002";"BOM DESPACHO";"MG";"Brasil";-;-;-;"Autorizada em Atividade";
25395435;"COOPERATIVA DE CRÉDITO CREDICAF LTDA - SICOOB CREDICAF";"RUA DR RUBENS BOECHAT DE OLIVEIRA";"310";"CENTRO";"36980000";"LAJINHA";"MG";"Brasil";-;-;-;"Autorizada em Atividade";
1609345;"COOPERATIVA DE CRÉDITO CREDICAMPINA LTDA. - SICOOB CREDICAMPINA";"RUA 26  N  926";-;"CENTRO";"38270000";"CAMPINA VERDE";"MG";"Brasil";-;-;"https://www.sicoobcredicampina.com.br";"Autorizada em Atividade";
21661202;"COOPERATIVA DE CRÉDITO CREDICAMPO LTDA.- SICOOB CREDICAMPO";"AVENIDA MAJOR JUSCELINO";"925";"CENTRO";"35490000";"ENTRE RIOS DE MINAS";"MG";"Brasil";-;-;"https://www.sicoobcredicampo.com.br";"Autorizada em Atividade";
804046;"COOPERATIVA DE CRÉDITO CREDICAPI LTDA - SICOOB CREDICAPI";"PRACA PADRE JOAO MACHADO";"400";"CENTRO";"37930000";"CAPITOLIO";"MG";"Brasil";-;-;-;"Autorizada em Atividade";
23949522;"COOPERATIVA DE CRÉDITO CREDICARPA LTDA. - SICOOB CREDICARPA";"RUA PREFEITO JOÃO LUIZ DE CARVALHO";"316";"CENTRO";"38840054";"CARMO DO PARANAIBA";"MG";"Brasil";-;-;-;"Autorizada em Atividade";
53776852;"COOPERATIVA DE CRÉDITO CREDICENTRO";"AV. VALERIANO ALVAREZ, 21";-;"VILA XAVIER";"14810185";"ARARAQUARA";"SP";"Brasil";-;-;"https://www.credicentrosp.com.br";"Autorizada em Atividade";
67096909;"COOPERATIVA DE CRÉDITO CREDICOCAPEC";"AV  WILSON SABIO DE MELLO  2770";-;"DISTRITO INDUSTRIAL";"14406052";"FRANCA";"SP";"Brasil";-;-;"https://www.credicocapec.com.br";"Autorizada em Atividade";
41931221;"COOPERATIVA DE CRÉDITO CREDICOOP LTDA - SICOOB CREDICOOP";"RUA LACERDINO ROCHA";"167";"CENTRO";"35650000";"PITANGUI";"MG";"Brasil";-;-;-;"Autorizada em Atividade";
38588174;"COOPERATIVA DE CRÉDITO CREDICOPE LTDA. - SICOOB CREDICOPE";"AV. JOAO SIQUEIRA";"109";"CENTRO";"35240045";"CONSELHEIRO PENA";"MG";"Brasil";-;-;-;"Autorizada em Atividade";
68512748;"COOPERATIVA DE CRÉDITO CREDIESMERALDAS LTDA. - SICOOB CREDIESMERALDAS";"RUA ANA FELIPA  28";-;"CENTRO";"32800094";"ESMERALDAS";"MG";"Brasil";-;-;-;"Autorizada em Atividade";
7469260;"COOPERATIVA DE CRÉDITO CREDIFIEMG LTDA. - SICOOB CREDIFIEMG";"AVENIDA DO CONTORNO  4520";"4  ANDAR";"FUNCIONARIOS";"30110916";"BELO HORIZONTE";"MG";"Brasil";-;-;-;"Autorizada em Atividade";
41931445;"COOPERATIVA DE CRÉDITO CREDIFOR LTDA - SICOOB CREDIFOR";"AV  RIO BRANCO";"220";"CENTRO";"35570078";"FORMIGA";"MG";"Brasil";-;-;"https://www.sicoobcredifor.com.br";"Autorizada em Atividade";
67960229;"COOPERATIVA DE CRÉDITO CREDIGUAÇU - SICOOB CREDIGUAÇU";"RUA CONSELHEIRO ANTONIO PRADO  544";-;"CENTRO";"13690000";"DESCALVADO";"SP";"Brasil";-;-;"https://www.crediguacu.com.br";"Autorizada em Atividade";
71243034;"COOPERATIVA DE CRÉDITO CREDIJEQUITINHONHA LTDA. - SICOOB CREDIJEQUITINHONHA";"RUA CAPITAO DOMINGOS PIMENTA";"139";"CENTRO";"39680052";"CAPELINHA";"MG";"Brasil";-;-;"https://www.sicoob3046.com.br";"Autorizada em Atividade";
41697103;"COOPERATIVA DE CRÉDITO CREDILIVRE LTDA. - SICOOB CREDILIVRE";"RUA DOUTOR JOSE FERNANDES RODRIGUES  490";-;"CENTRO";"36900088";"MANHUACU";"MG";"Brasil";-;-;"https://www.sicoobcredilivre.com.br";"Autorizada em Atividade";
64480833;"COOPERATIVA DE CRÉDITO CREDIMAC LTDA - SICOOB CREDIMAC";"PRACA GOVERNADOR VALADARES, 142";-;"CENTRO";"35606000";"MARTINHO CAMPOS";"MG";"Brasil";-;-;-;"Autorizada em Atividade";
1152097;"COOPERATIVA DE CRÉDITO CREDIMATA LTDA. - SICOOB CREDIMATA";"RUA ELIAS BOUHID";"38";"CENTRO";"36720000";"VOLTA GRANDE";"MG";"Brasil";-;-;"https://www.sicoobcredimata.com.br";"Autorizada em Atividade";
25420696;"COOPERATIVA DE CRÉDITO CREDINACIONAL LTDA. - SICOOB CREDINACIONAL";"AVENIDA DOUTOR GUIDO, 325";-;"CENTRO";"35620000";"ABAETE";"MG";"Brasil";-;-;-;"Autorizada em Atividade";
21866694;"COOPERATIVA DE CRÉDITO CREDINOR LTDA - SICOOB CREDINOR";"RUA PIRES E ALBUQUERQUE";"540";"CENTRO";"39400057";"MONTES CLAROS";"MG";"Brasil";-;-;"https://www.sicoobcredinor.com.br";"Autorizada em Atividade";
64276058;"COOPERATIVA DE CRÉDITO CREDINORTE LTDA. - SICOOB CREDINORTE";"R PARACATU";"200";"CENTRO";"39860000";"NANUQUE";"MG";"Brasil";-;-;"https://www.sicoob.com.br/web/sicoobcredinortemg";"Autorizada em Atividade";
6324872;"COOPERATIVA DE CRÉDITO CREDINOSSO LTDA - SICOOB CREDINOSSO";"RUA DOUTOR SANTOS   61";-;"CENTRO";"39400001";"MONTES CLAROS";"MG";"Brasil";-;-;"https://www.sicoobcredinosso.com.br";"Autorizada em Atividade";
24048910;"COOPERATIVA DE CRÉDITO CREDINTER LTDA. - SICOOB CREDINTER";"PRACA CORONEL PAULA RIBEIRO 138";-;"CENTRO";"37810000";"GUARANESIA";"MG";"Brasil";-;-;"https://www.sicoobcredinter.com.br";"Autorizada em Atividade";
66262643;"COOPERATIVA DE CRÉDITO CREDIPEU LTDA.  - SICOOB CREDIPEU";"RUA GILBERTO CORDEIRO VALADARES  581";-;"CENTRO";"35640000";"POMPEU";"MG";"Brasil";-;-;"https://www.sicoobcredipeu.com.br";"Autorizada em Atividade";
42934794;"COOPERATIVA DE CRÉDITO CREDIPIMENTA LTDA. - SICOOB CREDIPIMENTA";"PRACA PADRE ESPINDOLA";"170";"CENTRO";"35585000";"PIMENTA";"MG";"Brasil";-;-;-;"Autorizada em Atividade";
3412878;"COOPERATIVA DE CRÉDITO CREDIRAMA LTDA - SICOOB CREDIRAMA";"AV  BELO HORIZONTE  N  1 601";-;"CENTRO";"38280000";"ITURAMA";"MG";"Brasil";-;-;"https://www.sicoob.com.br/web/sicoobcredirama";"Autorizada em Atividade";
22753982;"COOPERATIVA DE CRÉDITO CREDISETE LTDA. - SICOOB CREDISETE";"PRACA BARAO DO RIO BRANCO  170";-;"CENTRO";"35700029";"SETE LAGOAS";"MG";"Brasil";-;-;-;"Autorizada em Atividade";
3645752;"COOPERATIVA DE CRÉDITO CREDISG LTDA. - SICOOB CREDISG";"AVENIDA RUI BARBOSA";"163";"CENTRO";"38800000";"SAO GOTARDO";"MG";"Brasil";-;-;-;"Autorizada em Atividade";
42887133;"COOPERATIVA DE CRÉDITO CREDISUCESSO LTDA.- SICOOB CREDISUCESSO";"PRACA BENJAMIM GUIMARAES";"109";"CENTRO";"37220000";"BOM SUCESSO";"MG";"Brasil";-;-;"https://www.sicoob.com.br/web/sicoobcredisucesso";"Autorizada em Atividade";
64237530;"COOPERATIVA DE CRÉDITO CREDIUNA LTDA - SICOOB CREDIUNA";"RUA SILVA JARDIM";"822";"UNIVERSITARIO";"35681159";"ITAUNA";"MG";"Brasil";-;-;"https://www.sicoobcrediuna.com.br";"Autorizada em Atividade";
25404542;"COOPERATIVA DE CRÉDITO CREDIVAG LTDA - SICOOB CREDIVAG";"AV. MANOEL ATHAIDE";"N- 713 - 1- ANDAR";"CENTRO";"39445051";"JANAUBA";"MG";"Brasil";-;-;"https://www.credivag.com.br";"Autorizada em Atividade";
25387655;"COOPERATIVA DE CRÉDITO CREDIVALE LTDA - SICOOB CREDIVALE";"RUA ANTÔNIO ALVES BENJAMIN";"241";"CENTRO";"39800021";"TEOFILO OTONI";"MG";"Brasil";-;-;"https://www.sicoobcredivale.com.br";"Autorizada em Atividade";
25798596;"COOPERATIVA DE CRÉDITO CREDIVAR LTDA. - SICOOB CREDIVAR";"RUA SILVIO COUGO";"680";"VILA PAIVA";"37018020";"VARGINHA";"MG";"Brasil";-;-;"https://www.sicoob.com.br/web/sicoobcredivar";"Autorizada em Atividade";
803287;"COOPERATIVA DE CRÉDITO CREDIVAZ LTDA. - SICOOB CREDIVAZ";"RUA ALVES ROSA 325";-;"CENTRO";"38780000";"VAZANTE";"MG";"Brasil";-;-;-;"Autorizada em Atividade";
25528753;"COOPERATIVA DE CRÉDITO CREDIVERDE LTDA. - SICOOB CREDIVERDE";"RUA GOIAS";"1390";"CENTRO";"35500617";"DIVINOPOLIS";"MG";"Brasil";-;-;"https://www.crediverde.com.br";"Autorizada em Atividade";
22724710;"COOPERATIVA DE CRÉDITO CREDIVERTENTES LTDA. - SICOOB CREDIVERTENTES";"RUA CARLOS PEREIRA";"100";"CENTRO";"36350000";"SAO TIAGO";"MG";"Brasil";-;-;-;"Autorizada em Atividade";
25536764;"COOPERATIVA DE CRÉDITO CREDPLUS LTDA. - SICOOB CREDPLUS";"AVENIDA DOUTOR JOSAPHAT MACEDO";"292";"CENTRO";"35595000";"LUZ";"MG";"Brasil";-;-;"https://www.sicoob.com.br/web/sicoobcredplus";"Autorizada em Atividade";
2197569;"COOPERATIVA DE CRÉDITO CREDSAOPAULO - SICOOB CREDSAOPAULO";"RUA PEDRO DE TOLEDO  78";-;"VILA ADYANA";"12243740";"SAO JOSE DOS CAMPOS";"SP";"Brasil";-;-;"https://www.sicoobcredsaopaulo.coop.br/";"Autorizada em Atividade";
5203605;"COOPERATIVA DE CRÉDITO DA AMAZÔNIA - SICOOB AMAZÔNIA";"AV  AYRTON SENNA  1109";"SETOR 01  QUADRA 001  LOTE 006";"SETOR 01";"76880000";"BURITIS";"RO";"Brasil";-;-;-;"Autorizada em Atividade";
9512539;"COOPERATIVA DE CRÉDITO DA FOZ DO RIO ITAJAÍ AÇU - CREDIFOZ";"RUA NIVALDO DETOIE  72";-;"RESSACADA";"88307326";"ITAJAI";"SC";"Brasil";-;-;"https://www.credifoz.coop.br";"Autorizada em Atividade";
2405189;"COOPERATIVA DE CRÉDITO DA GRANDE FLORIANÓPOLIS - ÚNILOS";"RUA PROFESSOR AYRTON ROBERTO DE OLIVEIRA,N. 32";"SALA 601, EDIFÍCIO LAGUNA CORPORATE CENTER";"ITACORUBI";"88034050";"FLORIANOPOLIS";"SC";"Brasil";-;-;"https://www.unilos.coop.br";"Autorizada em Atividade";
22749014;"COOPERATIVA DE CRÉDITO DA REGIÃO CENTRAL DE MINAS LTDA. - SICOOB UNIÃO CENTRAL";"PRACA CEL CAETANO MASCARENHAS, 128";-;"CENTRO";"35774000";"PARAOPEBA";"MG";"Brasil";-;-;"https://www.sicoobuniaocentral.com.br";"Autorizada em Atividade";
10218474;"COOPERATIVA DE CRÉDITO DA REGIÃO DO CONTESTADO - CIVIA";"RUA JOÃO STROEBERL, N. 217";-;"RIO NEGRO";"89287440";"SAO BENTO DO SUL";"SC";"Brasil";-;-;"https://www.civia.coop.br";"Autorizada em Atividade";
86585049;"COOPERATIVA DE CRÉDITO DA REGIÃO DO VALE DO RIO GRANDE LTDA. - SICOOB CREDILEITE";"AV  LEOPOLDINO DE OLIVEIRA";"2771";"ABADIA";"38025025";"UBERABA";"MG";"Brasil";-;-;"https://www.sicoob.com.br/web/sicoobcredileite";"Autorizada em Atividade";
17361536;"COOPERATIVA DE CRÉDITO DA REGIÃO E COLAR METROPOLITANO DO VALE DO AÇO LTDA. - SICOOB COSMIPA";"R EDGARD BOY ROSSI N  70";-;"CENTRO";"35160015";"IPATINGA";"MG";"Brasil";-;-;-;"Autorizada em Atividade";
5392810;"COOPERATIVA DE CRÉDITO DA REGIÃO MERIDIONAL DO BRASIL - SICOOB UNICOOB MERIDIONAL";"AVENIDA JOSÉ JOÃO MURARO 1587";-;"JARDIM PORTO ALEGRE";"85906370";"TOLEDO";"PR";"Brasil";-;-;-;"Autorizada em Atividade";
57987273;"COOPERATIVA DE CRÉDITO DE CAPITAL E EMPRÉSTIMO DOS EMPREGADOS CELETISTAS DE COOPERATIVAS DOS ESTADOS DE SÃO PAULO E MINAS GERAIS - COCREUNI";"RUA AMÉRICO BRASILIENSE, 405";"3º ANDAR - SALAS 313 E 314 - EDIFÍCIO SANTA LYDIA";"CENTRO";"14015050";"RIBEIRAO PRETO";"SP";"Brasil";-;-;"https://www.cocreuni.com.br";"Autorizada em Atividade";
28435685;"COOPERATIVA DE CRÉDITO DE CAPITAL E EMPRÉSTIMO DOS TRABALHADORES NAS EMPRESAS DE TECNOLOGIA E INFORMÁTICA DE BELO HORIZONTE E CIDADES LIMÍTROFES LTDA - COOPERINFOR";"RUA OURO PRETO  1668";"6  ANDAR";"SANTO AGOSTINHO";"30170048";"BELO HORIZONTE";"MG";"Brasil";-;-;-;"Autorizada em Atividade";
4247370;"COOPERATIVA DE CRÉDITO DE EMPRESÁRIOS - SICOOB/TRANSCREDI";"RUA DO COMERCIO  207";-;"CENTRO";"89700085";"CONCORDIA";"SC";"Brasil";-;-;-;"Autorizada em Atividade";
8844074;"COOPERATIVA DE CRÉDITO DE ITAPETININGA - SICOOB CRED-ACI";"RUA MAJOR FONSECA  75";"SALA 01";"CENTRO";"18200022";"ITAPETININGA";"SP";"Brasil";-;-;-;"Autorizada em Atividade";
19875244;"COOPERATIVA DE CRÉDITO DE LIVRE ADMISSÃO - SICOOB COPESITA";"RUA VINTE DE NOVEMBRO";"N  110";"CENTRO";"35180020";"TIMOTEO";"MG";"Brasil";-;-;"https://www.sicoobcopesita.com.br";"Autorizada em Atividade";
4649337;"COOPERATIVA DE CRÉDITO DE LIVRE ADMISSÃO BRMIL LTDA. - SICOOB BRMIL";"C 01 LOTE 09 10 LOJA 04 TAGUATINGA CENTRO";"TERREO ALA B";"TAGUATINGA";"72010010";"BRASILIA";"DF";"Brasil";-;-;"https://www.sicoobdfmil.coop.br";"Autorizada em Atividade";
5247312;"COOPERATIVA DE CRÉDITO DE LIVRE ADMISSÃO BURITIS - SICOOB BURITIS";"RUA OTAVIO PITALUGA  N   2074";-;"CENTRO";"78700130";"RONDONOPOLIS";"MT";"Brasil";-;-;"https://www.sicoob.com.br/web/sicoobburitis/para-voce";"Autorizada em Atividade";
37395399;"COOPERATIVA DE CRÉDITO DE LIVRE ADMISSÃO CENTRO BRASILEIRA LTDA.";"AVENIDA T 8  N  109";-;"SETOR MARISTA";"74150060";"GOIANIA";"GO";"Brasil";-;-;"https://www.unisicoob.com.br/unicentrobr/";"Autorizada em Atividade";
3102185;"COOPERATIVA DE CRÉDITO DE LIVRE ADMISSÃO CENTRO NORDESTE - SICOOB CENTRO NORDESTE";"RUA DAS TRINCHEIRAS 104";-;"CENTRO";"58011000";"JOAO PESSOA";"PB";"Brasil";-;-;-;"Autorizada em Atividade";
7502031;"COOPERATIVA DE CRÉDITO DE LIVRE ADMISSÃO CENTRO OESTE LTDA.";"AVENIDA GOIÁS, N. 329";-;"CENTRO";"76380100";"GOIANESIA";"GO";"Brasil";-;-;"https://www.sicoobemprecred.com.br";"Autorizada em Atividade";
952415;"COOPERATIVA DE CRÉDITO DE LIVRE ADMISSÃO CREDFAZ LTDA. - SICOOB CREDFAZ";"SCS  QUADRA 06  BLOCO A  N  172  LOJAS 187 E 197";"EDIFICIO JESSE FREIRE";"ASA SUL";"70306908";"BRASILIA";"DF";"Brasil";-;-;"https://www.credfaz.org.br";"Autorizada em Atividade";
2338666;"COOPERATIVA DE CRÉDITO DE LIVRE ADMISSÃO CREDIEMBRAPA LTDA - SICOOB.";"SRTV QUADRA 701 CONJUNTO E";"BLOCO 2/4 ED PALACIO DO RADIO II SALA 202 -ASA SUL";"ASA SUL";"70340902";"BRASILIA";"DF";"Brasil";-;-;"https://www.crediembrapa.com.br";"Autorizada em Atividade";
1667766;"COOPERATIVA DE CRÉDITO DE LIVRE ADMISSÃO CREDINOVA LTDA. - SICOOB CREDINOVA";"PRAcA TITO PINTO  63";-;"CENTRO";"35520069";"NOVA SERRANA";"MG";"Brasil";-;-;"https://www.sicoobcredinova.com.br";"Autorizada em Atividade";
10209619;"COOPERATIVA DE CRÉDITO DE LIVRE ADMISSÃO DA GRANDE GOIÂNIA LTDA.";"RUA 1126, NÚMERO 106";"QUADRA 230 LOTE 01";"SETOR MARISTA";"74175050";"GOIANIA";"GO";"Brasil";-;-;"https://www.sicoobcrediadag.com.br";"Autorizada em Atividade";
14046512;"COOPERATIVA DE CRÉDITO DE LIVRE ADMISSÃO DA MARGEM ESQUERDA DO URUCUIA E SÃO FRANCISCO LTDA - SICOOB CREDICHAPADA";"AV  GETULIO VARGAS  330";-;"CENTRO";"39314000";"CHAPADA GAUCHA";"MG";"Brasil";-;-;-;"Autorizada em Atividade";
11907520;"COOPERATIVA DE CRÉDITO DE LIVRE ADMISSÃO DA PARAÍBA - SICOOB PARAÍBA";"RUA PRESIDENTE EPITACIO PESSOA  221";"LOJA B";"CENTRO";"58400025";"CAMPINA GRANDE";"PB";"Brasil";-;-;-;"Autorizada em Atividade";
2144899;"COOPERATIVA DE CRÉDITO DE LIVRE ADMISSÃO DA REGIÃO CENTRAL DE RONDÔNIA   SICOOB OUROCREDI";"AVENIDA XV DE NOVEMBRO  140";-;"JARDIM TROPICAL";"76920000";"OURO PRETO DO OESTE";"RO";"Brasil";-;-;"https://www.sicoobourocredi.combr";"Autorizada em Atividade";
1736516;"COOPERATIVA DE CRÉDITO DE LIVRE ADMISSÃO DA REGIÃO CENTRAL E OESTE MINEIRO LTDA. - SICOOB DIVICRED";"RUA RINALDO MARTINS BRAGA  201";-;"JARDIM BRASILIA";"35502059";"DIVINOPOLIS";"MG";"Brasil";-;-;-;"Autorizada em Atividade";
25387713;"COOPERATIVA DE CRÉDITO DE LIVRE ADMISSÃO DA REGIÃO DE  PARÁ DE MINAS LTDA - SICOOB CREDIRURAL";"R  BENEDITO VALADARES";"535";"CENTRO";"35660630";"PARA DE MINAS";"MG";"Brasil";-;-;-;"Autorizada em Atividade";
71419600;"COOPERATIVA DE CRÉDITO DE LIVRE ADMISSÃO DA REGIÃO DE FRUTAL LTDA.   SICOOB FRUTAL";"PRACA DA MATRIZ";"80";"CENTRO";"38200088";"FRUTAL";"MG";"Brasil";-;-;"https://www.sicoobfrutal.com.br";"Autorizada em Atividade";
1699652;"COOPERATIVA DE CRÉDITO DE LIVRE ADMISSÃO DA REGIÃO DE GUAXUPÉ LTDA. - SICOOB ACICREDI";"AVENIDA CONDE RIBEIRO DO VALLE  284";-;"CENTRO";"37830024";"GUAXUPE";"MG";"Brasil";-;-;"https://www.sicoob.com.br/web/sicoobacicredi";"Autorizada em Atividade";
1657678;"COOPERATIVA DE CRÉDITO DE LIVRE ADMISSÃO DA REGIÃO DE SÃO SEBASTIÃO DO PARAÍSO LTDA. - SICOOB PARAÍSOCRED";"RUA DR. PLACIDINO BRIGAGÃO, 1212";-;"CENTRO";"37950360";"SAO SEBASTIAO DO PARAISO";"MG";"Brasil";-;-;"https://www.sicoob.com.br/web/sicoobparaisocred";"Autorizada em Atividade";
2232383;"COOPERATIVA DE CRÉDITO DE LIVRE ADMISSÃO DA REGIÃO DO CIRCUITO CAMPOS DAS VERTENTES LTDA - SICOOB COPERMEC";"AVENIDA PRESIDENTE TANCREDO NEVES 223";"PREDIO";"CENTRO";"35530000";"CLAUDIO";"MG";"Brasil";-;-;"https://www.sicoob.com.br/web/sicoobcopermec";"Autorizada em Atividade";
5158093;"COOPERATIVA DE CRÉDITO DE LIVRE ADMISSÃO DA REGIÃO LESTE DA BACIA DO RIO DOCE LTDA   SICOOB CREDILESTE";"AV OLEGARIO MACIEL, 54";-;"CENTRO";"35300365";"CARATINGA";"MG";"Brasil";-;-;"https://www.sicoob.com.br/web/sicoobcredileste";"Autorizada em Atividade";
7599206;"COOPERATIVA DE CRÉDITO DE LIVRE ADMISSÃO DA REGIÃO METROPOLITANA DE GOIÂNIA LTDA.";"AV D, 314";"QD E 10 LT 51";"SETOR OESTE";"74140160";"GOIANIA";"GO";"Brasil";-;-;"https://www.secovicred.com.br";"Autorizada em Atividade";
26191078;"COOPERATIVA DE CRÉDITO DE LIVRE ADMISSÃO DA REGIÃO SUL DO MARANHÃO - SICREDI SUL DO MARANHÃO";"AVENIDA DORGIVAL PINHEIRO DE SOUSA 900";-;"CENTRO";"65903270";"IMPERATRIZ";"MA";"Brasil";-;-;-;"Autorizada em Atividade";
1060307;"COOPERATIVA DE CRÉDITO DE LIVRE ADMISSÃO DA UNIÃO DOS VALES DO PIRANGA E MATIPÓ LTDA. - SICOOB UNIÃO DOS VALES";"PC DR  DURVAL GROSSI  35";-;"CENTRO";"35350000";"RAUL SOARES";"MG";"Brasil";-;-;-;"Autorizada em Atividade";
2335109;"COOPERATIVA DE CRÉDITO DE LIVRE ADMISSÃO DA ZONA DA MATA LTDA   SICOOB COOPEMATA";"RUA DOUTOR ANTONIO CARLOS SOBRAL  162";-;"CENTRO";"36770044";"CATAGUASES";"MG";"Brasil";-;-;"https://www.sicoobcoopemata.com.br";"Autorizada em Atividade";
1739375;"COOPERATIVA DE CRÉDITO DE LIVRE ADMISSÃO DE  LAGOA DA PRATA E REGIÃO LTDA.   SICOOB LAGOACRED GERAIS";"AVENIDA BENEDITO VALADARES 800";-;"CENTRO";"35590000";"LAGOA DA PRATA";"MG";"Brasil";-;-;"https://www.sicoob.com.br/web/sicooblagoacred";"Autorizada em Atividade";
33615055;"COOPERATIVA DE CRÉDITO DE LIVRE ADMISSÃO DE ANÁPOLIS E REGIÃO LTDA";"AV PRESIDENTE JOSE SARNEY   N  36";"QUADRA 27 LOTE 36";"SETOR JAMIL MIGUEL";"75124820";"ANAPOLIS";"GO";"Brasil";-;-;-;"Autorizada em Atividade";
71230338;"COOPERATIVA DE CRÉDITO DE LIVRE ADMISSÃO DE ARCOS LTDA. - SICOOB ARCOMCREDI";"AVENIDA MAGALHAES PINTO  233";-;"CENTRO";"35598003";"ARCOS";"MG";"Brasil";-;-;"https://www.sicoob.com.br/web/sicoobarcomcredi";"Autorizada em Atividade";
694389;"COOPERATIVA DE CRÉDITO DE LIVRE ADMISSÃO DE ASSOCIADOS - SICOOB CREDICARU SC/RS";"RUA ANACLETO DA SILVA ORTIZ  282";-;"CENTRO";"88570000";"SAO JOSE DO CERRITO";"SC";"Brasil";-;-;-;"Autorizada em Atividade";
73326449;"COOPERATIVA DE CRÉDITO DE LIVRE ADMISSÃO DE ASSOCIADOS - SICOOB CRUZ ALTA";"RUA GENERALJOAO CAMARA, 207";-;"CENTRO";"98005170";"CRUZ ALTA";"RS";"Brasil";-;-;-;"Autorizada em Atividade";
78825270;"COOPERATIVA DE CRÉDITO DE LIVRE ADMISSÃO DE ASSOCIADOS - SICOOB MAXICRÉDITO";"AVENIDA GETULIO DORNELES VARGAS  2553N";-;"PASSO DOS FORTES";"89805001";"CHAPECO";"SC";"Brasil";-;-;"https://www.maxicredito.coop.br";"Autorizada em Atividade";
78858107;"COOPERATIVA DE CRÉDITO DE LIVRE ADMISSÃO DE ASSOCIADOS AURIVERDE -  SICOOB - CREDIAL SC/RS";"RUA ESPIRITO SANTO 753";-;"CENTRO";"89890000";"CUNHA PORA";"SC";"Brasil";-;-;-;"Autorizada em Atividade";
2254376;"COOPERATIVA DE CRÉDITO DE LIVRE ADMISSÃO DE ASSOCIADOS DE DORES DO INDAIÁ LTDA - SICOOB COOPCREDI";"AV  FRANCISCO CAMPOS 707";-;"CENTRO";"35610000";"DORES DO INDAIA";"MG";"Brasil";-;-;-;"Autorizada em Atividade";
78840071;"COOPERATIVA DE CRÉDITO DE LIVRE ADMISSÃO DE ASSOCIADOS DO ALTO URUGUAI CATARINENSE - SICOOB CREDIAUC";"RUA DR  MARURI  1242";-;"CENTRO";"89700168";"CONCORDIA";"SC";"Brasil";-;-;-;"Autorizada em Atividade";
80959638;"COOPERATIVA DE CRÉDITO DE LIVRE ADMISSÃO DE ASSOCIADOS DO MEIO OESTE CATARINENSE - SICOOB CREDIMOC SC";"AVENIDA  BRASIL  N  171";-;"CENTRO";"89820000";"XANXERE";"SC";"Brasil";-;-;"https://www.sicoob.com.br";"Autorizada em Atividade";
1389651;"COOPERATIVA DE CRÉDITO DE LIVRE ADMISSÃO DE ASSOCIADOS DO PLANALTO CATARINENSE SICOOB CREDIPLANALTO SC/RS";"RUA NEREU RAMOS  N  2 549";-;"CENTRO";"89370000";"PAPANDUVA";"SC";"Brasil";-;-;-;"Autorizada em Atividade";
1692448;"COOPERATIVA DE CRÉDITO DE LIVRE ADMISSÃO DE ASSOCIADOS DO PLANALTO SERRANO - SICOOB CREDISERRA SC";"AVENIDA MANOEL PEREIRA DE MEDEIROS N  289";-;"CENTRO";"88625000";"URUPEMA";"SC";"Brasil";-;-;-;"Autorizada em Atividade";
10143743;"COOPERATIVA DE CRÉDITO DE LIVRE ADMISSÃO DE ASSOCIADOS DO SUL DO BRASIL - CREVISC";"RUA ANTONIO ZIMMERMANN, N- 214";"1- ANDAR";"CENTRO";"89270000";"GUARAMIRIM";"SC";"Brasil";-;-;"https://www.crevisc.coop.br";"Autorizada em Atividade";
78834975;"COOPERATIVA DE CRÉDITO DE LIVRE ADMISSÃO DE ASSOCIADOS DO VALE DO CANOINHAS - SICOOB CREDICANOINHAS/SC";"RUA ALVARO SOARES MACHADO  455";-;"TRICOLIN";"89462250";"CANOINHAS";"SC";"Brasil";-;-;-;"Autorizada em Atividade";
81016131;"COOPERATIVA DE CRÉDITO DE LIVRE ADMISSÃO DE ASSOCIADOS DO VALE DO VINHO - SICOOB VALE DO VINHO";"AV  DOM PEDRO II  692";-;"CENTRO";"89560208";"VIDEIRA";"SC";"Brasil";-;-;-;"Autorizada em Atividade";
78483310;"COOPERATIVA DE CRÉDITO DE LIVRE ADMISSÃO DE ASSOCIADOS ITAPIRANGA - SICOOB CREDITAPIRANGA SC/RS";"RUA DO COMERCIO  248";-;"CENTRO";"89896000";"ITAPIRANGA";"SC";"Brasil";-;-;-;"Autorizada em Atividade";
37076205;"COOPERATIVA DE CRÉDITO DE LIVRE ADMISSÃO DE ASSOCIADOS LTDA. - SICOOB JUDICIÁRIO";"EQS 102 103  BLOCO A  SOBRELOJA 200";"EDIFICIO EMPRESARIAL SAO FRANCISCO";"ASA SUL";"70330400";"BRASILIA";"DF";"Brasil";-;-;"https://www.sicoobjudiciario.com.br";"Autorizada em Atividade";
2641969;"COOPERATIVA DE CRÉDITO DE LIVRE ADMISSÃO DE ASSOCIADOS NOVA TRENTO   SICOOB TRENTOCREDI SC";"RUA DOS IMIGRANTES  N  307";-;"CENTRO";"88270000";"NOVA TRENTO";"SC";"Brasil";-;-;-;"Autorizada em Atividade";
78862083;"COOPERATIVA DE CRÉDITO DE LIVRE ADMISSÃO DE ASSOCIADOS NOVOS CAMPOS - SICOOB NOVOS CAMPOS";"RUA BENJAMIN CONSTANT, NÚMERO 231";-;"CENTRO";"89620000";"CAMPOS NOVOS";"SC";"Brasil";-;-;"https://www.sicoobsc.com.br";"Autorizada em Atividade";
78825023;"COOPERATIVA DE CRÉDITO DE LIVRE ADMISSÃO DE ASSOCIADOS OESTE CATARINENSE";"RUA VISCONDE DO RIO BRANCO  852";"ANDARES 1  E 2   SUPERIOR";"CENTRO";"89887000";"PALMITOS";"SC";"Brasil";-;-;-;"Autorizada em Atividade";
81607046;"COOPERATIVA DE CRÉDITO DE LIVRE ADMISSÃO DE ASSOCIADOS SÃO MIGUEL DO OESTE - SICOOB SÃO MIGUEL SC/PR/RS";"RUA ALMIRANTE BARROSO  888";"PREDIO";"CENTRO";"89900000";"SAO MIGUEL D'OESTE";"SC";"Brasil";-;-;"https://www.sicoobsmo.com.br";"Autorizada em Atividade";
81367880;"COOPERATIVA DE CRÉDITO DE LIVRE ADMISSÃO DE ASSOCIADOS SUL CATARINENSE - SICOOB CREDISULCA SC";"RUA RUI BARBOSA  1150";-;"CENTRO";"88930000";"TURVO";"SC";"Brasil";-;-;-;"Autorizada em Atividade";
2587492;"COOPERATIVA DE CRÉDITO DE LIVRE ADMISSÃO DE ASSOCIADOS URUBICI - SICOOB CREDIARAUCÁRIA/SC";"AV  ADOLFO KONDER  2580";-;"ESQUINA";"88650000";"URUBICI";"SC";"Brasil";-;-;-;"Autorizada em Atividade";
2090126;"COOPERATIVA DE CRÉDITO DE LIVRE ADMISSÃO DE ASSOCIADOS VALE DO CHAPECOZINHO - SICOOB VALCREDI SUL";"AVENIDA PE  JOAO BOTERO  713";-;"CENTRO";"89687000";"PASSOS MAIA";"SC";"Brasil";-;-;"https://www.valcredi.coop.br";"Autorizada em Atividade";
78865995;"COOPERATIVA DE CRÉDITO DE LIVRE ADMISSÃO DE ASSOCIADOS VALE DO RIO DO PEIXE - SICOOB CREDIRIO SC";"RUA GETULIO VARGAS 331";"ANEXO GALERIA TREVISAN";"CENTRO";"89600000";"JOACABA";"SC";"Brasil";-;-;-;"Autorizada em Atividade";
1760242;"COOPERATIVA DE CRÉDITO DE LIVRE ADMISSÃO DE BELO HORIZONTE E CIDADES POLO DO ESTADO DE MINAS GERAIS LTDA. - SICOOB NOSSACOOP";"RUA ARTUR ITABIRANO  251";"SALAS 202 A 207  301 A 307  402  501 E 502";"SAO JOSE";"31275020";"BELO HORIZONTE";"MG";"Brasil";-;-;"https://www.sicoobnossacoop.com.br";"Autorizada em Atividade";
869687;"COOPERATIVA DE CRÉDITO DE LIVRE ADMISSÃO DE BOA ESPERANÇA LTDA. - SICOOB BELCREDI";"AVENIDA JOAO JULIO DE FARIA";"135";"CENTRO";"37170000";"BOA ESPERANCA";"MG";"Brasil";-;-;-;"Autorizada em Atividade";
71146450;"COOPERATIVA DE CRÉDITO DE LIVRE ADMISSÃO DE CAMPOS GERAIS E CAMPO DO MEIO LTDA - SICOOB CREDCAM";"RUA DOM INOCENCIO ENGELK";"722";"CENTRO";"37160000";"CAMPOS GERAIS";"MG";"Brasil";-;-;-;"Autorizada em Atividade";
25743311;"COOPERATIVA DE CRÉDITO DE LIVRE ADMISSÃO DE CARMO DO RIO CLARO LTDA - SICOOB CREDICARMO";"PRACA DONA MARIA GOULART";"N  225";"CENTRO";"37150000";"CARMO DO RIO CLARO";"MG";"Brasil";-;-;"https://www.sicoob.com.br/web/sicoobcredicarmo";"Autorizada em Atividade";
9576849;"COOPERATIVA DE CRÉDITO DE LIVRE ADMISSÃO DE CERES E RIALMA LTDA";"AV. BRASIL, N- 703B, QD 18B, LT18B";-;"CENTRO";"76300000";"CERES";"GO";"Brasil";-;-;"https://www.sicoobcredicer.com.br";"Autorizada em Atividade";
4079285;"COOPERATIVA DE CRÉDITO DE LIVRE ADMISSÃO DE ITAJUBÁ LTDA - SICOOB SUDESTE MAIS";"AVENIDA CESÁRIO ALVIM, 141";-;"VARGINHA";"37501059";"ITAJUBA";"MG";"Brasil";-;-;-;"Autorizada em Atividade";
66463407;"COOPERATIVA DE CRÉDITO DE LIVRE ADMISSÃO DE ITAÚNA E REGIÃO LTDA - SICOOB CENTRO-OESTE";"RUA CAPITAO VICENTE  129";-;"CENTRO";"35680056";"ITAUNA";"MG";"Brasil";-;-;"https://www.sicoobcentrooeste.com.br";"Autorizada em Atividade";
10143499;"COOPERATIVA DE CRÉDITO DE LIVRE ADMISSÃO DE JATAÍ E REGIÃO LTDA.";"RUA MINAS GERAIS,  N  853";"QUADRA 58, LOTE  01A";"VILA SANTA MARIA";"75800087";"JATAI";"GO";"Brasil";-;-;"https://www.sicoob.com.br/web/sicoobcooprem";"Autorizada em Atividade";
37631058;"COOPERATIVA DE CRÉDITO DE LIVRE ADMISSÃO DE PALMEIRAS E REGIÃO LTDA.";"RUA QUERUBINO GOMES LEÃO";"NÚMERO 203 QD. 03 LT. 14";"SETOR SÃO JOSÉ";"76190106";"PALMEIRAS DE GOIAS";"GO";"Brasil";-;-;-;"Autorizada em Atividade";
71441406;"COOPERATIVA DE CRÉDITO DE LIVRE ADMISSÃO DE PEDRO LEOPOLDO LTDA - SICOOB CREDIPEL";"RUA COMENDADOR ANTONIO ALVES";"825";"CENTRO";"33250033";"PEDRO LEOPOLDO";"MG";"Brasil";-;-;"https://www.sicoobcredipel.com.br";"Autorizada em Atividade";
3732359;"COOPERATIVA DE CRÉDITO DE LIVRE ADMISSÃO DE PERNAMBUCO - SICOOB PERNAMBUCO";"RUA GOVERNADOR WALFREDO SIQUEIRA  17";-;"CENTRO";"56700000";"SAO JOSE DO EGITO";"PE";"Brasil";-;-;-;"Autorizada em Atividade";
5222094;"COOPERATIVA DE CRÉDITO DE LIVRE ADMISSÃO DE PIRACANJUBA LTDA. - SICOOB CERRADO";"RUA DOM PEDRO II LT06 QD24 N 851";-;"CENTRO";"75640116";"PIRACANJUBA";"GO";"Brasil";-;-;"https://www.sicoobcerrado.com.br";"Autorizada em Atividade";
9033698;"COOPERATIVA DE CRÉDITO DE LIVRE ADMISSÃO DE RIO VERDE E REGIÃO LTDA.";"R TEÓFILO DE MELO CABRAL N- 1444";"(ANTIGA RUA DEZ  ESQ. COM PRESIDENTE VARGAS";"JARDIM GOIÁS";"75903290";"RIO VERDE";"GO";"Brasil";-;-;-;"Autorizada em Atividade";
6910457;"COOPERATIVA DE CRÉDITO DE LIVRE ADMISSÃO DE SANTA CRUZ DAS PALMEIRAS E REGIÃO";"RUA CORONEL PENTEADO  427";-;"CENTRO";"13650009";"SANTA CRUZ DAS PALMEIRAS";"SP";"Brasil";-;-;"https://www.credicucar.com.br";"Autorizada em Atividade";
41707258;"COOPERATIVA DE CRÉDITO DE LIVRE ADMISSÃO DE SANTO ANTÔNIO DO MONTE LTDA.   SICOOB CREDIMONTE";"AVENIDA CORONEL AMANCIO BERNARDES";"371";"CENTRO";"35560000";"SANTO ANTONIO DO MONTE";"MG";"Brasil";-;-;"https://www.sicoob.com.br/web/sicoobcredimonte";"Autorizada em Atividade";
2833202;"COOPERATIVA DE CRÉDITO DE LIVRE ADMISSÃO DE VITÓRIA DA CONQUISTA - UNICRED SUDOESTE DA BAHIA";"AV  OTAVIO SANTOS  147";-;"CENTRO";"45020750";"VITORIA DA CONQUISTA";"BA";"Brasil";-;-;"https://www.unicred.com.br/sudoeste";"Autorizada em Atividade";
41805003;"COOPERATIVA DE CRÉDITO DE LIVRE ADMISSÃO DO ALTO SÃO FRANCISCO LTDA.";"RUA MIGUEL COUTO 351";-;"CENTRO";"37925000";"PIUMHI";"MG";"Brasil";-;-;"https://www.sicoobcredialto.com.br/";"Autorizada em Atividade";
16779741;"COOPERATIVA DE CRÉDITO DE LIVRE ADMISSÃO DO ALTO VALE DO ITAJAÍ - VIACREDI ALTO VALE";"RUA 3 DE MAIO N 259";-;"CENTRO";"89140000";"IBIRAMA";"SC";"Brasil";-;-;"https://www.viacredialtovale.coop.br/";"Autorizada em Atividade";
694877;"COOPERATIVA DE CRÉDITO DE LIVRE ADMISSÃO DO BRASIL CENTRAL LTDA. - SICOOB EXECUTIVO";"AVENIDA W3 SUL";"QSCRS 509  BLOCO C  LOTES 3 E 4  LOJAS 65  66  67";"ASA SUL";"70360530";"BRASILIA";"DF";"Brasil";-;-;"https://www.sicoobexecutivo.com.br";"Autorizada em Atividade";
2282709;"COOPERATIVA DE CRÉDITO DE LIVRE ADMISSÃO DO CENTRO NORTE BRASILEIRO";"AV  SANTOS DUMONT";"N  235  QUADRA 03 LOTE 36A";"JUNDIAI";"75113180";"ANAPOLIS";"GO";"Brasil";-;-;"https://www.unisicoob.com.br/unicentronortebrasileiro";"Autorizada em Atividade";
3326437;"COOPERATIVA DE CRÉDITO DE LIVRE ADMISSÃO DO CENTRO NORTE DOS ESTADOS DE MATO GROSSO E MATO GROSSO DO SUL - SICOOB UNIÃO MT/MS";"AVENIDA MIGUEL SUTIL, N 7.707";-;"DUQUE DE CAXIAS";"78043375";"CUIABA";"MT";"Brasil";-;-;"https://www.sicoob.com.br/web/sicoobuniaomtms/para-voce";"Autorizada em Atividade";
10319386;"COOPERATIVA DE CRÉDITO DE LIVRE ADMISSÃO DO CENTRO SUL DE MATO GROSSO DO SUL - SICOOB CENTRO SUL MS";"AVENIDA MARCELINO PIRES, N 3.128";-;"CENTRO";"79801004";"DOURADOS";"MS";"Brasil";-;-;"https://www.sicoob.com.br/web/sicoobcentrosulms/para-voce";"Autorizada em Atividade";
2015588;"COOPERATIVA DE CRÉDITO DE LIVRE ADMISSÃO DO CENTRO SUL RONDONIENSE - SICOOB CREDIP.";"AV  PRESIDENTE KENNEDY  775";-;"CENTRO";"76970000";"PIMENTA BUENO";"RO";"Brasil";-;-;"https://www.credip.com.br";"Autorizada em Atividade";
33579731;"COOPERATIVA DE CRÉDITO DE LIVRE ADMISSÃO DO CENTRO-SUL GOIANO LTDA";"AVENIDA CORONEL FERNANDO BARBOSA";"QD. 20 LT. 20 E 21";"VILA NUNES";"75650002";"MORRINHOS";"GO";"Brasil";-;-;-;"Autorizada em Atividade";
3941182;"COOPERATIVA DE CRÉDITO DE LIVRE ADMISSÃO DO CIRCUITO DAS ÁGUAS - SICOOB CIRCUITO DAS ÁGUAS";"RUA SAO PAULO  5";-;"CENTRO";"13940000";"AGUAS DE LINDOIA";"SP";"Brasil";-;-;"https://www.sicoobcircuitodasaguas.com.br";"Autorizada em Atividade";
4406371;"COOPERATIVA DE CRÉDITO DE LIVRE ADMISSÃO DO ESTADO DE GOIÁS";"AVENIDA DEPUTADO JAMEL CECÍLIO, N- 3.527";"QUADRA C-9, LOTE 10, 5- E 6- ANDAR,";"JARDIM GOIÁS";"74810100";"GOIANIA";"GO";"Brasil";-;-;"https://www.sicoob.com.br/web/sicoobcentro-oestebr";"Autorizada em Atividade";
10262276;"COOPERATIVA DE CRÉDITO DE LIVRE ADMISSÃO DO ESTADO DE SÃO PAULO - SICOOB PAULISTA";"AVENIDA JOAQUIM CONSTANTINO  N  2 161  4  ANDAR";-;"VILA NOVA PRUDENTE";"19053300";"PRESIDENTE PRUDENTE";"SP";"Brasil";-;-;"https://www.sicoobpaulista.com.br";"Autorizada em Atividade";
1608685;"COOPERATIVA DE CRÉDITO DE LIVRE ADMISSÃO DO ESTADO DO ACRE LTDA.";"RUA QUINTINO BOCAIUVA  N 1818";-;"BOSQUE";"69900670";"RIO BRANCO";"AC";"Brasil";-;-;"https://www.sicoob.com.br/web/sicoobuniacre";"Autorizada em Atividade";
83836114;"COOPERATIVA DE CRÉDITO DE LIVRE ADMISSÃO DO ESTADO DO PARÁ - SICOOB COOESA";"AV  GENERALISSIMO DEODORO  391";-;"UMARIZAL";"66050160";"BELEM";"PA";"Brasil";-;-;"https://www.cooesa.coop.br";"Autorizada em Atividade";
2931668;"COOPERATIVA DE CRÉDITO DE LIVRE ADMISSÃO DO ESTADO DO RIO DE JANEIRO - SICOOB FLUMINENSE";"RUA DOUTOR SIQUEIRA, 278";"PARTE";"PARQUE DOM BOSCO";"28030130";"CAMPOS DOS GOYTACAZES";"RJ";"Brasil";-;-;"https://www.sicoobfluminense.com.br";"Autorizada em Atividade";
1644264;"COOPERATIVA DE CRÉDITO DE LIVRE ADMISSÃO DO MÉDIO PIRACICABA, CIRCUITO DO OURO, GRANDE BH E RIO GRANDE DO NORTE LTDA. -  SICOOB CREDIMEPI";"RUA PEDRO BICALHO  70";-;"NOVO HORIZONTE";"35930072";"JOAO MONLEVADE";"MG";"Brasil";-;-;"https://www.credimepi.coop.br";"Autorizada em Atividade";
71154876;"COOPERATIVA DE CRÉDITO DE LIVRE ADMISSÃO DO NOROESTE DE MINAS GERAIS LTDA.   SICOOB CREDIPINHO";"PCA  CORONEL HERMOGENES  261";-;"CENTRO";"38770000";"JOAO PINHEIRO";"MG";"Brasil";-;-;-;"Autorizada em Atividade";
23623636;"COOPERATIVA DE CRÉDITO DE LIVRE ADMISSÃO DO NORTE DE MATO GROSSO - SICOOB NORTE MT";"AVENIDA DAS ITAÚBAS, 3779";"QUADRA N- 79, LOTE N- 09 E 13";"SETOR COMERCIAL";"78550170";"SINOP";"MT";"Brasil";-;-;"https://www.sicoob.com.br/web/sicoobnortemt/para-voce";"Autorizada em Atividade";
9424988;"COOPERATIVA DE CRÉDITO DE LIVRE ADMISSÃO DO OESTE MARANHENSE - SICOOB OESTE MARANHENSE";"RUA SAO LUIS 134";-;"CENTRO";"65930000";"ACAILANDIA";"MA";"Brasil";-;-;-;"Autorizada em Atividade";
71297899;"COOPERATIVA DE CRÉDITO DE LIVRE ADMISSÃO DO OESTE MINEIRO LTDA. - SICOOB CREDICOPA";"RUA OLEGARIO MACIEL 443";"ANDAR TERREO E 1";"CENTRO";"38700122";"PATOS DE MINAS";"MG";"Brasil";-;-;"https://www.sicoobcredicopa.com.br";"Autorizada em Atividade";
26178533;"COOPERATIVA DE CRÉDITO DE LIVRE ADMISSÃO DO PONTAL DO TRIANGULO LTDA - SICOOB CREDIPONTAL";"RUA TRINTA E SEIS";"800";"PROGRESSO";"38302008";"ITUIUTABA";"MG";"Brasil";-;-;"https://www.sicoobcredipontal.com.br";"Autorizada em Atividade";
24795049;"COOPERATIVA DE CRÉDITO DE LIVRE ADMISSÃO DO SUDOESTE GOIANO";"AV PRESIDENTE VARGAS 1881";-;"JARDIM GOIAS";"75903290";"RIO VERDE";"GO";"Brasil";-;-;"https://www.credirural.coop.br";"Autorizada em Atividade";
3427097;"COOPERATIVA DE CRÉDITO DE LIVRE ADMISSÃO DO SUL CATARINENSE - ACENTRA";"RUA GENERAL OSVALDO PINTO DA VEIGA, 557";-;"PROSPERA";"88813000";"CRICIUMA";"SC";"Brasil";-;-;"https://www.acentra.coop.br";"Autorizada em Atividade";
26960328;"COOPERATIVA DE CRÉDITO DE LIVRE ADMISSÃO DO TOCANTINS LTDA";"AVENIDA BERNARDO SAYÃO";"N- 467, QD 12, LT 05 E PARTE DO LOTE 04";"CENTRO";"77545072";"PARAISO DO TOCANTINS";"TO";"Brasil";-;-;"https://www.sicoobtocantins.com.br";"Autorizada em Atividade";
86829827;"COOPERATIVA DE CRÉDITO DE LIVRE ADMISSÃO DO VALE - SICOOB CREDIVALE/SC";"AVENIDA NEREU RAMOS  N  850";-;"CENTRO";"88750000";"BRACO DO NORTE";"SC";"Brasil";-;-;-;"Autorizada em Atividade";
24830879;"COOPERATIVA DE CRÉDITO DE LIVRE ADMISSÃO DO VALE DO ARAGUAIA LTDA.";"SEGUNDA AVENIDA N  50";"QUADRA 57 LOTE 25";"CENTRO";"75830082";"MINEIROS";"GO";"Brasil";-;-;"https://www.sicoob.com.br/web/sicoobmineiros";"Autorizada em Atividade";
24799033;"COOPERATIVA DE CRÉDITO DE LIVRE ADMISSÃO DO VALE DO PARANAÍBA LTDA.";"AV  JOAQUIM TIMOTEO DE PAULA  145";"CENTRO";"CENTRO";"75860000";"QUIRINOPOLIS";"GO";"Brasil";-;-;"https://www.sicoobagrorural.com.br";"Autorizada em Atividade";
1637949;"COOPERATIVA DE CRÉDITO DE LIVRE ADMISSÃO DO VALE DO PARANAPANEMA";"RUA REVERENDO CORIOLANO  2004";-;"VILA OCIDENTAL";"19015070";"PRESIDENTE PRUDENTE";"SP";"Brasil";-;-;"https://www.credivale.org.br";"Autorizada em Atividade";
25683475;"COOPERATIVA DE CRÉDITO DE LIVRE ADMISSÃO DO VALE DO RIO GRANDE LTDA. - SICOOB UBERABA";"R CORONEL ANTONIO RIOS";"509";"SANTA MARTA";"38061150";"UBERABA";"MG";"Brasil";-;-;"https://www.sicoobuberaba.com.br";"Autorizada em Atividade";
2480577;"COOPERATIVA DE CRÉDITO DE LIVRE ADMISSÃO E DOS ADVOGADOS LTDA. - SICOOB CREDIJUR";"RUA 100";"N   155";"SETOR SUL";"74080140";"GOIANIA";"GO";"Brasil";-;-;"https://www.sicoob.com.br/web/sicoobcredijur/sicoob-credijur";"Autorizada em Atividade";
7789195;"COOPERATIVA DE CRÉDITO DE LIVRE ADMISSÃO E DOS TRANSPORTADORES RODOVIÁRIOS DE VEÍCULOS - SICOOB CREDCEG";"AVENIDA MARIA SERVIDEI DEMARCHI N- 1.341/1.351";-;"DEMARCHI";"09820000";"SAO BERNARDO DO CAMPO";"SP";"Brasil";-;-;"https://www.sicoobcredceg.com.br";"Autorizada em Atividade";
37079720;"COOPERATIVA DE CRÉDITO DE LIVRE ADMISSÃO LTDA. - SICOOB CREDIJUSTRA";"SCS QUADRA 02  BLOCO D  ED OSCAR NIEMEYER";"SALAS 401 A 408";"SETOR COMERCIAL SUL";"70316900";"BRASILIA";"DF";"Brasil";-;-;"https://www.credijustra.com.br";"Autorizada em Atividade";
7026923;"COOPERATIVA DE CRÉDITO DE LIVRE ADMISSÃO SICOOB ARENITO PARANÁ / SÃO PAULO";"AV  PADRE JOSE GERMANO NETO JUNIOR  3382";-;"ZONA VI";"87503650";"UMUARAMA";"PR";"Brasil";-;-;-;"Autorizada em Atividade";
25363615;"COOPERATIVA DE CRÉDITO DE LIVRE ADMISSÃO SICOOB COOPJUS LTDA.";"AVENIDA GETULIO VARGAS 258";"6  ANDAR";"FUNCIONARIOS";"30112020";"BELO HORIZONTE";"MG";"Brasil";-;-;"https://www.sicoob.com.br/web/sicoobcoopjus/";"Autorizada em Atividade";
8795285;"COOPERATIVA DE CRÉDITO DE LIVRE ADMISSÃO SICOOB CREDIACIL";"RUA JOAO PESSOA  539";-;"CENTRO";"13610110";"LEME";"SP";"Brasil";-;-;"https://www.sicoob.com.br/web/sicoobcrediacil";"Autorizada em Atividade";
1667352;"COOPERATIVA DE CRÉDITO DE LIVRE ADMISSÃO SICOOB CREDMISSÃO LTDA. - SICOOB CREDMISSÃO";"RUA ANTONIO NASCIMENTO  179";"LOJA";"CENTRO";"39270000";"PIRAPORA";"MG";"Brasil";-;-;"https://www.sicoob.com.br/web/sicoobcredmissao";"Autorizada em Atividade";
7946216;"COOPERATIVA DE CRÉDITO DE LIVRE ADMISSÃO SICOOB UNIÃO SUDESTE";"AV D  PEDRO II  394";-;"JARDIM";"09080000";"SANTO ANDRE";"SP";"Brasil";-;-;"https://www.sicoob.com.br/web/sicoobgrandeabc";"Autorizada em Atividade";
1259518;"COOPERATIVA DE CRÉDITO DE LIVRE ADMISSÃO SICOOB UNIMAIS CENTRO LESTE PAULISTA - SICOOB UNIMAIS CENTRO LESTE PAULISTA";"AV 09 N 783";-;"CENTRO";"13500360";"RIO CLARO";"SP";"Brasil";-;-;"https://www.sicoobunimais.com.br/coop/centro-leste-paulista";"Autorizada em Atividade";
26526166;"COOPERATIVA DE CRÉDITO DE LIVRE ADMISSÃO SUL MARANHENSE - SICOOB SUL MARANHENSE";"RUA NEMEZIA SANTIAGO PEREIRA  165";-;"FATIMA";"65800000";"BALSAS";"MA";"Brasil";-;-;-;"Autorizada em Atividade";
4876393;"COOPERATIVA DE CRÉDITO DE LIVRE ADMISSÃO TRÊS FRONTEIRAS - SICOOB TRÊS FRONTEIRAS";"RUA PADRE MONTOYA  490";"1   ANDAR";"CENTRO";"85851080";"FOZ DO IGUACU";"PR";"Brasil";-;-;"https://www.sicoob.com.br";"Autorizada em Atividade";
1703620;"COOPERATIVA DE CRÉDITO DE LIVRE ADMISSÃO UNIÃO DO CENTRO OESTE DE MINAS LTDA - SICOOB CREDESP";"RUA DR. MIGUEL GONTIJO 270";"SALA 03";"CENTRO";"35630016";"BOM DESPACHO";"MG";"Brasil";-;-;"https://www.sicoob.com.br/web/sicoobcredesp";"Autorizada em Atividade";
8742188;"COOPERATIVA DE CRÉDITO DE LIVRE ADMISSÃO UNIÃO E NEGÓCIOS - SICOOB INTEGRAÇÃO";"RUA OLAVO BILAC, S/N";"QUADRA 61-A, LOTES 12A, 11A E 7A";"SANTA CRUZ";"78068226";"CUIABA";"MT";"Brasil";-;-;"https://www.sicoob.com.br/web/sicoobintegracao/para-voce";"Autorizada em Atividade";
41669227;"COOPERATIVA DE CRÉDITO DE PRODUTORES RURAIS E DE LIVRE ADMISSÃO DO TRIÂNGULO LTDA    SICOOB CREDITRIL";"AV  MARCIANO DE AVILA  1066";-;"BOM JESUS";"38400752";"UBERLANDIA";"MG";"Brasil";-;-;"https://www.sicoob.com.br/web/sicoobcreditril";"Autorizada em Atividade";
2448839;"COOPERATIVA DE CRÉDITO DE RIO RUFINO - SICOOB CREDIUNIÃO";"RUA JOSE SERAFIM DOS SANTOS  54";-;"CENTRO";"88658000";"RIO RUFINO";"SC";"Brasil";-;-;-;"Autorizada em Atividade";
1374196;"COOPERATIVA DE CRÉDITO DE SÃO FRANCISCO DE SALES LTDA. - SICOOB CREDISALES";"AVENIDA 06";"2714";"CENTRO";"38260000";"SAO FRANCISCO DE SALES";"MG";"Brasil";-;-;"https://www.sicoob.com.br      cooperativa 3167";"Autorizada em Atividade";
10548608;"COOPERATIVA DE CRÉDITO DE SERVIDORES DA UESC - UESCOOP";"RODOVIA ILHEUS ITABUNA  KM 16";"CAMPUS DA UNIVERSIDADE ESTADUAL DE SANTA CRUZ";"SALOBRINHO";"45662900";"ILHEUS";"BA";"Brasil";-;-;"https://www.uesc.br/uescoop";"Autorizada em Atividade";
62223733;"COOPERATIVA DE CRÉDITO DE SERVIDORES DO PODER JUDICIÁRIO DA BAHIA LTDA. - COOPEJUS BAHIA";"RUA DO CABRAL, 115";-;"NAZARÉ";"40055010";"SALVADOR";"BA";"Brasil";-;-;"https://www.coopejusbahia.com.br";"Autorizada em Atividade";
42880617;"COOPERATIVA DE CRÉDITO DE TIROS E MATUTINA LTDA.- SICOOB CREDITIROS";"PRACA SANTO ANTONIO";"16";"CENTRO";"38880000";"TIROS";"MG";"Brasil";-;-;-;"Autorizada em Atividade";
71238232;"COOPERATIVA DE CRÉDITO DO CENTRO SUL MINEIRO LTDA. - SICOOB CENTRO SUL MINEIRO";"RUA LUIS ALVES";"134";"CENTRO";"35534000";"CARMOPOLIS DE MINAS";"MG";"Brasil";-;-;-;"Autorizada em Atividade";
1187961;"COOPERATIVA DE CRÉDITO DO DISTRITO FEDERAL E ENTORNO LTDA";"Q SIA QUADRA 04 BLOCO C LOJA 36";-;"SIA";"71200045";"BRASILIA";"DF";"Brasil";-;-;"https://www.sicoob4155.com.br";"Autorizada em Atividade";
3461243;"COOPERATIVA DE CRÉDITO DO NORTE CATARINENSE - ACREDICOOP";"RUA ALEXANDRE DOHLER, N. 277";"TÉRREO";"CENTRO";"89201260";"JOINVILLE";"SC";"Brasil";-;-;"https://www.acredi.coop.br/";"Autorizada em Atividade";
81011686;"COOPERATIVA DE CRÉDITO DO NORTE CATARINENSE E SUL PARANAENSE - SICOOB CREDINORTE";"AV  FREDERICO HEYSE  356";-;"CENTRO I BAIXADA";"89300000";"MAFRA";"SC";"Brasil";-;-;"https://www.credinorte.com.br";"Autorizada em Atividade";
2282165;"COOPERATIVA DE CRÉDITO DO SUDOESTE BAIANO LTDA - SICOOB CREDICONQUISTA";"RUA FRANCISCO SANTOS  157";-;"CENTRO";"45000375";"VITORIA DA CONQUISTA";"BA";"Brasil";-;-;"https://www.crediconquista.com.br";"Autorizada em Atividade";
10348181;"COOPERATIVA DE CRÉDITO DO VALE DO ITAJAÍ E LITORAL CATARINENSE - SICREDI VALE LITORAL SC";"RUA 452, 81";"ESQUINA MARGINAL OESTE";"LEOPOLDO ZARLING";"88220000";"ITAPEMA";"SC";"Brasil";-;-;-;"Autorizada em Atividade";
2883398;"COOPERATIVA DE CRÉDITO DO VALE DO ITAJAÍ E VALE DO ITAPOCÚ - SICOOB MULTICREDI";"RUA SEBASTIAO CRUZ  38";-;"JARDIM BLUMENAU";"89010340";"BLUMENAU";"SC";"Brasil";-;-;"https://www.multicredi.coop.br";"Autorizada em Atividade";
86791837;"COOPERATIVA DE CRÉDITO DO VALE DOS PINHAIS - SICOOB VALE DOS PINHAIS";"CARLOS SPERANCA N  100";-;"CENTRO";"89500085";"CACADOR";"SC";"Brasil";-;-;"https://www.sicoobcdr.com.br";"Autorizada em Atividade";
82133182;"COOPERATIVA DE CRÉDITO DO VALE EUROPEU - SICOOB EURO VALE";"RUA MARECHAL FLORIANO PEIXOTO  N 13";-;"CENTRO";"89120000";"TIMBO";"SC";"Brasil";-;-;"https://www.sicoobsc.com.br/eurovale";"Autorizada em Atividade";
3422007;"COOPERATIVA DE CRÉDITO DOS BANCÁRIOS DE SÃO PAULO E MUNICÍPIOS LIMÍTROFES";"RUA SAO BENTO  365";"18  ANDAR";"CENTRO";"01011100";"SAO PAULO";"SP";"Brasil";-;-;"https://www.bancredi.com.br";"Autorizada em Atividade";
2217068;"COOPERATIVA DE CRÉDITO DOS CONTADORES, ADMINISTRADORES DE EMPRESAS, ECONOMISTAS E CORRETORES DE SEGUROS LTDA. - SICOOB CREDITABIL";"RUA ESPIRITO SANTO  505";"ANDAR 3";"CENTRO";"30160927";"BELO HORIZONTE";"MG";"Brasil";-;-;"https://www.sicoobcreditabil.com.br";"Autorizada em Atividade";
8931800;"COOPERATIVA DE CRÉDITO DOS EMPREGADOS DA CBA ITAPISSUMA E EMPREGADOS DE EMPRESAS PRESTADORA DE SERVIÇOS INDUSTRIAIS, NO ESTADO DE PERNAMBUCO - CREDCOOPE";"RODOVIA PE 35  KM 3";-;"ZONA RURAL";"53700000";"ITAPISSUMA";"PE";"Brasil";-;-;"https://www.credcoope.com.br/";"Autorizada em Atividade";
19495266;"COOPERATIVA DE CRÉDITO DOS EMPREGADOS DA COMPANHIA INDUSTRIAL CATAGUASES E DA BAUMINAS LTDA. - COOPECIC";"RUA MAJOR VIEIRA  300  SALA 15";"EDIFICIO TERCEIRO MILENIO";"CENTRO";"36770060";"CATAGUASES";"MG";"Brasil";-;-;"https://www.coopecic.com.br";"Autorizada em Atividade";
4998845;"COOPERATIVA DE CRÉDITO DOS EMPREGADOS DA MINERAÇÃO RIO DO NORTE";"PORTO TROMBETAS, S/N";-;"PORTO TROMBETAS";"68275000";"ORIXIMINA";"PA";"Brasil";-;-;"https://www.crednorteptr.com.br";"Autorizada em Atividade";
62605290;"COOPERATIVA DE CRÉDITO DOS EMPREGADOS DAS EMPRESAS DO GRUPO INDORAMA NO BRASIL";"RUA SANTA CATARINA, 14";"SALA 26";"CENTRO";"37701748";"POCOS DE CALDAS";"MG";"Brasil";-;-;-;"Autorizada em Atividade";
43730498;"COOPERATIVA DE CRÉDITO DOS EMPREGADOS DE ELEVADORES ATLAS";"AV DO ESTADO  6116";-;"CAMBUCI";"01516900";"SAO PAULO";"SP";"Brasil";-;-;"https://www.cooperativaatlas.com.br";"Autorizada em Atividade";
57996878;"COOPERATIVA DE CRÉDITO DOS EMPREGADOS DO GRUPO AKZO NOBEL BRASIL - COOP AKZONOBEL";"AV PAPA JOAO XXIII, 2100";-;"SERTAOZINHO";"09370901";"MAUA";"SP";"Brasil";-;-;"https://www.fncc.com.br";"Autorizada em Atividade";
29985421;"COOPERATIVA DE CRÉDITO DOS EMPREGADOS DO GRUPO NEFFA E DEMAIS ESTABELECIMENTOS DO SETOR DE ALIMENTOS DA GRANDE VITÓRIA.";"RUA MARIA HELENA MURAD NEFFA  95";"SALA 01";"CENTRO";"29010280";"VITORIA";"ES";"Brasil";-;-;"https://www.credneffa.com.br";"Autorizada em Atividade";
64293582;"COOPERATIVA DE CRÉDITO DOS EMPREGADOS DO GRUPO VALLOUREC NO BRASIL - COOVALL LTDA.";"AVENIDA OLINTO MEIRELES";"65, ANEXO PRÉDIO 6.03, SALA 21";"DAS INDÚSTRIAS I";"30610822";"BELO HORIZONTE";"MG";"Brasil";-;-;-;"Autorizada em Atividade";
10808037;"COOPERATIVA DE CRÉDITO DOS EMPRESÁRIOS DE MANAUS - SICOOB CREDEMPRESAS-AM";"RUA SAO LUIS  555";"ANEXO A FEDERACAO DO COMERCIO DO ESTADO DO AMAZONA";"ADRIANOPOLIS";"69057250";"MANAUS";"AM";"Brasil";-;-;-;"Autorizada em Atividade";
44746352;"COOPERATIVA DE CRÉDITO DOS FORNECEDORES DE CANA DE BARRA BONITA E REGIÃO";"RUA MAJOR POMPEU 409";-;"CENTRO";"17340000";"BARRA BONITA";"SP";"Brasil";-;-;-;"Autorizada em Atividade";
11356599;"COOPERATIVA DE CRÉDITO DOS FUNCIONÁRIOS DA PERPART, DO IPA E DA ADAGRO - COOPEMATER";"RUA DR  JOAO LACERDA  395";-;"CORDEIRO";"50711280";"RECIFE";"PE";"Brasil";-;-;"https://www.coopemater.com.br";"Autorizada em Atividade";
3657230;"COOPERATIVA DE CRÉDITO DOS FUNCIONÁRIOS DO GRUPO PPG";"ROD  ANHANGUERA KM 106 5";"PREDIO 9000";"JARDIM SAO JUDAS";"13180480";"SUMARE";"SP";"Brasil";-;-;-;"Autorizada em Atividade";
84156470;"COOPERATIVA DE CRÉDITO DOS INTEGRANTES DO MINISTÉRIO PÚBLICO E DO PODER JUDICIÁRIO NOS ESTADOS DO AMAPÁ E CEARÁ E LIVRE ADMISSÃO NO ESTADO DO PARÁ - SICOOB COIMPPA";"RUA JOAO DIOGO  N- 08";-;"CIDADE VELHA";"66015165";"BELEM";"PA";"Brasil";-;-;"https://www.sicoobunicoob.com.br/minha-cooperativa/sicoob-coimppa/";"Autorizada em Atividade";
3519240;"COOPERATIVA DE CRÉDITO DOS INTEGRANTES DO PODER JUDICIÁRIO E DO MINISTÉRIO PÚBLICO DO ESTADO DE MINAS GERAIS LTDA. - SICOOB JUS-MP";"RUA TIMBIRAS  2928";"6  ANDAR";"BARRO PRETO";"30140062";"BELO HORIZONTE";"MG";"Brasil";-;-;"https://www.sicoobjusmp.com.br";"Autorizada em Atividade";
5040680;"COOPERATIVA DE CRÉDITO DOS MAGISTRADOS DO ESTADO DO RIO DE JANEIRO LTDA. - MAGICREDI-RJ";"RUA ERASMO BRAGA, 227";"GRUPO 809";"CENTRO";"20020000";"RIO DE JANEIRO";"RJ";"Brasil";-;-;-;"Autorizada em Atividade";
9552111;"COOPERATIVA DE CRÉDITO DOS MAGISTRADOS, SERVIDORES DA JUSTIÇA DO ESTADO DE GOIÁS E EMPREGADOS DA CELG LTDA. - SICOOB JURISCRED";"RUA 72";"N  234";"JARDIM GOIAS";"74805480";"GOIANIA";"GO";"Brasil";-;-;"https://www.sicoobjuriscred.com.br";"Autorizada em Atividade";
5740092;"COOPERATIVA DE CRÉDITO DOS METALÚRGICOS DO ABC - CREDABC";"RUA JOAO BASSO  231";-;"CENTRO";"09721100";"SAO BERNARDO DO CAMPO";"SP";"Brasil";-;-;-;"Autorizada em Atividade";
36900256;"COOPERATIVA DE CRÉDITO DOS MÉDICOS, PROFISSIONAIS DA SAÚDE E EMPRESÁRIOS - UNICRED RAÍZES";"RUA BARAO DE MELGACO";"2754  SALA 16  ED  WORK TOWER";"CENTRO";"78020800";"CUIABA";"MT";"Brasil";-;-;"https://www.unicred.com.br/matogrosso";"Autorizada em Atividade";
70937271;"COOPERATIVA DE CRÉDITO DOS PROFISSIONAIS DA ÁREA DA SAÚDE E DE LIVRE ADMISSÃO LTDA - UNICRED ALIANÇA";"AV  JOAO PINHEIRO  690";-;"CENTRO";"38400126";"UBERLANDIA";"MG";"Brasil";-;-;"https://www.unicred.com.br";"Autorizada em Atividade";
71418784;"COOPERATIVA DE CRÉDITO DOS PROFISSIONAIS DA SAÚDE E LIVRE ADMISSÃO DO SUL DE MINAS LTDA";"RUA DR  JOSE RESENDE PINTO 135";-;"VILA PINTO";"37010590";"VARGINHA";"MG";"Brasil";-;-;"https://www.unicredmg.com.br";"Autorizada em Atividade";
71432926;"COOPERATIVA DE CRÉDITO DOS PROFISSIONAIS DE SAÚDE E DE LIVRE ADMISSÃO DO TRIÂNGULO MINEIRO E SUL DE MINAS LTDA. - UNICRED PROGRESSO";"RUA ALAOR PRATA  310";-;"CENTRO";"38015010";"UBERABA";"MG";"Brasil";-;-;"https://www.unicredmg.com.br";"Autorizada em Atividade";
5979692;"COOPERATIVA DE CRÉDITO DOS PROFISSIONAIS DOS CREAS E DEMAIS ÁREAS TECNOLÓGICAS - CREDCREA";"RUA CAPITÃO EUCLIDES DE CASTRO N- 360";-;"COQUEIROS";"88080010";"FLORIANOPOLIS";"SC";"Brasil";-;-;"https://www.credcrea.coop.br";"Autorizada em Atividade";
27302181;"COOPERATIVA DE CRÉDITO DOS SERVIDORES DA UNIVERSIDADE FEDERAL DO ESPIRITO SANTO";"AV  MARECHAL CAMPOS  1355";-;"SANTA CECILIA";"29043260";"VITORIA";"ES";"Brasil";-;-;"https://www.credufes.coop.br";"Autorizada em Atividade";
512839;"COOPERATIVA DE CRÉDITO DOS SERVIDORES DO MUNICIPIO DE SANTO ANDRÉ - SP - CECRESA";"AVENIDA PORTUGAL 141";"CASA VILA ROSA SICOOB CECRESA";"CENTRO";"09040010";"SANTO ANDRE";"SP";"Brasil";-;-;-;"Autorizada em Atividade";
21797311;"COOPERATIVA DE CRÉDITO DOS SERVIDORES DOS PODERES LEGISLATIVOS DO ESTADO DE MINAS GERAIS E DO SEU ÓRGÃO AUXILIAR E DE LIVRE ADMISSÃO LTDA. - SICOOB COFAL";"RUA MATIAS CARDOSO 155 3 E 4 ANDARES";-;"SANTO AGOSTINHO";"30170050";"BELO HORIZONTE";"MG";"Brasil";-;-;"https://www.sicoobcofal.com.br";"Autorizada em Atividade";
3269540;"COOPERATIVA DE CRÉDITO DOS SERVIDORES MILITARES, DA POLÍCIA CIVIL, DA SECRETARIA DE EDUCAÇÃO DO ESTADO DE MINAS GERAIS E DE LIVRE ADMISSÃO LTDA - SICOOB COOPEMG";"RUA DIABASE  295 A";-;"PRADO";"30411060";"BELO HORIZONTE";"MG";"Brasil";-;-;"https://www.coopemg.com.br";"Autorizada em Atividade";
1235921;"COOPERATIVA DE CRÉDITO DOS SERVIDORES PÚBLICOS MUNICIPAIS DA GRANDE VITÓRIA/ES";"AVENIDA MARECHAL MASCARENHAS DE MORAES, 2809";"CASA 1- PAVIMENTO";"BENTO FERREIRA";"29050625";"VITORIA";"ES";"Brasil";-;-;"https://www.sicres.coop.br";"Autorizada em Atividade";
20833976;"COOPERATIVA DE CRÉDITO DOS SERVIDORES PÚBLICOS MUNICIPAIS DE TIMÓTEO LTDA. - COOPERTIM";"AV. ACESITA, 3301";-;"SAO JOSE";"35182452";"TIMOTEO";"MG";"Brasil";-;-;"https://www.coopertim.com.br";"Autorizada em Atividade";
4321309;"COOPERATIVA DE CRÉDITO DOS SERVIDORES PÚBLICOS NO ESTADO DA BAHIA LTDA. - SICOOB INOVA";"AV  LUIZ VIANA FILHO   260";"PREDIO DA SEFAZ     CENTRO ADMINISTRATIVO DA BAHIA";"PARALELA";"41730101";"SALVADOR";"BA";"Brasil";-;-;-;"Autorizada em Atividade";
8075352;"COOPERATIVA DE CRÉDITO DOS TRANSPORTES, CORREIOS E LOGÍSTICA DO BRASIL - TRANSPOCRED";"RUA CORONEL PEDRO DEMORO, N. 1595";-;"BALNEARIO";"88075301";"FLORIANOPOLIS";"SC";"Brasil";-;-;"https://www.transpocred.coop.br";"Autorizada em Atividade";
3047549;"COOPERATIVA DE CRÉDITO E CAPTAÇÃO SICOOB UNICIDADES";"RUA 05 QUADRA G LOTE 01";"ESQUINA COM ALAMEDA BARRINHA";"JARDIM BRASILIA";"75906250";"RIO VERDE";"GO";"Brasil";-;-;"https://www.sicoob.com.br/web/sicoobunicidades";"Autorizada em Atividade";
7412987;"COOPERATIVA DE CRÉDITO E ECONOMIA COM INTERAÇÃO SOLIDÁRIA - CRESOL ALIANÇA";"RUA BARÃO DO RIO BRANCO, N° 116";"D";"CENTRO";"89801030";"CHAPECO";"SC";"Brasil";-;-;"https://www.cresolcentral.com.br";"Autorizada em Atividade";
9488496;"COOPERATIVA DE CRÉDITO E ECONOMIA COM INTERAÇÃO SOLIDÁRIA - CRESOL COOPERACRED";"RUA ANSELMO BORBA  N  406";"SALA 02";"CENTRO";"88970000";"SAO JOAO DO SUL";"SC";"Brasil";-;-;-;"Autorizada em Atividade";
5425526;"COOPERATIVA DE CRÉDITO E ECONOMIA COM INTERAÇÃO SOLIDÁRIA - CRESOL DESENVOLVIMENTO";"RUA 29 DE JULHO  251";-;"CENTRO";"89700039";"CONCORDIA";"SC";"Brasil";-;-;"https://www.cresolcentral.com.br";"Autorizada em Atividade";
3485130;"COOPERATIVA DE CRÉDITO E ECONOMIA COM INTERAÇÃO SOLIDÁRIA - CRESOL ENCOSTAS DA SERRA GERAL";"RUA GERMANO HERMESMEYER  N  170";"SALA 1";"CENTRO";"88763000";"SANTA ROSA DE LIMA";"SC";"Brasil";-;-;"https://www.cresolcentral.com.br";"Autorizada em Atividade";
5070112;"COOPERATIVA DE CRÉDITO E ECONOMIA COM INTERAÇÃO SOLIDÁRIA - CRESOL INOVAÇÃO";"RUA NOVA PRATA, N° 63";-;"CENTRO";"89837000";"CORONEL MARTINS";"SC";"Brasil";-;-;"https://www.cresolcentral.com.br";"Autorizada em Atividade";
8055016;"COOPERATIVA DE CRÉDITO E ECONOMIA COM INTERAÇÃO SOLIDÁRIA - CRESOL INTERAÇÃO";"RUA PREFEITO REBELATTO  111";-;"CENTRO";"89780000";"XAVANTINA";"SC";"Brasil";-;-;"https://www.cresolcentral.com.br";"Autorizada em Atividade";
5269976;"COOPERATIVA DE CRÉDITO E ECONOMIA COM INTERAÇÃO SOLIDÁRIA - CRESOL MAIS";"AVENIDA CORONEL ERNESTO FRANCISCO BERTASO";"SALAS 03 E 04";"CENTRO";"89850000";"QUILOMBO";"SC";"Brasil";-;-;"https://www.cresolcentral.com.br";"Autorizada em Atividade";
2663426;"COOPERATIVA DE CRÉDITO E ECONOMIA COM INTERAÇÃO SOLIDÁRIA - CRESOL NOROESTE";"AVENIDA PRESIDENTE VARGAS";"788";"CENTRO";"99680000";"CONSTANTINA";"RS";"Brasil";-;-;-;"Autorizada em Atividade";
7509426;"COOPERATIVA DE CRÉDITO E ECONOMIA COM INTERAÇÃO SOLIDÁRIA - CRESOL XANXERÊ";"RUA BARÃO DO RIO BRANCO, N- 264";-;"CENTRO";"89820000";"XANXERE";"SC";"Brasil";-;-;"https://www.cresolcentral.com.br";"Autorizada em Atividade";
2844024;"COOPERATIVA DE CRÉDITO E ECONOMIA COM INTERAÇÃO SOLIDÁRIA CRESOL EVOLUÇÃO";"RUA SETE DE SETEMBRO, 1003";-;"CENTRO";"89950000";"DIONISIO CERQUEIRA";"SC";"Brasil";-;-;"https://www.cresolcentral.com.br";"Autorizada em Atividade";
7320890;"COOPERATIVA DE CRÉDITO E ECONOMIA COM INTERAÇÃO SOLIDÁRIA CRESOL VALE";"RUA SANTA CATARINA 2180";"SALA 02";"CENTRO";"89148000";"VITOR MEIRELES";"SC";"Brasil";-;-;"https://www.cresolcentral.com.br";"Autorizada em Atividade";
4565791;"COOPERATIVA DE CRÉDITO E ECONOMIA COM INTERAÇÃO SOLIDÁRIA DE ARATIBA - CRESOL ARATIBA";"RUA SANTO GRANZOTTO  N-150";"APARTAMENTO 2";"CENTRO";"99770000";"ARATIBA";"RS";"Brasil";-;-;-;"Autorizada em Atividade";
2904125;"COOPERATIVA DE CRÉDITO E ECONOMIA COM INTERAÇÃO SOLIDÁRIA DE JACUTINGA - CRESOL JACUTINGA";"AV  LUIZ PESSETTI  110";-;"CENTRO";"99730000";"JACUTINGA";"RS";"Brasil";-;-;-;"Autorizada em Atividade";
3015152;"COOPERATIVA DE CRÉDITO E ECONOMIA COM INTERAÇÃO SOLIDÁRIA DE SÃO VALENTIM - CRESOL SÃO VALENTIM";"AV CASTELO BRANCO  733";-;-;"99640000";"SAO VALENTIM";"RS";"Brasil";-;-;-;"Autorizada em Atividade";
5863726;"COOPERATIVA DE CRÉDITO E ECONOMIA COM INTERAÇÃO SOLIDÁRIA DO PLANALTO SERRA SUL DO RIO GRANDE DO SUL - CRESOL PLANALTO SERRA SUL";"AVENIDA RIO BRANCO 129";-;"CENTRO";"99840000";"SANANDUVA";"RS";"Brasil";-;-;-;"Autorizada em Atividade";
7215632;"COOPERATIVA DE CRÉDITO E INVESTIMENTO COM INTERAÇÃO SOLIDÁRIA ALTERNATIVA - CRESOL ALTERNATIVA";"ALAMEDA ARISTILIANO RAMOS  1144";"SEGUNDO PISO";"CENTRO";"89160113";"RIO DO SUL";"SC";"Brasil";-;-;"https://www.cresolsicoper.com.br";"Autorizada em Atividade";
7465539;"COOPERATIVA DE CRÉDITO E INVESTIMENTO COM INTERAÇÃO SOLIDÁRIA ALTO VALE - CRESOL ALTO VALE";"R RUA 7 DE SETEMBRO, 1955";-;"CENTRO";"89157000";"WITMARSUM";"SC";"Brasil";-;-;"https://www.cresolsicoper.com.br";"Autorizada em Atividade";
7946451;"COOPERATIVA DE CRÉDITO E INVESTIMENTO COM INTERAÇÃO SOLIDÁRIA ATIVA - CRESOL ATIVA";"AVENIDA IRMAOS PICOLLI  252";-;"CENTRO";"89642000";"TANGARA";"SC";"Brasil";-;-;"https://www.cresolsicoper.com.br";"Autorizada em Atividade";
1155801;"COOPERATIVA DE CRÉDITO E INVESTIMENTO COM INTERAÇÃO SOLIDÁRIA CENTRO SERRA - CRESOL CENTRO SERRA";"RUA MATEUS CONCEIÇÃO, 477";-;"DO BOSQUE";"89520000";"CURITIBANOS";"SC";"Brasil";-;-;"https://www.cresolsicoper.com.br";"Autorizada em Atividade";
2910987;"COOPERATIVA DE CRÉDITO E INVESTIMENTO COM INTERAÇÃO SOLIDÁRIA CENTRO SUL - CRESOL CENTRO SUL";"RUA ARGENTINA, N- 135";-;"CENTRO";"99700026";"ERECHIM";"RS";"Brasil";-;-;"https://cresolsicoper.com.br/";"Autorizada em Atividade";
11969853;"COOPERATIVA DE CRÉDITO E INVESTIMENTO COM INTERAÇÃO SOLIDÁRIA CONEXÃO - CRESOL CONEXÃO";"AVENIDA BRASILIA";-;"CIDADE ALTA";"85720256";"MEDIANEIRA";"PR";"Brasil";-;-;-;"Autorizada em Atividade";
7252614;"COOPERATIVA DE CRÉDITO E INVESTIMENTO COM INTERAÇÃO SOLIDÁRIA CONFIANÇA - CRESOL CONFIANÇA";"AVENIDA VIGARIO JOAO CRISOSTOMO, 392";-;"CENTRO";"99850000";"PAIM FILHO";"RS";"Brasil";-;-;"https://cresolsicoper.com.br/";"Autorizada em Atividade";
5983995;"COOPERATIVA DE CRÉDITO E INVESTIMENTO COM INTERAÇÃO SOLIDÁRIA COOPERAR - CRESOL COOPERAR";"AVENIDA GETÚLIO VARGAS, 380";-;"CENTRO";"98670000";"HUMAITA";"RS";"Brasil";-;-;"https://www.cresolsicoper.com.br";"Autorizada em Atividade";
10520232;"COOPERATIVA DE CRÉDITO E INVESTIMENTO COM INTERAÇÃO SOLIDÁRIA DA AMAZÔNIA - CRESOL AMAZÔNIA";"AVENIDA MARECHAL RONDON N  1780";"SALA A";"CENTRO";"76900136";"JI-PARANA";"RO";"Brasil";-;-;-;"Autorizada em Atividade";
4490531;"COOPERATIVA DE CRÉDITO E INVESTIMENTO COM INTERAÇÃO SOLIDÁRIA DE GOIÁS - CRESOL GOIÁS";"RUA DR. ENEAS BRETAS, S/N";-;"CENTRO";"75280165";"ORIZONA";"GO";"Brasil";-;-;-;"Autorizada em Atividade";
8624548;"COOPERATIVA DE CRÉDITO E INVESTIMENTO COM INTERAÇÃO SOLIDÁRIA DE MINAS GERAIS - CRESOL MINAS GERAIS";"RUA BENEDITO VALADARES. N- 557";"ANDAR 4, ANDAR 5, ANDAR 6, ANDAR 7";"BARRA";"36884084";"MURIAE";"MG";"Brasil";-;-;"https://www.cresol.com.br";"Autorizada em Atividade";
50735161;"COOPERATIVA DE CRÉDITO E INVESTIMENTO COM INTERAÇÃO SOLIDÁRIA DE NOVA MUTUM E REGIÃO - CRESOL MATO GROSSO";"AVENIDA DAS ARARAS, N° 189";"SETOR  W  SALA  02  QUADRA  055  LOTE  0017A";"CENTRO";"78450078";"NOVA MUTUM";"MT";"Brasil";-;-;-;"Autorizada em Atividade";
53575491;"COOPERATIVA DE CRÉDITO E INVESTIMENTO COM INTERAÇÃO SOLIDÁRIA DE TOLEDO E REGIÃO - CRESOL PRIMATO CREDI";"RODOVIA BR-163, LINHA MARRECO, 8° PERÍMETRO,";"FAZENDA BRITANIA, S/N, SALA 01 - CASA DO PRODUTOR";"ZONA RURAL";"85919899";"TOLEDO";"PR";"Brasil";-;-;"https://cresol.com.br/";"Autorizada em Atividade";
6139650;"COOPERATIVA DE CRÉDITO E INVESTIMENTO COM INTERAÇÃO SOLIDÁRIA DO RIO GRANDE DO SUL - CRESOL RIO GRANDE DO SUL";"RUA OLAVO BILAC, 914";"SALA 301 A 305, TERCEIRO ANDAR, COND. SÃO BENTO";"IMIGRANTE";"95702000";"BENTO GONCALVES";"RS";"Brasil";-;-;-;"Autorizada em Atividade";
7512780;"COOPERATIVA DE CRÉDITO E INVESTIMENTO COM INTERAÇÃO SOLIDÁRIA DO VALE EUROPEU - CRESOL VALE EUROPEU";"AVENIDA CORONEL ANTÔNIO LEHMKHUL, 230";-;"CENTRO";"88150001";"AGUAS MORNAS";"SC";"Brasil";-;-;-;"Autorizada em Atividade";
6031727;"COOPERATIVA DE CRÉDITO E INVESTIMENTO COM INTERAÇÃO SOLIDÁRIA ESSÊNCIA - CRESOL ESSÊNCIA";"RUA OLAVO BILAC, 855";-;"CENTRO";"98960000";"SANTO CRISTO";"RS";"Brasil";-;-;"https://www.cresolsicoper.com.br";"Autorizada em Atividade";
5276770;"COOPERATIVA DE CRÉDITO E INVESTIMENTO COM INTERAÇÃO SOLIDÁRIA FRONTEIRAS PR/SC/SP/ES - CRESOL FRONTEIRAS PR/SC/SP/ES";"RUA BELÉM, N° 3090";"EDIF. NILSON SCHLEMMER, LOJA 7, SALA 101,201,301";"CENTRO";"85770000";"REALEZA";"PR";"Brasil";-;-;-;"Autorizada em Atividade";
6126780;"COOPERATIVA DE CRÉDITO E INVESTIMENTO COM INTERAÇÃO SOLIDÁRIA GRANDES LAGOS PR/SP - CRESOL GRANDES LAGOS PR/SP";"RUA ALZINO CARAZZAI, N- 825";-;"PRIMAVERA";"85050450";"GUARAPUAVA";"PR";"Brasil";-;-;"https://www.cresol.com.br";"Autorizada em Atividade";
5277312;"COOPERATIVA DE CRÉDITO E INVESTIMENTO COM INTERAÇÃO SOLIDÁRIA HORIZONTE - CRESOL HORIZONTE";"AVENIDA BENTO MUNHOZ DA ROCHA NETO N- 46";"QUADRA 33";"NAVEGANTES";"84600066";"UNIAO DA VITORIA";"PR";"Brasil";-;-;"https://www.cresol.com.br";"Autorizada em Atividade";
7268499;"COOPERATIVA DE CRÉDITO E INVESTIMENTO COM INTERAÇÃO SOLIDÁRIA INTEGRAÇÃO - CRESOL INTEGRAÇÃO";"AVENIDA MINISTRO CIRNE LIMA, 1715";-;"VILA BECKER";"85902400";"TOLEDO";"PR";"Brasil";-;-;-;"Autorizada em Atividade";
2934201;"COOPERATIVA DE CRÉDITO E INVESTIMENTO COM INTERAÇÃO SOLIDÁRIA LIDERANÇA - CRESOL LIDERANÇA";"RUA 14 DE DEZEMBRO";"4245";"CENTRO";"85560000";"CHOPINZINHO";"PR";"Brasil";-;-;"https://www.cresol.com.br";"Autorizada em Atividade";
8488377;"COOPERATIVA DE CRÉDITO E INVESTIMENTO COM INTERAÇÃO SOLIDÁRIA MISSÕES FRONTEIRA RS - CRESOL MISSÕES FRONTEIRA RS";"AVENIDA CASTELA BRANCO, 1264";"SALA 01";"CENTRO";"97950000";"GUARANI DAS MISSOES";"RS";"Brasil";-;-;"https://www.cresolsicoper.com.br";"Autorizada em Atividade";
5494591;"COOPERATIVA DE CRÉDITO E INVESTIMENTO COM INTERAÇÃO SOLIDÁRIA NASCENTE - CRESOL NASCENTE";"RUA RUI BARBOSA, 94";-;"CENTRO";"88450000";"ALFREDO WAGNER";"SC";"Brasil";-;-;"https://www.cresolsicoper.com.br";"Autorizada em Atividade";
7925729;"COOPERATIVA DE CRÉDITO E INVESTIMENTO COM INTERAÇÃO SOLIDÁRIA NORTE PARANAENSE - CRESOL NORTE PARANAENSE";"AVENIDA AYRTON SENNA DA SILVA";"10- ANDAR - SALAS 1001, 1002, 1003 E 1004";"GLEBA FAZENDA PALHAN";"86050460";"LONDRINA";"PR";"Brasil";-;-;-;"Autorizada em Atividade";
5220243;"COOPERATIVA DE CRÉDITO E INVESTIMENTO COM INTERAÇÃO SOLIDÁRIA ORIGENS - CRESOL ORIGENS";"RUA SENADOR ALBERTO PASQUALINI, 1546";"SALA 201";"CENTRO";"99560000";"SARANDI";"RS";"Brasil";-;-;"https://www.cresolsicoper.com.br";"Autorizada em Atividade";
2766672;"COOPERATIVA DE CRÉDITO E INVESTIMENTO COM INTERAÇÃO SOLIDÁRIA PLANALTO SUL - CRESOL PLANALTO SUL";"RUA JUVENAL MATOS, 21";-;"CENTRO";"88600000";"SAO JOAQUIM";"SC";"Brasil";-;-;"https://www.cresolsicoper.com.br";"Autorizada em Atividade";
2448310;"COOPERATIVA DE CRÉDITO E INVESTIMENTO COM INTERAÇÃO SOLIDÁRIA PROGRESSO - CRESOL PROGRESSO";"AVENIDA BRASIL, N- 4369";-;"CENTRO";"85812002";"CASCAVEL";"PR";"Brasil";-;-;-;"Autorizada em Atividade";
17343510;"COOPERATIVA DE CRÉDITO E INVESTIMENTO COM INTERAÇÃO SOLIDÁRIA RAIZ - CRESOL RAIZ";"RUA MAURÍCIO CARDOSO, 482";-;"CENTRO";"98400000";"FREDERICO WESTPHALEN";"RS";"Brasil";-;-;"https://www.cresolsicoper.com.br";"Autorizada em Atividade";
4350225;"COOPERATIVA DE CRÉDITO E INVESTIMENTO COM INTERAÇÃO SOLIDÁRIA TRADIÇÃO - CRESOL TRADIÇÃO";"RUA NOSSA SENHORA DA GLÓRIA, 52";-;"CANGO";"85604090";"FRANCISCO BELTRAO";"PR";"Brasil";-;-;"https://www.cresol.com.br";"Autorizada em Atividade";
24431221;"COOPERATIVA DE CRÉDITO E INVESTIMENTO COM INTERAÇÃO SOLIDÁRIA TRANSAMAZÔNICA - CRESOL TRANSAMAZÔNICA";"AVENIDA MARECHAL CASTELO BRANCO  52";-;"CENTRO";"68485000";"PACAJA";"PA";"Brasil";-;-;"https://www.cresol.com.br/transamazonica";"Autorizada em Atividade";
4261151;"COOPERATIVA DE CRÉDITO E INVESTIMENTO COM INTERAÇÃO SOLIDÁRIA TRANSFORMAÇÃO - CRESOL TRANSFORMAÇÃO";"RUA ALBERTO KOGLIN, 3683";"CENTRO COMERCIAL INFINITY BLUE, SALA 01";"CENTRO";"89155000";"DONA EMMA";"SC";"Brasil";-;-;"https://www.cresolsicoper.com.br";"Autorizada em Atividade";
8560508;"COOPERATIVA DE CRÉDITO E INVESTIMENTO COM INTERAÇÃO SOLIDÁRIA TRIUNFO - CRESOL TRIUNFO";"RUA PREFEITO PEDRO FURTADO DAS NEVES, 385";"2- ANDAR";"CENTRO";"84150000";"SAO JOAO DO TRIUNFO";"PR";"Brasil";-;-;"https://www.cresol.com.br";"Autorizada em Atividade";
2446089;"COOPERATIVA DE CRÉDITO E INVESTIMENTO COM INTERAÇÃO SOLIDÁRIA UNIÃO - CRESOL UNIÃO";"AVENIDA GENEROSO MARQUES, N 869";"TÉRREO, 1 ANDAR E MEZANINO";"CENTRO";"85550079";"CORONEL VIVIDA";"PR";"Brasil";-;-;"https://www.cresol.com.br";"Autorizada em Atividade";
5231945;"COOPERATIVA DE CRÉDITO E INVESTIMENTO COM INTERAÇÃO SOLIDÁRIA UNIÃO DOS VALES - CRESOL UNIÃO DOS VALES";"AVENIDA SOUZA NAVES, N- 1295";-;"CENTRO";"86870003";"IVAIPORA";"PR";"Brasil";-;-;"https://www.cresol.com.br";"Autorizada em Atividade";
4663561;"COOPERATIVA DE CRÉDITO E INVESTIMENTO COM INTERAÇÃO SOLIDÁRIA VALE DAS ÁGUAS PR/MG - CRESOL VALE DAS ÁGUAS PR/MG";"AVENIDA SANTOS DUMONT, N- 2330";"1- ANDAR";"CENTRO";"85301040";"LARANJEIRAS DO SUL";"PR";"Brasil";-;-;"https://www.cresol.com.br";"Autorizada em Atividade";
3965737;"COOPERATIVA DE CRÉDITO E INVESTIMENTO COM INTERAÇÃO SOLIDÁRIA VANGUARDA - CRESOL VANGUARDA";"RUA PAULO MARQUES D, N° 242,";"SALA 2";"PASSO DOS FORTES";"89805112";"CHAPECO";"SC";"Brasil";-;-;-;"Autorizada em Atividade";
79457883;"COOPERATIVA DE CRÉDITO E INVESTIMENTO DE LIVRE ADMISSÃO AGROEMPRESARIAL - SICREDI AGROEMPRESARIAL PR/SP";"RUA RENE TACOLA  594";"2  ANDAR";"CENTRO";"86975000";"MANDAGUARI";"PR";"Brasil";-;-;-;"Autorizada em Atividade";
3632872;"COOPERATIVA DE CRÉDITO E INVESTIMENTO DO SUDOESTE  DA AMAZÔNIA LTDA - SICOOB CREDISUL";"AV. CAPITÃO CASTRO, N- 3.178";"PREDIO";"CENTRO";"76980150";"VILHENA";"RO";"Brasil";-;-;"https://www.sicoobcredisul.com.br";"Autorizada em Atividade";
88530142;"COOPERATIVA DE CRÉDITO E INVESTIMENTO LIBERDADE - SICREDI LIBERDADE";"RUA MARECHAL DEODORO, 130";"SEGUNDO PAVIMENTO";"CENTRO";"96400400";"BAGE";"RS";"Brasil";-;-;-;"Autorizada em Atividade";
8044854;"COOPERATIVA DE CRÉDITO E INVESTIMENTO SICOOB CENTRO";"RUA MANOEL FRANCO, 1050";-;"NOVA BRASILIA";"76908442";"JI-PARANA";"RO";"Brasil";-;-;"https://www.sicoobcentro.com.br";"Autorizada em Atividade";
53841911;"COOPERATIVA DE CRÉDITO E INVESTIMENTO UNINDÚSTRIA";"RUA ARCISO COLLA N- 411";"SALA 06";"CENTRO";"89700057";"CONCORDIA";"SC";"Brasil";-;-;"https://credisis.com.br";"Autorizada em Atividade";
4751713;"COOPERATIVA DE CRÉDITO E INVESTIMENTOS DE RONDÔNIA - SICOOB CREDJURD";"AVENIDA CARLOS GOMES, N- 643";"2- PISO";"CAIARI";"76801147";"PORTO VELHO";"RO";"Brasil";-;-;"https://www.sicoob.com.br/web/sicoobcredjurd/para-voce";"Autorizada em Atividade";
5097757;"COOPERATIVA DE CRÉDITO E SERVIÇOS FINANCEIROS DE CURITIBA E REGIÃO METROPOLITANA";"RUA MARECHAL DEODORO  314   9 ANDAR  SALAS 902 903";"EDIFICIO TIBAGI";"CENTRO";"80010010";"CURITIBA";"PR";"Brasil";-;-;"https://www.coopesf.com.br";"Autorizada em Atividade";
10311218;"COOPERATIVA DE CRÉDITO EVOLUA";"RUA PALMAS, N- 1.943";"SALA 02";"CENTRO";"85605060";"FRANCISCO BELTRAO";"PR";"Brasil";-;-;"https://www.evolua.coop.br";"Autorizada em Atividade";
88471024;"COOPERATIVA DE CRÉDITO GERAÇÕES - SICREDI GERAÇÕES RS/MG";"RUA SALDANHA MARINHO  825";-;"CENTRO";"96508001";"CACHOEIRA DO SUL";"RS";"Brasil";-;-;-;"Autorizada em Atividade";
26014175;"COOPERATIVA DE CRÉDITO GUARANICREDI LTDA. - SICOOB GUARANICREDI";"RUA BENEDITO VALADARES";"258";"CENTRO";"36160000";"GUARANI";"MG";"Brasil";-;-;-;"Autorizada em Atividade";
7194313;"COOPERATIVA DE CRÉDITO HORIZONTE - SICOOB HORIZONTE";"AV  ARAPONGAS  N  446";-;"CENTRO";"86700050";"ARAPONGAS";"PR";"Brasil";-;-;"https://www.sicoobunicoob.com.br";"Autorizada em Atividade";
7122321;"COOPERATIVA DE CRÉDITO INTEGRADO - SICOOB INTEGRADO";"RUA TAPAJOS  440";-;"CENTRO";"85501043";"PATO BRANCO";"PR";"Brasil";-;-;"https://www.sicoob.com.br/";"Autorizada em Atividade";
85291086;"COOPERATIVA DE CRÉDITO LITORÂNEA";"RUA DONA HELENA CECHINEL  317";"CENTRO";"CENTRO";"88950000";"JACINTO MACHADO";"SC";"Brasil";-;-;"https://www.credija.com.br";"Autorizada em Atividade";
2179673;"COOPERATIVA DE CRÉDITO LIVRE ADMISSÃO SICOOB OURICRED";"RUA EUCLIDES DA CUNHA  733";-;"VILA MORAES";"19900043";"OURINHOS";"SP";"Brasil";-;-;"https://www.sicoob.com.br/web/sicoobouricred";"Autorizada em Atividade";
71392047;"COOPERATIVA DE CRÉDITO MONTECREDI LTDA. - SICOOB MONTECREDI";"RUA GONCALVES DIAS";"15";"CENTRO";"38500000";"MONTE CARMELO";"MG";"Brasil";-;-;-;"Autorizada em Atividade";
7669921;"COOPERATIVA DE CRÉDITO MÚTUO - SICOOB CREDIACISC";"AV  SAO CARLOS  2323";-;"CENTRO";"13560011";"SAO CARLOS";"SP";"Brasil";-;-;-;"Autorizada em Atividade";
10175348;"COOPERATIVA DE CRÉDITO MÚTUO DE LIVRE ADMISSÃO DA REGIÃO ADMINISTRATIVA DE SOROCABA - SICOOB COOPERASO";"AVENIDA BARÃO DE TATUÍ, 253";-;"JARDIM VERGUEIRO";"18030000";"SOROCABA";"SP";"Brasil";-;-;"https: //www.sicoob.com.br/web/sicoobcooperaso/ouvidoria";"Autorizada em Atividade";
4414354;"COOPERATIVA DE CRÉDITO MÚTUO DO ABC - COOPER 7";"RUA JOAQUIM CASEMIRO, 290";-;"PLANALTO";"09890050";"SAO BERNARDO DO CAMPO";"SP";"Brasil";-;-;-;"Autorizada em Atividade";
3620772;"COOPERATIVA DE CRÉDITO MÚTUO DO CEARÁ - SICOOB CEARÁ";"RUA MINISTRO JOAQUIM BASTOS N  322";-;"FATIMA";"60415040";"FORTALEZA";"CE";"Brasil";-;-;-;"Autorizada em Atividade";
5861932;"COOPERATIVA DE CRÉDITO MÚTUO DOS ADVOGADOS DE SANTA CATARINA";"AVENIDA MARECHAL CASTELO BRANCO";"ED  KENNEDY TOWERS   TORRE I   9  ANDAR";"CAMPINAS";"88101020";"SAO JOSE";"SC";"Brasil";-;-;"https://www.oabcred.com.br";"Autorizada em Atividade";
8030602;"COOPERATIVA DE CRÉDITO MÚTUO DOS CORRETORES DE SEGUROS DO ESTADO DE SÃO PAULO - SICOOB CREDICOR/SP";"RUA LIBERO BADARO, 293";"29 ANDAR - CONJUNTO D";"CENTRO";"01009907";"SAO PAULO";"SP";"Brasil";-;-;-;"Autorizada em Atividade";
4715685;"COOPERATIVA DE CRÉDITO MÚTUO DOS DESPACHANTES DE TRÂNSITO DE SANTA CATARINA E RIO GRANDE DO SUL - SICOOB CREDITRAN";"RUA SANTOS SARAIVA  641";"ED  ANTONIO SESTREM";"ESTREITO";"88070100";"FLORIANOPOLIS";"SC";"Brasil";-;-;"https://www.creditran.com.br";"Autorizada em Atividade";
46642294;"COOPERATIVA DE CRÉDITO MÚTUO DOS EMPREGADOS DA EMBRAER- SICOOB COOPEREMB";"RUA AVIAO PAULISTINHA  399";-;"JARDIM SOUTO";"12227081";"SAO JOSE DOS CAMPOS";"SP";"Brasil";-;-;"https://www.cooperemb.com.br";"Autorizada em Atividade";
55319370;"COOPERATIVA DE CRÉDITO MÚTUO DOS EMPREGADOS DA FIAÇÃO ALPINA - COOPERALPINA";"AVENIDA DA SAUDADE";"NRO 197";"SAO BENEDITO";"13260000";"MORUNGABA";"SP";"Brasil";-;-;-;"Autorizada em Atividade";
58290800;"COOPERATIVA DE CRÉDITO MÚTUO DOS EMPREGADOS DA MAXION - CREDMAXION";"RUA DR CARLOS VARELA  566";-;"CENTRO";"12701310";"CRUZEIRO";"SP";"Brasil";-;-;"https://www.credmaxion.com.br";"Autorizada em Atividade";
2104058;"COOPERATIVA DE CRÉDITO MÚTUO DOS EMPREGADOS DA PILKINGTON BRASIL";"RODOVIA PRESIDENTE DUTRA KM 131-133";"KM 131-133";"SANTA LUZIA";"12286160";"CACAPAVA";"SP";"Brasil";-;-;-;"Autorizada em Atividade";
49091119;"COOPERATIVA DE CRÉDITO MÚTUO DOS EMPREGADOS DA SKF E COLIGADAS";"RODOVIA ANHANGUERA - KM 30";-;"POLVILHO";"07770000";"CAJAMAR";"SP";"Brasil";-;-;"https://www.cooperskf.com.br";"Autorizada em Atividade";
6369729;"COOPERATIVA DE CRÉDITO MÚTUO DOS EMPREGADOS DAS INDÚSTRIAS DO PAPEL, PAPELÃO E CORTIÇA DE OTACÍLIO COSTA, LAGES E CORREA PINTO - PAPELCREDI";"AVENIDA DO TRABALHADOR, 408";"CASA";"FÁTIMA";"88540000";"OTACILIO COSTA";"SC";"Brasil";-;-;-;"Autorizada em Atividade";
20833992;"COOPERATIVA DE CRÉDITO MÚTUO DOS EMPREGADOS DO CENTRO UNIVERSITÁRIO NEWTON PAIVA LTDA. - CREDIPAIVA";"RUA CATUMBI N. 166";-;"CAIÇARA";"31230070";"BELO HORIZONTE";"MG";"Brasil";-;-;"https://www.credipaiva.com.br";"Autorizada em Atividade";
2093154;"COOPERATIVA DE CRÉDITO MÚTUO DOS EMPREGADOS DO MAGAZINE LUIZA, EMPRESAS CONTROLADAS E COLIGADAS - COOPLUIZA";"RUA DO COMÉRCIO,1.924";-;"CENTRO";"14400660";"FRANCA";"SP";"Brasil";-;-;"https://www.coopluiza.com.br";"Autorizada em Atividade";
3674133;"COOPERATIVA DE CRÉDITO MÚTUO DOS EMPREGADOS EM INSTITUIÇÕES DO SISTEMA FINANCEIRO NAS REGIÕES DE SÃO PAULO E CAMPINAS (SP) - CREDISCOOP";"RUA LIBERO BADARÓ, 158";"16 ANDAR - CONJUNTO 01";"CENTRO";"01008000";"SAO PAULO";"SP";"Brasil";-;-;-;"Autorizada em Atividade";
5747018;"COOPERATIVA DE CRÉDITO MÚTUO DOS FUNCIONÁRIOS DA FIEPB, SESI, SENAI, IEL E DO CONDOMÍNIO EDIFÍCIO AGOSTINHO VELLOSO DA SILVEIRA (CEAVS  - CREDFISP LTDA.";"RUA MANOEL GONÇALVES GUIMARAES, 195";"PREDIO FIEP";"JOSÉ PINHEIRO";"58407363";"CAMPINA GRANDE";"PB";"Brasil";-;-;"https://www.credfisp.com.br";"Autorizada em Atividade";
6077760;"COOPERATIVA DE CRÉDITO MÚTUO DOS FUNCIONÁRIOS DA RICLAN";"AV  PRESIDENTE KENNEDY  754";-;"ESTADIO";"13501900";"RIO CLARO";"SP";"Brasil";-;-;-;"Autorizada em Atividade";
53932869;"COOPERATIVA DE CRÉDITO MÚTUO DOS FUNCIONÁRIOS DAS EMPRESAS FERROVIÁRIAS NO ESTADO DE SÃO PAULO";"R ALICE VELHO TEIXEIRA  53";-;"PRESIDENTE ALTINO";"06213050";"OSASCO";"SP";"Brasil";-;-;"https://www.coofer.com.br";"Autorizada em Atividade";
2083914;"COOPERATIVA DE CRÉDITO MÚTUO DOS POLICIAIS FEDERAIS E SERVIDORES PÚBLICOS NO ESPÍRITO SANTO - CREDFEDERAL";"AV. DELEGADO FEDERAL GERALDO GUIMARÃES, N- 01";-;"SÃO TORQUATO";"29114105";"VILA VELHA";"ES";"Brasil";-;-;"https://www.credfederal.coop.br";"Autorizada em Atividade";
1709266;"COOPERATIVA DE CRÉDITO MÚTUO DOS PROFISSIONAIS DA SAÚDE E LIVRE ADMISSÃO DE TEÓFILO OTONI LTDA. - UNICRED TRÊS VALES";"RUA PADRE VIRGULINO  687";-;"CENTRO";"39800025";"TEOFILO OTONI";"MG";"Brasil";-;-;"https://www.unicredmg.com.br";"Autorizada em Atividade";
4791645;"COOPERATIVA DE CRÉDITO MÚTUO DOS SERVIDORES DA ASSEMBLEIA LEGISLATIVA DO ESTADO DE SÃO PAULO - COOPERALESP";"AV PEDRO ALVARES CABRAL, 201 - PAL 9 DE JULHO -S/S";"SALA  2";"PARQUE IBIRAPUERA";"04097900";"SAO PAULO";"SP";"Brasil";-;-;-;"Autorizada em Atividade";
4804353;"COOPERATIVA DE CRÉDITO MÚTUO DOS SERVIDORES DA SEGURANÇA PÚBLICA DE SÃO PAULO - CREDIAFAM";"RUA DR. GABRIEL PIZA, 425";"2 ANDAR";"SANTANA";"02036011";"SAO PAULO";"SP";"Brasil";-;-;-;"Autorizada em Atividade";
53800488;"COOPERATIVA DE CRÉDITO MÚTUO DOS SERVIDORES DE ÓRGAOS GESTORES DE RECURSOS HÍDRICOS DO ESTADO DE SÃO PAULO - COOPERHIDRO";"RUA QUINZE DE NOVEMBRO 200";"10 ANDAR";"CENTRO";"01013905";"SAO PAULO";"SP";"Brasil";-;-;"https://www.cooperhidro.org.br";"Autorizada em Atividade";
73092827;"COOPERATIVA DE CRÉDITO MÚTUO DOS SERVIDORES DO MINISTERIO DA EDUCAÇÃO EM SÃO PAULO - COOPEMESP";"RUA PEDRO VICENTE  625";-;"LUZ";"01109010";"SAO PAULO";"SP";"Brasil";-;-;"https://sicoob.com.br/web/sicoobcoopemesp";"Autorizada em Atividade";
2275781;"COOPERATIVA DE CRÉDITO MÚTUO DOS SERVIDORES FEDERAIS NA PARAÍBA - SICOOB COOPERCRET";"AV  PRIMEIRO DE MAIO  720";-;"JAGUARIBE";"58015430";"JOAO PESSOA";"PB";"Brasil";-;-;-;"Autorizada em Atividade";
5969937;"COOPERATIVA DE CRÉDITO MÚTUO DOS SERVIDORES MUNICIPAIS DE BEBEDOURO - COOCRESB.";"PRAÇA BARÃO DO RIO BRANCO, 99";-;"CENTRO";"14700129";"BEBEDOURO";"SP";"Brasil";-;-;"https://www.sicoobcoocresb.com.br";"Autorizada em Atividade";
74248949;"COOPERATIVA DE CRÉDITO MÚTUO DOS SERVIDORES MUNICIPAIS DE SÃO JOÃO DA BOA VISTA - CREDIVISTA";"R. SENADOR SARAIVA, 59";-;"CENTRO";"13870020";"SAO JOAO DA BOA VISTA";"SP";"Brasil";-;-;"https://www.credivista.com.br";"Autorizada em Atividade";
3612679;"COOPERATIVA DE CRÉDITO MÚTUO DOS SERVIDORES PÚBLICOS - CREDI-SP";"TRAVESSA DOS VIANAS, 65";-;"BAETA NEVES";"09760040";"SAO BERNARDO DO CAMPO";"SP";"Brasil";-;-;"https://www.credisp.coop.br";"Autorizada em Atividade";
6942423;"COOPERATIVA DE CRÉDITO MÚTUO DOS TRABALHADORES DO SISTEMA FINANCEIRO DE CURITIBA E REGIÃO - COOPCREFI";"RUA DESEMBARGADOR WESTPHALEN";"N  637";"CENTRO";"80010110";"CURITIBA";"PR";"Brasil";-;-;"https://www.coopcrefi.com.br";"Autorizada em Atividade";
5477038;"COOPERATIVA DE CRÉDITO NO PIAUÍ - SICOOB PIAUÍ";"RUA GOVERNADOR TIBERIO NUNES  N  255";-;"CABRAL";"64000750";"TERESINA";"PI";"Brasil";-;-;-;"Autorizada em Atividade";
86564051;"COOPERATIVA DE CRÉDITO NOROESTE DE MINAS LTDA. - SICOOB NOROESTE DE MINAS";"RUA SAO JOSE";"667";"CENTRO";"38610026";"UNAI";"MG";"Brasil";-;-;-;"Autorizada em Atividade";
3419786;"COOPERATIVA DE CRÉDITO NOSSA SENHORA DO DESTERRO - SICOOB CREDISC";"RUA ANITA GARIBALDI, 77";"SALA 201";"CENTRO";"88010500";"FLORIANOPOLIS";"SC";"Brasil";-;-;"https://www.sicoob.com.br/web/sicoobcredisc";"Autorizada em Atividade";
22760839;"COOPERATIVA DE CRÉDITO NOSSOCRÉDITO LTDA - SICOOB NOSSOCRÉDITO";"RUA DOUTOR PLACIDINO BRIGAGAO  927";-;"CENTRO";"37950014";"SAO SEBASTIAO DO PARAISO";"MG";"Brasil";-;-;"https://www.sicoobnossocredito.com.br";"Autorizada em Atividade";
81292278;"COOPERATIVA DE CRÉDITO ORIGINAL - SICOOB ORIGINAL";"RUA DOM PEDRO II, 1421";"EDIFÍCIO EXCELLENTIA INTERCOOPERATION, 1- ANDAR";"BRASILIA";"89990000";"SAO LOURENCO D'OESTE";"SC";"Brasil";-;-;"https://www.sousicoob.coop";"Autorizada em Atividade";
4484490;"COOPERATIVA DE CRÉDITO POUPANÇA E INVESTIMENTO DA ALTA NOROESTE DE SÃO PAULO - SICREDI ALTA NOROESTE SP";"RUA SAUDADES  100";-;"CENTRO";"16200025";"BIRIGUI";"SP";"Brasil";-;-;-;"Autorizada em Atividade";
44469161;"COOPERATIVA DE CRÉDITO PRO";"AV ANTONIO ALBINO 1671";-;"VILA GARAVELLO";"14845038";"GUARIBA";"SP";"Brasil";-;-;"https://www.sicoobpro.com.br";"Autorizada em Atividade";
87510475;"COOPERATIVA DE CRÉDITO ROTA DAS TERRAS - SICREDI   ROTA DAS TERRAS";"RODOVIA ERS 223, KM 28";-;"DISTRITO INDUSTRIAL";"99490000";"TAPERA";"RS";"Brasil";-;-;-;"Autorizada em Atividade";
76461557;"COOPERATIVA DE CRÉDITO RURAL COOPAVEL";"RODOVIA BR 277  KM 591";-;"PARQUE SAO PAULO";"85803490";"CASCAVEL";"PR";"Brasil";-;-;"https://www.credicoopavel.com.br";"Autorizada em Atividade";
1073966;"COOPERATIVA DE CRÉDITO RURAL DE ABELARDO LUZ - SULCREDI/CREDILUZ";"AV. CASTELO BRANCO,";"570";"CENTRO";"89830000";"ABELARDO LUZ";"SC";"Brasil";-;-;"https://www.sulcrediab.com.br";"Autorizada em Atividade";
71207740;"COOPERATIVA DE CRÉDITO RURAL DE IRAÍ DE MINAS LTDA -SICOOB CREDIMIL";"AVENIDA PRIMEIRO DE MARCO  N  175";-;"CENTRO";"38510000";"IRAI DE MINAS";"MG";"Brasil";-;-;-;"Autorizada em Atividade";
8482873;"COOPERATIVA DE CRÉDITO RURAL DO AGRESTE ALAGOANO - COOPERAGRE";"RUA JOAQUIM TORRES, 01";-;"CENTRO";"57620000";"IGACI";"AL";"Brasil";-;-;-;"Autorizada em Atividade";
49654502;"COOPERATIVA DE CRÉDITO RURAL DOS FORNECEDORES DE CANA DA REGIÃO DE CATANDUVA-COFOCRED";"RUA AMAZONAS, 361";-;"CENTRO";"15800050";"CATANDUVA";"SP";"Brasil";-;-;-;"Autorizada em Atividade";
52623311;"COOPERATIVA DE CRÉDITO RURAL DOS PLANTADORES DE CANA DA REGIÃO DE IGARAPAVA";"AV CORONEL QUITO  134";-;"CENTRO";"14540000";"IGARAPAVA";"SP";"Brasil";-;-;-;"Autorizada em Atividade";
12272183;"COOPERATIVA DE CRÉDITO RURAL DOS PLANTADORES DE CANA DE ALAGOAS";"RUA SA E ALBUQUERQUE  544";-;"JARAGUA";"57022180";"MACEIO";"AL";"Brasil";-;-;"https://www.coplan.coop.br";"Autorizada em Atividade";
2904138;"COOPERATIVA DE CRÉDITO RURAL E ECONOMIA COM INTERAÇÃO SOLIDÁRIA DE ÁUREA - CRESOL ÁUREA";"RUA PORTO ALEGRE  410";"SALA 2";-;"99835000";"AUREA";"RS";"Brasil";-;-;-;"Autorizada em Atividade";
5241145;"COOPERATIVA DE CRÉDITO RURAL E ECONOMIA COM INTERAÇÃO SOLIDÁRIA DE GETÚLIO VARGAS - CRESOL GETÚLIO VARGAS";"RUA MAJOR CANDIDO CONY, 277";-;"CENTRO";"99900000";"GETULIO VARGAS";"RS";"Brasil";-;-;-;"Autorizada em Atividade";
71154256;"COOPERATIVA DE CRÉDITO SACRAMENTO LTDA - SICOOB SACRAMENTO";"AV  BENEDITO VALADARES  73";-;"CENTRO";"38190000";"SACRAMENTO";"MG";"Brasil";-;-;-;"Autorizada em Atividade";
66402207;"COOPERATIVA DE CRÉDITO SAROM";"RUA 15 DE NOVEMBRO  31";-;"CENTRO";"37928000";"SAO ROQUE DE MINAS";"MG";"Brasil";-;-;"https://www.sicoobsarom.com.br";"Autorizada em Atividade";
4013172;"COOPERATIVA DE CRÉDITO SICOOB 3 COLINAS";"RUA MINAS GERAIS 334";-;"VILA APARECIDA";"14401229";"FRANCA";"SP";"Brasil";-;-;"https://www.sicoob.com.br/web/sicoob3colinas/para-voce";"Autorizada em Atividade";
6174009;"COOPERATIVA DE CRÉDITO SICOOB ALIANÇA";"RUA GALDINO GLUCK JUNIOR  280";"SALA 201";"CENTRO";"86800670";"APUCARANA";"PR";"Brasil";-;-;"https://www.sicoob.com.br/web/sicoobalianca/para-voce";"Autorizada em Atividade";
7097064;"COOPERATIVA DE CRÉDITO SICOOB CONFIANÇA";"RUA GOIAS  1231";-;"CENTRO";"85960152";"MARECHAL CANDIDO RONDON";"PR";"Brasil";-;-;-;"Autorizada em Atividade";
4174720;"COOPERATIVA DE CRÉDITO SICOOB COOPEMAR LTDA";"RUA RUI BARBOSA  N  152";-;"CENTRO";"44630000";"MAIRI";"BA";"Brasil";-;-;-;"Autorizada em Atividade";
62673470;"COOPERATIVA DE CRÉDITO SICOOB COOPMIL";"AVENIZA CRUZEIRO DO SUL, 297";-;"LUZ";"01109000";"SAO PAULO";"SP";"Brasil";-;-;"https://www.sicoob.com.br/web/sicoobcoopmil";"Autorizada em Atividade";
1205736;"COOPERATIVA DE CRÉDITO SICOOB COSTA DO DESCOBRIMENTO LTDA.";"PRACA DA INDEPENDENCIA  60";-;"CENTRO";"45836000";"ITAMARAJU";"BA";"Brasil";-;-;-;"Autorizada em Atividade";
2528151;"COOPERATIVA DE CRÉDITO SICOOB CREDCOOP LTDA.";"PRAÇA JOAQUIM CORREIA, N°. 55";-;"CENTRO";"45000907";"VITORIA DA CONQUISTA";"BA";"Brasil";-;-;-;"Autorizada em Atividade";
3535065;"COOPERATIVA DE CRÉDITO SICOOB CREDMETAL";"RUA ERASMO BRAGA  307";"2- ANDAR";"PRESIDENTE ALTINO";"06213008";"OSASCO";"SP";"Brasil";-;-;"https://www.sicoobcredmetal.com.br";"Autorizada em Atividade";
2935307;"COOPERATIVA DE CRÉDITO SICOOB CREDSEGURO LTDA.";"RUA C -139, QUADRA 337, LOTE 03";-;"JARDIM AMERICA";"74275070";"GOIANIA";"GO";"Brasil";-;-;"https://www.sicoob.com.br/web/sicoobcredseguro";"Autorizada em Atividade";
4388688;"COOPERATIVA DE CRÉDITO SICOOB ENGECRED LTDA.";"AVENIDA T-7, N- 371";"QD R34, LOTE 1E SALA 2701 A 2721 PAVMTO 32";"SETOR OESTE";"74140110";"GOIANIA";"GO";"Brasil";-;-;"https://www.sicoobengecred.coop.com.br";"Autorizada em Atividade";
2447120;"COOPERATIVA DE CRÉDITO SICOOB EXTREMO SUL LTDA.";"RUA ANTONIO CHICON SOBRINHO  141";-;"CENTRO";"45985202";"TEIXEIRA DE FREITAS";"BA";"Brasil";-;-;-;"Autorizada em Atividade";
24610065;"COOPERATIVA DE CRÉDITO SICOOB IPÊ - SICOOB IPÊ";"AVENIDA CORONEL ANTONINO, 805";-;"CORONEL ANTONINO";"79010000";"CAMPO GRANDE";"MS";"Brasil";-;-;"https://www.sicoob.com.br/web/sicoobipe/para-voce";"Autorizada em Atividade";
71506513;"COOPERATIVA DE CRÉDITO SICOOB ITAPAGIPE LTDA - SICOOB ITAPAGIPE";"AVENIDA 07";"575";"CENTRO";"38240000";"ITAPAGIPE";"MG";"Brasil";-;-;"https://www.sicoobitapagipe.com.br";"Autorizada em Atividade";
3459850;"COOPERATIVA DE CRÉDITO SICOOB METROPOLITANO";"AV  PEDRO TAQUES  294";"SOBRELOJA 2";"ZONA 03";"87030008";"MARINGA";"PR";"Brasil";-;-;"https://www.sicoob.com.br/web/sicoobmetropolitano";"Autorizada em Atividade";
7318874;"COOPERATIVA DE CRÉDITO SICOOB MÉDIO OESTE";"AV  DOM PEDRO II  245";-;"JARDIM AMERICA";"85935005";"ASSIS CHATEAUBRIAND";"PR";"Brasil";-;-;"https://www.sicoobunicoob.com.br";"Autorizada em Atividade";
2876918;"COOPERATIVA DE CRÉDITO SICOOB NORTE SUL LTDA";"PRACA SIMOES FILHO  55   SALAS 101 102";"SHOPPING GAN";"CENTRO";"45450000";"GANDU";"BA";"Brasil";-;-;-;"Autorizada em Atividade";
5582619;"COOPERATIVA DE CRÉDITO SICOOB OURO VERDE";"AVENIDA PARANA 646";"1  ANDAR";"CENTRO";"86010390";"LONDRINA";"PR";"Brasil";-;-;-;"Autorizada em Atividade";
5241619;"COOPERATIVA DE CRÉDITO SICOOB PRIMAVERA - SICOOB PRIMAVERA";"AVENIDA SAO JOAO  306";-;"PRIMAVERA I";"78850000";"PRIMAVERA DO LESTE";"MT";"Brasil";-;-;"https://www.sicoob.com.br/web/sicoobprimavera";"Autorizada em Atividade";
2057584;"COOPERATIVA DE CRÉDITO SICOOB SERTÃO LTDA";"PRACA HONORATO GONCALVES  N  84";-;"CENTRO";"44610000";"PINTADAS";"BA";"Brasil";-;-;-;"Autorizada em Atividade";
86389236;"COOPERATIVA DE CRÉDITO SICOOB UNI SUDESTE";"RUA VINTE E DOIS DE MAIO  57";-;"CENTRO";"36500060";"UBA";"MG";"Brasil";-;-;"https://www.sicoob.com.br/web/sicoobunisudeste";"Autorizada em Atividade";
37554441;"COOPERATIVA DE CRÉDITO SICOOB UNI SUL MS";"RUA OLIVEIRA MARQUES  2020";-;"JARDIM CENTRAL";"79805021";"DOURADOS";"MS";"Brasil";-;-;"https://www.sicoob.com.br/web/sicoobunisulms/sicoob-uni-sul-";"Autorizada em Atividade";
2466552;"COOPERATIVA DE CRÉDITO SICOOB VALE SUL";"AVENIDA ANTONIO DE PAIVA CANTELMO  N  590";-;"INDUSTRIAL";"85601270";"FRANCISCO BELTRAO";"PR";"Brasil";-;-;-;"Autorizada em Atividade";
9343038;"COOPERATIVA DE CRÉDITO SICREDI ALTO SERTÃO PARAIBANO - SICREDI ALTO SERTÃO PARAIBANO";"RUA JOÃO PESSOA 25";-;"CENTRO";"58800010";"SOUSA";"PB";"Brasil";-;-;"https://www.sicredi.com.br/altosertaoparaibano/";"Autorizada em Atividade";
90608712;"COOPERATIVA DE CRÉDITO SICREDI SERRANA RS/ES";"AV. IVO TRAMONTINA 777";-;"CENTRO";"95185000";"CARLOS BARBOSA";"RS";"Brasil";-;-;-;"Autorizada em Atividade";
5888589;"COOPERATIVA DE CRÉDITO SUL - SICOOB SUL";"RUA BENJAMIN LINS, 610";-;"BATEL";"80420100";"CURITIBA";"PR";"Brasil";-;-;"https://www.sicoob.com.br";"Autorizada em Atividade";
32467086;"COOPERATIVA DE CRÉDITO SUL DO ESPÍRITO SANTO - SICOOB SUL";"AV. DR. ARISTIDES CAMPOS, 355";-;"BASILEIA";"29302801";"CACHOEIRO DE ITAPEMIRIM";"ES";"Brasil";-;-;"https://www.sicoobes.com.br";"Autorizada em Atividade";
32474884;"COOPERATIVA DE CRÉDITO SUL-LITORÂNEA DO ESPÍRITO SANTO";"RUA GUILHERME PATERLINI";"1- E 2- ANDAR";"CENTRO";"29240000";"ALFREDO CHAVES";"ES";"Brasil";-;-;"https://www.sicoobes.com.br";"Autorizada em Atividade";
815319;"COOPERATIVA DE CRÉDITO SUL-SERRANA DO ESPÍRITO SANTO";"AVENIDA ANGELO ALTOÉ, 340";-;"SÃO PEDRO";"29375000";"VENDA NOVA DO IMIGRANTE";"ES";"Brasil";-;-;"https://www.sicoobes.com.br";"Autorizada em Atividade";
26178111;"COOPERATIVA DE CRÉDITO UNIÃO CENTRO OESTE LTDA. - SICOOB UNIÃO CENTRO OESTE";"AV  BENEDITO VALADARES";"590";"CENTRO";"35590028";"LAGOA DA PRATA";"MG";"Brasil";-;-;"https://www.sicoob.com.br/web/sicoobuniaocentrooeste";"Autorizada em Atividade";
65239402;"COOPERATIVA DE CRÉDITO UNIÃO DO CENTRO OESTE DE MINAS LTDA. - SICOOB CENTRO UNIÃO";"PRACA PRIMEIRO DE JANEIRO  25";-;"CENTRO";"35557000";"CARMO DO CAJURU";"MG";"Brasil";-;-;-;"Autorizada em Atividade";
71163315;"COOPERATIVA DE CRÉDITO UNICRED AMPLA LTDA - UNICRED AMPLA";"RUA CANDIDO AZEREDO 67";-;"CENTRO";"35700019";"SETE LAGOAS";"MG";"Brasil";-;-;"https://www.unicred.com.br/ampla";"Autorizada em Atividade";
75847;"COOPERATIVA DE CRÉDITO UNICRED CENTRO-SUL LTDA - UNICRED CENTRO-SUL";"RUA JÚLIO GAIDZINSKI, N 434";-;"PIO CORREA";"88811000";"CRICIUMA";"SC";"Brasil";-;-;"https://www.unicred.com.br/centrosul";"Autorizada em Atividade";
4355489;"COOPERATIVA DE CRÉDITO UNICRED COOMARCA LTDA. - COOMARCA";"RUA EMILIO BLUM  131";"TORRE B  9  ANDAR";"CENTRO";"88020010";"FLORIANOPOLIS";"SC";"Brasil";-;-;"https://www.unicred.com.br/coomarca/";"Autorizada em Atividade";
1039011;"COOPERATIVA DE CRÉDITO UNICRED DESBRAVADORA LTDA - UNICRED DESBRAVADORA";"AVENIDA GETÚLIO DORNELES VARGAS, N 1183";"11° ANDAR";"CENTRO";"89802002";"CHAPECO";"SC";"Brasil";-;-;"https://www.unicred.com.br/desbravadora";"Autorizada em Atividade";
71884498;"COOPERATIVA DE CRÉDITO UNICRED DO ESTADO DE SÃO PAULO LTDA.";"AVENIDA BARAO DE ITAPURA  950";"7  ANDAR";"GUANABARA";"13020431";"CAMPINAS";"SP";"Brasil";-;-;"https://www.unicred-campinas.com.br";"Autorizada em Atividade";
1727929;"COOPERATIVA DE CRÉDITO UNICRED EVOLUÇÃO LTDA. - UNICRED EVOLUÇÃO";"RUA MAJOR GOTE 179";-;"ALTO CAICARAS";"38700001";"PATOS DE MINAS";"MG";"Brasil";-;-;"https://www.unicredmg.com.br";"Autorizada em Atividade";
74114042;"COOPERATIVA DE CRÉDITO UNICRED UNIÃO LTDA - UNICRED UNIÃO";"RUA CAMBORIU 519";-;"CENTRO";"88301451";"ITAJAI";"SC";"Brasil";-;-;"https://www.unicred.com.br/uniao/";"Autorizada em Atividade";
73443863;"COOPERATIVA DE CRÉDITO UNICRED VALE LTDA - UNICRED VALE";"ALAMEDA RIO BRANCO  264";"SALAS 501 E 601  5  E 6  ANDAR";"CENTRO";"89010016";"BLUMENAU";"SC";"Brasil";-;-;"https://www.unicred.com.br/valeeuropeu";"Autorizada em Atividade";
74064502;"COOPERATIVA DE CRÉDITO UNICRED VALOR CAPITAL LTDA - UNICRED VALOR CAPITAL";"RUA TENENTE SILVEIRA  315";-;"CENTRO";"88010301";"FLORIANOPOLIS";"SC";"Brasil";-;-;"https://www.unicred.com.br/florianopolis/";"Autorizada em Atividade";
44373041;"COOPERATIVA DE CRÉDITO UNIPRIME CREDICANA";"AV. PROFESSOR JOSE BOLFARINI, 237";-;"JARDIM MORUMBI";"19815530";"ASSIS";"SP";"Brasil";-;-;"https://www.credicana.com.br";"Autorizada em Atividade";
1572667;"COOPERATIVA DE CRÉDITO UNIPRIME SUL";"AV. XV DE NOVEMBRO, 288";"SALA 03";"CENTRO";"99700308";"ERECHIM";"RS";"Brasil";-;-;"https://www.uniprime.com.br/singular/uniprime-sul";"Autorizada em Atividade";
73647935;"COOPERATIVA DE CRÉDITO UNIQUE BR";"RUA ABRAO JULIO RAHE  54";"GESTAO";"VILA ALTA";"79010010";"CAMPO GRANDE";"MS";"Brasil";-;-;"https://www.sicoob.com.br/web/sicoobuniquebr/para-voce";"Autorizada em Atividade";
707903;"COOPERATIVA DE CRÉDITO VALE DO CANOAS - SICOOB/SC CREDICANOAS";"AV  26 DE ABRIL  997";"SALA";"CENTRO";"89636000";"ABDON BATISTA";"SC";"Brasil";-;-;-;"Autorizada em Atividade";
4529074;"COOPERATIVA DE CRÉDITO, CAPTAÇÃO, POUPANÇA E SOLUÇÕES FINANCEIRAS SICOOB CREDICAPITAL";"AV  TOLEDO  247";-;"CENTRO";"85810230";"CASCAVEL";"PR";"Brasil";-;-;-;"Autorizada em Atividade";
4853988;"COOPERATIVA DE CRÉDITO, POUPANÇA E INVESTIMENTO BANDEIRANTES - SICREDI BANDEIRANTES SP";"RUA AQUIDABAN 1090";"ESQUINA COM A RUA PADRE TEIXEIRA  PISO SUPERIOR";"CENTRO";"13560120";"SAO CARLOS";"SP";"Brasil";-;-;-;"Autorizada em Atividade";
87900601;"COOPERATIVA DE CRÉDITO, POUPANÇA E INVESTIMENTO BOTUCARAÍ - SICREDI BOTUCARAÍ RS/MG";"LARGO DA MATRIZ  N 33";-;"CENTRO";"99300000";"SOLEDADE";"RS";"Brasil";-;-;-;"Autorizada em Atividade";
95213211;"COOPERATIVA DE CRÉDITO, POUPANÇA E INVESTIMENTO CAMINHO DAS ÁGUAS RS - SICREDI CAMINHO DAS ÁGUAS RS";"RUA CONCEICAO  364";"SALA 03";"CENTRO";"95690000";"ROLANTE";"RS";"Brasil";-;-;-;"Autorizada em Atividade";
81466286;"COOPERATIVA DE CRÉDITO, POUPANÇA E INVESTIMENTO CAMPOS GERAIS, GRANDE CURITIBA, VALE DO RIBEIRA E FORÇA DOS VENTOS - SICREDI CAMPOS GERAIS E GRANDE CURITIBA PR/SP";"AV ERNESTO VILELA 1001";-;"NOVA RUSSIA";"84070000";"PONTA GROSSA";"PR";"Brasil";-;-;"https://www.sicredi.com.br";"Autorizada em Atividade";
3566655;"COOPERATIVA DE CRÉDITO, POUPANÇA E INVESTIMENTO CELEIRO CENTRO OESTE - SICREDI CELEIRO CENTRO OESTE";"R MINAS GERAIS  1226";"1  E 2  PISO ESQ AV GETÚLIO VARGAS";"CENTRO";"79490011";"SAO GABRIEL DO OESTE";"MS";"Brasil";-;-;-;"Autorizada em Atividade";
87067757;"COOPERATIVA DE CRÉDITO, POUPANÇA E INVESTIMENTO CENTRO SERRA - SICREDI CENTRO SERRA RS";"RUA MARECHAL FLORIANO, 540";-;"CENTRO";"96540000";"AGUDO";"RS";"Brasil";-;-;-;"Autorizada em Atividade";
78907607;"COOPERATIVA DE CRÉDITO, POUPANÇA E INVESTIMENTO CENTRO SUL - SICREDI CENTRO SUL PR/SC/RJ";"PRACA CEL  JOSE DURSKI  26";"3  ANDAR";"CENTRO";"84400000";"PRUDENTOPOLIS";"PR";"Brasil";-;-;-;"Autorizada em Atividade";
87733770;"COOPERATIVA DE CRÉDITO, POUPANÇA E INVESTIMENTO CONEXÃO - SICREDI CONEXÃO";"AVENIDA DO COMERCIO  618";-;"CENTRO";"98360000";"RODEIO BONITO";"RS";"Brasil";-;-;-;"Autorizada em Atividade";
89049738;"COOPERATIVA DE CRÉDITO, POUPANÇA E INVESTIMENTO CONFIANÇA - SICREDI CONFIANÇA";"RUA HORIZONTINA 748";-;"CENTRO";"98910000";"TRES DE MAIO";"RS";"Brasil";-;-;-;"Autorizada em Atividade";
19962468;"COOPERATIVA DE CRÉDITO, POUPANÇA E INVESTIMENTO DA ADVOCACIA E SERVENTUÁRIOS DO PODER JUDICIÁRIO NO ESTADO DO RIO GRANDE DO SUL - SICREDI COOABCRED RS";"AV BORGES DE MEDEIROS  2105";"SALAS 605 606 E 607";"PRAIA DE BELAS";"90110150";"PORTO ALEGRE";"RS";"Brasil";-;-;-;"Autorizada em Atividade";
92555150;"COOPERATIVA DE CRÉDITO, POUPANÇA E INVESTIMENTO DA REGIÃO ALTOS DA SERRA - SICREDI ALTOS DA SERRA RS/SC";"RUA OLIVIO ZANINI, 553";"LOTEAMENTO DO PÓRTICO";"SÃO PAULO";"99950000";"TAPEJARA";"RS";"Brasil";-;-;-;"Autorizada em Atividade";
4463602;"COOPERATIVA DE CRÉDITO, POUPANÇA E INVESTIMENTO DA REGIÃO CENTRO OESTE PAULISTA - SICREDI CENTRO OESTE PAULISTA";"AVENIDA RIO BRANCO  1 153";-;"ALTO CAFEZAL";"17502000";"MARILIA";"SP";"Brasil";-;-;-;"Autorizada em Atividade";
89468565;"COOPERATIVA DE CRÉDITO, POUPANÇA E INVESTIMENTO DA REGIÃO DA PRODUÇÃO - SICREDI REGIÃO DA PRODUÇÃO RS/SC/MG";"AV  EXPEDICIONARIO  1195";-;"CENTRO";"99560000";"SARANDI";"RS";"Brasil";-;-;-;"Autorizada em Atividade";
89126130;"COOPERATIVA DE CRÉDITO, POUPANÇA E INVESTIMENTO DA REGIÃO DOS VALES - SICREDI REGIÃO DOS VALES RS";"R  HEITOR ALEXANDRE PERETTI  385";-;"VILA AMAZONAS";"95960000";"ENCANTADO";"RS";"Brasil";-;-;-;"Autorizada em Atividade";
3662047;"COOPERATIVA DE CRÉDITO, POUPANÇA E INVESTIMENTO DAS CARREIRAS DO MINISTÉRIO PÚBLICO, TRIBUNAL DE CONTAS E SECRETARIA DA FAZENDA DO RIO GRANDE DO SUL - SICREDI MP RS";"AV  AURELIANO DE FIGUEIREDO PINTO  501";"5  ANDAR";"PRAIA DE BELAS";"90050191";"PORTO ALEGRE";"RS";"Brasil";-;-;-;"Autorizada em Atividade";
95594941;"COOPERATIVA DE CRÉDITO, POUPANÇA E INVESTIMENTO DAS REGIÕES CENTRO DO RS E MG - SICREDI REGIÃO CENTRO RS/MG";"AV HELVIO BASSO  1666";-;"MEDIANEIRA";"97070805";"SANTA MARIA";"RS";"Brasil";-;-;-;"Autorizada em Atividade";
73113243;"COOPERATIVA DE CRÉDITO, POUPANÇA E INVESTIMENTO DE ARARAQUARA E REGIÃO - SICREDI MORADA DO SOL SP";"AV JOSE BONIFACIO  884";-;"CENTRO";"14801150";"ARARAQUARA";"SP";"Brasil";-;-;-;"Autorizada em Atividade";
3042597;"COOPERATIVA DE CRÉDITO, POUPANÇA E INVESTIMENTO DE CAMPO GRANDE E REGIÃO - SICREDI CAMPO GRANDE MS/GO";"AV. AFONSO PENA 4059";"LOJA HD";"JARDIM DOS ESTADOS";"79020000";"CAMPO GRANDE";"MS";"Brasil";-;-;"https://www.sicredi.com.br";"Autorizada em Atividade";
89990501;"COOPERATIVA DE CRÉDITO, POUPANÇA E INVESTIMENTO DE IBIRAIARAS - SICREDI IBIRAIARAS RS/MG";"RUA LONGINO ZACARIAS GUADAGNIN  N  380";-;"CENTRO";"95305000";"IBIRAIARAS";"RS";"Brasil";-;-;-;"Autorizada em Atividade";
91159764;"COOPERATIVA DE CRÉDITO, POUPANÇA E INVESTIMENTO DE LAJEADO - SICREDI INTEGRAÇÃO RS/MG";"AV PIRAI 97";-;"SAO CRISTOVAO";"95913148";"LAJEADO";"RS";"Brasil";-;-;-;"Autorizada em Atividade";
79342069;"COOPERATIVA DE CRÉDITO, POUPANÇA E INVESTIMENTO DEXIS - SICREDI DEXIS";"AVENIDA PARANÁ 891";"ESQUINA COM AVENIDA CARNEIRO LEÃO";"ZONA ARMAZÉM";"87014000";"MARINGA";"PR";"Brasil";-;-;"https://www.sicredi.com.br";"Autorizada em Atividade";
33021064;"COOPERATIVA DE CRÉDITO, POUPANÇA E INVESTIMENTO DO ARAGUAIA E XINGU - SICREDI ARAXINGU";"AV PARANA  168";-;"CENTRO";"78640000";"CANARANA";"MT";"Brasil";-;-;"https://www.sicredi.com.br";"Autorizada em Atividade";
26408161;"COOPERATIVA DE CRÉDITO, POUPANÇA E INVESTIMENTO DO CENTRO SUL DO MATO GROSSO DO SUL E BAHIA - SICREDI CENTRO-SUL MS/BA";"RUA MENOTE MARQUES DE MATTOS, 125";-;"VILA AURORA";"79823118";"DOURADOS";"MS";"Brasil";-;-;"https://www.sicredi.com.br";"Autorizada em Atividade";
6332931;"COOPERATIVA DE CRÉDITO, POUPANÇA E INVESTIMENTO DO CERRADO DE GOIÁS - SICREDI CERRADO GO";"RUA 147  329";-;"SETOR MARISTA";"74170100";"GOIANIA";"GO";"Brasil";-;-;-;"Autorizada em Atividade";
33022690;"COOPERATIVA DE CRÉDITO, POUPANÇA E INVESTIMENTO DO NOROESTE DE MATO GROSSO, ACRE E AMAZONAS - SICREDI BIOMAS";"AV CASTELO BRANCO  194";-;"CENTRO";"78260000";"ARAPUTANGA";"MT";"Brasil";-;-;"https://www.sicredi.com.br";"Autorizada em Atividade";
3065046;"COOPERATIVA DE CRÉDITO, POUPANÇA E INVESTIMENTO DO NOROESTE DO ESTADO DE SÃO PAULO - SICREDI NOROESTE SP";"AVENIDA ALBERTO ANDALO  3787";"2  PAVIMENTO";"VILA SANTO ANTONIO";"15015000";"SAO JOSE DO RIO PRETO";"SP";"Brasil";-;-;-;"Autorizada em Atividade";
2843443;"COOPERATIVA DE CRÉDITO, POUPANÇA E INVESTIMENTO DO NORTE E NORDESTE DE SANTA CATARINA - SICREDI NORTE SC";"RUA DONA FRANCISCA, 8300";"SALA M0";"DISTRITO INDUSTRIAL";"89216600";"JOINVILLE";"SC";"Brasil";-;-;-;"Autorizada em Atividade";
10736214;"COOPERATIVA DE CRÉDITO, POUPANÇA E INVESTIMENTO DO PLANALTO CENTRAL - SICREDI PLANALTO CENTRAL";"AV  KALED COSAC  S N";"QUADRA 26  LOTE 19";"CENTRO";"73850000";"CRISTALINA";"GO";"Brasil";-;-;-;"Autorizada em Atividade";
70038237;"COOPERATIVA DE CRÉDITO, POUPANÇA E INVESTIMENTO DO RIO GRANDE DO NORTE - SICREDI RIO GRANDE DO NORTE";"RUA TUIUTI  765";-;"PETROPOLIS";"59014160";"NATAL";"RN";"Brasil";-;-;"https://www.sicredi.com.br/natal/";"Autorizada em Atividade";
8041950;"COOPERATIVA DE CRÉDITO, POUPANÇA E INVESTIMENTO DO SISTEMA DE JUSTIÇA NO ESTADO DO CEARÁ - SICREDI COOPERJURIS";"AVENIDA WASHINGTON SOARES, 3000";"LOJA 48";"ENG LUCIANO CAVALCAN";"60810350";"FORTALEZA";"CE";"Brasil";-;-;"https://www.sicredi.com.br/cooperjuris/";"Autorizada em Atividade";
32995755;"COOPERATIVA DE CRÉDITO, POUPANÇA E INVESTIMENTO DO SUDOESTE MT/PA - SICREDI SUDOESTE MT/PA";"RUA NEFTES DE CARVALHO  489 S";"1  PISO";"JARDIM RIO PRETO";"78306000";"TANGARA DA SERRA";"MT";"Brasil";-;-;"https://www.sicredi.com.br";"Autorizada em Atividade";
3793242;"COOPERATIVA DE CRÉDITO, POUPANÇA E INVESTIMENTO DO SUL DO ESTADO DE SANTA CATARINA - SICREDI SUL SC";"RUA ANTONIO CARDOSO DE AGUIAR  195";-;"PROSPERA";"88813013";"CRICIUMA";"SC";"Brasil";-;-;-;"Autorizada em Atividade";
95424891;"COOPERATIVA DE CRÉDITO, POUPANÇA E INVESTIMENTO DO VALE DO RIO PARDO - SICREDI VALE DO RIO PARDO RS";"AV  ACESSO RUBEM GUILHERME KAEMPF  11";-;"GERMANIA";"96817000";"SANTA CRUZ DO SUL";"RS";"Brasil";-;-;"https://www.sicredi.com.br";"Autorizada em Atividade";
4237413;"COOPERATIVA DE CRÉDITO, POUPANÇA E INVESTIMENTO DO VALE DO SÃO FRANCISCO - SICREDI VALE DO SÃO FRANCISCO PE";"RUA PRESIDENTE DUTRA  61";-;"CENTRO";"56304230";"PETROLINA";"PE";"Brasil";-;-;"https://www.sicredinne.com.br/valedosaofrancisco/";"Autorizada em Atividade";
6078926;"COOPERATIVA DE CRÉDITO, POUPANÇA E INVESTIMENTO DOS ESCRIVÃES, NOTÁRIOS E REGISTRADORES NO ESTADO DO PARANÁ - SICREDI CREDENOREG PR";"AVENIDA CANDIDO DE ABREU  526";"SALA 211  TORRE B";"CENTRO CIVICO";"80530905";"CURITIBA";"PR";"Brasil";-;-;-;"Autorizada em Atividade";
4886317;"COOPERATIVA DE CRÉDITO, POUPANÇA E INVESTIMENTO DOS INTEGRANTES DA MAGISTRATURA E DO MINISTÉRIO PÚBLICO NO ESTADO DO PARANÁ - SICREDI CREDJURIS";"RUA MATEUS LEME  2018";-;"CENTRO CIVICO";"80530010";"CURITIBA";"PR";"Brasil";-;-;-;"Autorizada em Atividade";
3750034;"COOPERATIVA DE CRÉDITO, POUPANÇA E INVESTIMENTO DOS JUÍZES E CARREIRAS PÚBLICAS DO DIREITO DO ESTADO DO RIO GRANDE DO SUL - SICREDI AJURIS RS";"RUA CELESTE GOBBATO  81";"3  ANDAR";"PRAIA DE BELAS";"90110160";"PORTO ALEGRE";"RS";"Brasil";-;-;-;"Autorizada em Atividade";
3212823;"COOPERATIVA DE CRÉDITO, POUPANÇA E INVESTIMENTO DOS MILITARES ESTADUAIS E SERVIDORES DA SEGURANÇA DO ESTADO DO RIO GRANDE DO SUL - SICREDI TRADIÇÃO RS";"TRAV FRANCISCO LEONARDO TRUDA 40";"SALAS 25  26 E 27";"CENTRO";"90010050";"PORTO ALEGRE";"RS";"Brasil";-;-;-;"Autorizada em Atividade";
3000142;"COOPERATIVA DE CRÉDITO, POUPANÇA E INVESTIMENTO DOS POLICIAIS FEDERAIS DO RIO GRANDE DO SUL E SANTA CATARINA - SICREDI POL RS/SC";"AVENIDA IPIRANGA  1365";-;"AZENHA";"90160093";"PORTO ALEGRE";"RS";"Brasil";-;-;-;"Autorizada em Atividade";
4525997;"COOPERATIVA DE CRÉDITO, POUPANÇA E INVESTIMENTO DOS PROFESSORES, FUNCIONÁRIOS E ALUNOS DA UNIVERSIDADE DE CAXIAS DO SUL - SICREDI EDUCAÇÃO RS";"RUA FRANCISCO GETULIO VARGAS  1130";"SALA 34";"PETROPOLIS";"95070560";"CAXIAS DO SUL";"RS";"Brasil";-;-;-;"Autorizada em Atividade";
2924977;"COOPERATIVA DE CRÉDITO, POUPANÇA E INVESTIMENTO DOS PROFISSIONAIS MÉDICOS E DA SAÚDE DE CURITIBA E REGIÃO METROPOLITANA - SICREDI MEDICRED PR";"RUA ITUPAVA, 71";-;"ALTO DA GLÓRIA";"80060272";"CURITIBA";"PR";"Brasil";-;-;-;"Autorizada em Atividade";
7070495;"COOPERATIVA DE CRÉDITO, POUPANÇA E INVESTIMENTO EMPREENDEDORES - SICREDI EMPREENDEDORES PR";"RUA ANNE FRANK N  3223";-;"BOQUEIRAO";"81650020";"CURITIBA";"PR";"Brasil";-;-;-;"Autorizada em Atividade";
87733077;"COOPERATIVA DE CRÉDITO, POUPANÇA E INVESTIMENTO ESSÊNCIA RS/ES - SICREDI ESSÊNCIA";"R  BORGES DO CANTO  971";-;"CENTRO";"97650000";"ITAQUI";"RS";"Brasil";-;-;-;"Autorizada em Atividade";
82527557;"COOPERATIVA DE CRÉDITO, POUPANÇA E INVESTIMENTO FRONTEIRAS DO PARANÁ, SANTA CATARINA E SÃO PAULO - SICREDI FRONTEIRAS PR/SC/SP";"RUA TAMOIOS  1567";-;"CENTRO";"85760084";"CAPANEMA";"PR";"Brasil";-;-;"https://www.sicredi.com.br";"Autorizada em Atividade";
81115149;"COOPERATIVA DE CRÉDITO, POUPANÇA E INVESTIMENTO GRANDES LAGOS DO PARANÁ E LITORAL PAULISTA - SICREDI GRANDES LAGOS PR/SP";"RUA  MAL  CANDIDO RONDON  2328";"1  ANDAR";"CENTRO";"85301060";"LARANJEIRAS DO SUL";"PR";"Brasil";-;-;-;"Autorizada em Atividade";
84974278;"COOPERATIVA DE CRÉDITO, POUPANÇA E INVESTIMENTO IGUAÇU - SICREDI IGUAÇU PR/SC E REGIÃO METROPOLITANA DE CAMPINAS/SP";"AV  XV DE NOVEMBRO  374";"PREDIO 2 PISOS";"CENTRO";"85570000";"SAO JOAO";"PR";"Brasil";-;-;"https://www.sicredi.com.br";"Autorizada em Atividade";
81054686;"COOPERATIVA DE CRÉDITO, POUPANÇA E INVESTIMENTO INTEGRAÇÃO - SICREDI INTEGRAÇÃO PR/SC";"RUA BARÃO DO RIO BRANCO, 1250";-;"CENTRO";"83750099";"LAPA";"PR";"Brasil";-;-;-;"Autorizada em Atividade";
87781530;"COOPERATIVA DE CRÉDITO, POUPANÇA E INVESTIMENTO INTEGRAÇÃO DE ESTADOS DO RIO GRANDE DO SUL, SANTA CATARINA E MINAS GERAIS - SICREDI INTEGRAÇÃO DE ESTADOS RS/SC/MG";"RUA PRINCESA ISABEL, 91";-;"PETROPOLIS";"99050100";"PASSO FUNDO";"RS";"Brasil";-;-;-;"Autorizada em Atividade";
26549311;"COOPERATIVA DE CRÉDITO, POUPANÇA E INVESTIMENTO INTEGRAÇÃO DO SUL DE MATO GROSSO, AMAPÁ E PARÁ - SICREDI INTEGRAÇÃO MT/AP/PA";"RUA FERNANDO CORREA DA COSTA  368";-;"VILA AURORA I";"78740000";"RONDONOPOLIS";"MT";"Brasil";-;-;"https://www.sicredi.com.br";"Autorizada em Atividade";
90497256;"COOPERATIVA DE CRÉDITO, POUPANÇA E INVESTIMENTO INTERESTADOS - SICREDI INTERESTADOS";"AVENIDA DOM JOAQUIM  1087";-;"CENTRO";"96020260";"PELOTAS";"RS";"Brasil";-;-;-;"Autorizada em Atividade";
37442605;"COOPERATIVA DE CRÉDITO, POUPANÇA E INVESTIMENTO NORTE MATO-GROSSENSE E OESTE PARAENSE - SICREDI GRANDES RIOS MT/PA/AM";"AV TANCREDO NEVES  586";"1  ANDAR  SETOR SUL";"CENTRO";"78500000";"COLIDER";"MT";"Brasil";-;-;"https://www.sicredi.com.br";"Autorizada em Atividade";
79063574;"COOPERATIVA DE CRÉDITO, POUPANÇA E INVESTIMENTO NORTE SUL - SICREDI NORTE SUL";"RUA 24 DE MAIO  106 A";-;"VILA J MASCARO";"86430000";"SANTO ANTONIO DA PLATINA";"PR";"Brasil";-;-;-;"Autorizada em Atividade";
81192106;"COOPERATIVA DE CRÉDITO, POUPANÇA E INVESTIMENTO NOSSA TERRA - SICREDI NOSSA TERRA PR/SP";"RUA LUIZ PASQUALI  205";-;"OS PIONEIROS";"85415000";"CAFELANDIA";"PR";"Brasil";-;-;-;"Autorizada em Atividade";
7206072;"COOPERATIVA DE CRÉDITO, POUPANÇA E INVESTIMENTO NOVOS HORIZONTES - SICREDI NOVOS HORIZONTES PR/SP/RJ";"RUA SALADINO DE CASTRO  1595";-;"CENTRO";"84990000";"ARAPOTI";"PR";"Brasil";-;-;-;"Autorizada em Atividade";
87853206;"COOPERATIVA DE CRÉDITO, POUPANÇA E INVESTIMENTO OURO BRANCO - SICREDI OURO BRANCO RS/MG";"R  DR JOAO BASILIO LAVRINENCO  755";-;"LANGUIRU";"95890000";"TEUTONIA";"RS";"Brasil";-;-;-;"Autorizada em Atividade";
26529420;"COOPERATIVA DE CRÉDITO, POUPANÇA E INVESTIMENTO OURO VERDE DO MATO GROSSO - SICREDI OURO VERDE MT";"AVENIDA BRASIL  2022 S";-;"PARQUE DOS BURITIS";"78466158";"LUCAS DO RIO VERDE";"MT";"Brasil";-;-;"https://www.sicredi.com.br";"Autorizada em Atividade";
79086997;"COOPERATIVA DE CRÉDITO, POUPANÇA E INVESTIMENTO PARANAPANEMA SERRANA PR/SP/RJ - SICREDI PARANAPANEMA SERRANA PR/SP/RJ";"RUA MONSENHOR JOAO BELCHIOR  780";-;"CENTRO";"86390000";"CAMBARA";"PR";"Brasil";-;-;-;"Autorizada em Atividade";
88038260;"COOPERATIVA DE CRÉDITO, POUPANÇA E INVESTIMENTO PLANALTO - SICREDI PLANALTO RS/MG";"AV  GENERAL CAMARA  1037";"2  ANDAR";"CENTRO";"98005112";"CRUZ ALTA";"RS";"Brasil";-;-;-;"Autorizada em Atividade";
76059997;"COOPERATIVA DE CRÉDITO, POUPANÇA E INVESTIMENTO PROGRESSO - SICREDI PROGRESSO PR/SP";"RUA TREZE DE ABRIL, 2590";-;"VILA INDUSTRIAL";"85904000";"TOLEDO";"PR";"Brasil";-;-;-;"Autorizada em Atividade";
88099247;"COOPERATIVA DE CRÉDITO, POUPANÇA E INVESTIMENTO RAÍZES - SICREDI RAÍZES RS/SC/MG";"RUA ANTONIO PEDRO SALAZAR, 395";"SALA B";"CENTRO";"98570000";"CAMPO NOVO";"RS";"Brasil";-;-;-;"Autorizada em Atividade";
90729369;"COOPERATIVA DE CRÉDITO, POUPANÇA E INVESTIMENTO REGIÕES DAS CULTURAS - SICREDI DAS CULTURAS RS/MG";"RUA SÃO CRISTÓVÃO 30";-;"CENTRO";"98700000";"IJUI";"RS";"Brasil";-;-;-;"Autorizada em Atividade";
81206039;"COOPERATIVA DE CRÉDITO, POUPANÇA E INVESTIMENTO RIO PARANÁ - SICREDI RIO PARANÁ";"AV  ANTONIO ORMENEZE, 1091";"PAV SUPERIOR";"CENTRO";"87970000";"NOVA LONDRINA";"PR";"Brasil";-;-;"https://www.sicredi.com.br";"Autorizada em Atividade";
87900411;"COOPERATIVA DE CRÉDITO, POUPANÇA E INVESTIMENTO SEMENTES DO SUL - SICREDI SEMENTES DO SUL";"RUA SANTO ALVES CORREA, 43";-;"CENTRO";"99400000";"ESPUMOSO";"RS";"Brasil";-;-;-;"Autorizada em Atividade";
41255225;"COOPERATIVA DE CRÉDITO, POUPANÇA E INVESTIMENTO SICREDI CENTRO PERNAMBUCANA";"RUA  SALDANHA MARINHO  34";-;"MAURICIO DE NASSAU";"55012740";"CARUARU";"PE";"Brasil";-;-;"https://www.sicredinne.com.br/centropernambucana/";"Autorizada em Atividade";
35571249;"COOPERATIVA DE CRÉDITO, POUPANÇA E INVESTIMENTO SICREDI EVOLUÇÃO - SICREDI EVOLUÇÃO";"AV  MARECHAL DEODORO DA FONSECA  410";-;"TORRE";"58040140";"JOAO PESSOA";"PB";"Brasil";-;-;"https://sicredi.com.br/evolucao";"Autorizada em Atividade";
97489280;"COOPERATIVA DE CRÉDITO, POUPANÇA E INVESTIMENTO SICREDI INTEGRAÇÃO BAHIA - SICREDI INTEGRAÇÃO BAHIA";"AV. COMENDADOR FIRMINO ALVES, 128";-;"CENTRO";"45600185";"ITABUNA";"BA";"Brasil";-;-;-;"Autorizada em Atividade";
91586982;"COOPERATIVA DE CRÉDITO, POUPANÇA E INVESTIMENTO SICREDI PIONEIRA RS - SICREDI PIONEIRA RS";"RUA SETE DE SETEMBRO  374";-;"CENTRO";"95150000";"NOVA PETROPOLIS";"RS";"Brasil";-;-;"https://www.sicredipioneira.com.br";"Autorizada em Atividade";
2923389;"COOPERATIVA DE CRÉDITO, POUPANÇA E INVESTIMENTO SICREDI SERIGY - SICREDI SERIGY SE/BA";"RUA JOSE CARVALHO PINTO  280";-;"JARDINS";"49026150";"ARACAJU";"SE";"Brasil";-;-;"https://www.sicredi.com.br/aracaju/";"Autorizada em Atividade";
82065285;"COOPERATIVA DE CRÉDITO, POUPANÇA E INVESTIMENTO SOMA PR/SC/SP - SICREDI SOMA";"AV  BRASIL  N  543";-;"CENTRO";"85525000";"MARIOPOLIS";"PR";"Brasil";-;-;-;"Autorizada em Atividade";
26555235;"COOPERATIVA DE CRÉDITO, POUPANÇA E INVESTIMENTO SORRISO - SICREDI CELEIRO MT/RR";"AVENIDA MARIO RAITER 658";-;"BOM JESUS";"78896901";"SORRISO";"MT";"Brasil";-;-;"https://www.sicredi.com.br";"Autorizada em Atividade";
87784088;"COOPERATIVA DE CRÉDITO, POUPANÇA E INVESTIMENTO SUL MINAS DO RIO GRANDE DO SUL E MINAS GERAIS - SICREDI SUL MINAS RS/MG.";"AV  LIDO TAGLIARI  1275";-;"CENTRO";"99930000";"ESTACAO";"RS";"Brasil";-;-;-;"Autorizada em Atividade";
92796564;"COOPERATIVA DE CRÉDITO, POUPANÇA E INVESTIMENTO SUL RIOGRANDENSE - SICREDI ORIGENS RS";"AVENIDA MARILAND, 477";-;"AUXILIADORA";"90540155";"PORTO ALEGRE";"RS";"Brasil";-;-;-;"Autorizada em Atividade";
77984870;"COOPERATIVA DE CRÉDITO, POUPANÇA E INVESTIMENTO TERRA DOS PINHEIRAIS DO PARANÁ E NOROESTE PAULISTA - SICREDI PLANALTO DAS ÁGUAS PR/SP";"RUA DAS FLORES  506";-;"CONRADINHO";"85045300";"GUARAPUAVA";"PR";"Brasil";-;-;-;"Autorizada em Atividade";
88894548;"COOPERATIVA DE CRÉDITO, POUPANÇA E INVESTIMENTO UNIÃO - SICREDI UNIAO RS/ES";"AVENIDA FLORES DA CUNHA";-;"CRUZEIRO";"98789120";"SANTA ROSA";"RS";"Brasil";-;-;-;"Autorizada em Atividade";
87780268;"COOPERATIVA DE CRÉDITO, POUPANÇA E INVESTIMENTO UNIÃO DE ESTADOS RIO GRANDE DO SUL, SANTA CATARINA E MINAS GERAIS - SICREDI UNIESTADOS";"AVENIDA SETE DE SETEMBRO  689";-;"CENTRO";"99700238";"ERECHIM";"RS";"Brasil";-;-;-;"Autorizada em Atividade";
24654881;"COOPERATIVA DE CRÉDITO, POUPANÇA E INVESTIMENTO UNIÃO DOS ESTADOS DE MATO GROSSO DO SUL, TOCANTINS E OESTE DA BAHIA - SICREDI UNIÃO MS/TO E OESTE DA BA";"AVENIDA AFONSO PENA  2790";"2  ANDAR";"CENTRO";"79002075";"CAMPO GRANDE";"MS";"Brasil";-;-;"https://www.sicredi.com.br";"Autorizada em Atividade";
70431630;"COOPERATIVA DE CRÉDITO, POUPANÇA E INVESTIMENTO UNIVALES - SICREDI UNIVALES MT/RO";"AVENIDA MATO GROSSO  690N";-;"MODULO 01";"78320000";"JUINA";"MT";"Brasil";-;-;"https://www.sicredi.com.br";"Autorizada em Atividade";
32983165;"COOPERATIVA DE CRÉDITO, POUPANÇA E INVESTIMENTO VALE DO CERRADO - SICREDI VALE DO CERRADO";"AVENIDA BRASIL  N  1200";"SEDE SICREDI VALE DO CERRADO";"ESTACAO DA LUZ";"78840516";"CAMPO VERDE";"MT";"Brasil";-;-;"https://www.sicredi.com.br";"Autorizada em Atividade";
87780284;"COOPERATIVA DE CRÉDITO, POUPANÇA E INVESTIMENTO VALE DO JAGUARI E ZONA DA MATA - SICREDI VALE DO JAGUARI E ZONA DA MATA RS/MG";"RUA VENANCIO AIRES  927";"BLOCO B";"CENTRO";"97700380";"SANTIAGO";"RS";"Brasil";-;-;-;"Autorizada em Atividade";
81099491;"COOPERATIVA DE CRÉDITO, POUPANÇA E INVESTIMENTO VALE DO PIQUIRI ABCD - SICREDI VALE DO PIQUIRI ABCD PR/SP";"AVENIDA PRESIDENTE KENNEDY  2384";-;"JARDIM ITALIA";"85953000";"PALOTINA";"PR";"Brasil";-;-;-;"Autorizada em Atividade";
81706616;"COOPERATIVA DE CRÉDITO, POUPANÇA E INVESTIMENTO VALOR SUSTENTÁVEL - SICREDI VALOR SUSTENTÁVEL PR/SP";"RUA JOSÉ FRANCISCO BORGES, 445";"ESQUINA";"CENTRO";"86900000";"JANDAIA DO SUL";"PR";"Brasil";-;-;-;"Autorizada em Atividade";
78414067;"COOPERATIVA DE CRÉDITO, POUPANÇA E INVESTIMENTO VANGUARDA - SICREDI VANGUARDA PR/SP/RJ";"RUA ANDRE DE BARROS, 352";-;"IPÊ";"85720090";"MEDIANEIRA";"PR";"Brasil";-;-;"https://www.sicredi.com.br";"Autorizada em Atividade";
5491616;"COOPERATIVA DE CRÉDITO, POUPANÇA E SERVIÇOS FINANCEIROS";"SEXTA AV. ESQUINA C/ SÉTIMA AV. N- 62 QD.49 LT.01";"----";"CENTRO";"75830092";"MINEIROS";"GO";"Brasil";-;-;-;"Autorizada em Atividade";
1330387;"COOPERATIVA DE CRÉDITO, POUPANÇA E SERVIÇOS FINANCEIROS DE AGRICULTORES E AEROPORTUÁRIOS DO BRASIL - CREHNOR";"RUA CORONEL GUILHERME DE PAULA, N° 1111";"COMERCIAL";"CENTRO";"85301220";"LARANJEIRAS DO SUL";"PR";"Brasil";-;-;"https://www.crehnor.coop.br";"Autorizada em Atividade";
2072790;"COOPERATIVA DE ECONOMIA CRÉDITO MÚTUO - SICOOB CREDSAÚDE";"R ALFERES JOSÉ CAETANO, 1339";-;"CENTRO";"13400123";"PIRACICABA";"SP";"Brasil";-;-;-;"Autorizada em Atividade";
30138226;"COOPERATIVA DE ECONOMIA E CREDITO MUTUO DOS EMPREGADOS DA CIA DE ELETRICIDADE DO ESTADO DO RJ CREDICERJ LTDA";"RUA JOSE CLEMENTE N  94   GRUPO 1604";-;"CENTRO";"24020105";"NITEROI";"RJ";"Brasil";-;-;"https://credicerj.webnode.com/";"Autorizada em Atividade";
141155;"COOPERATIVA DE ECONOMIA E CREDITO MUTUO DOS EMPREGADOS DAS EMPRESAS DE TRANSPORTES COLETIVOS RODOVIÁRIOS DE PASSAGEIROS DO GRANDE RIO LTDA";"RUA JOAQUIM CAMPOS, 226";-;"ITAUNA";"24461575";"SAO GONCALO";"RJ";"Brasil";-;-;"https://www.coopcredtransrio.com.br";"Autorizada em Atividade";
89280960;"COOPERATIVA DE ECONOMIA E CREDITO MUTUO DOS EMPREGADOS DAS EMPRESAS RANDON";"AVENIDA ABRAMO RANDON  N  770";-;"INTERLAGOS";"95055010";"CAXIAS DO SUL";"RS";"Brasil";-;-;-;"Autorizada em Atividade";
30949267;"COOPERATIVA DE ECONOMIA E CREDITO MUTUO DOS EMPREGADOS DE CHOCOLATES GAROTO LTDA. - CREDI-GAROTO";"AV JERONIMO MONTEIRO  1186";"LOJA 04";"GLORIA";"29122720";"VILA VELHA";"ES";"Brasil";-;-;"https://www.credigaroto.coop.br";"Autorizada em Atividade";
42107706;"COOPERATIVA DE ECONOMIA E CREDITO MUTUO DOS EMPREGADOS DE ELEVADORES ATLAS SCHINDLER LTDA.";"AV. NOSSA SENHORA DE FATIMA, 25";-;"BAIRRO DE FATIMA";"20240050";"RIO DE JANEIRO";"RJ";"Brasil";-;-;"https://www.coopschindler.com.br";"Autorizada em Atividade";
31746993;"COOPERATIVA DE ECONOMIA E CREDITO MUTUO DOS EMPREGADOS DE ESTABELECIMENTOS HOSPITALARES DO SUL DO ESTADO DO ESPIRITO SANTO - SULCRED";"RUA DR  RAULINO DE OLIVEIRA  67";-;"CENTRO";"29300150";"CACHOEIRO DE ITAPEMIRIM";"ES";"Brasil";-;-;"https://www.sulcred.coop.br";"Autorizada em Atividade";
2447184;"COOPERATIVA DE ECONOMIA E CREDITO MUTUO DOS EMPREGADOS DO COLEGIO SANTO INACIO - COESI";"RUA SAO CLEMENTE, 226";"PARTE";"BOTAFOGO";"22260000";"RIO DE JANEIRO";"RJ";"Brasil";-;-;-;"Autorizada em Atividade";
30586895;"COOPERATIVA DE ECONOMIA E CREDITO MUTUO DOS EMPREGADOS DOS LABORATORIOS B.BRAUN LTDA";"AV. DOUTOR EUGENIO BORGES, 1092";"PARTE";"ARSENAL";"24751000";"SAO GONCALO";"RJ";"Brasil";-;-;-;"Autorizada em Atividade";
5424088;"COOPERATIVA DE ECONOMIA E CREDITO MUTUO DOS EMPREGADOS NAS INDUSTRIAS QUIMICAS, FARMACEUTICAS E SIMILARES DA REGIAO METROPOLITANA DO RIO DE JANEIRO LTDA";"RUA AFONSO QUINTAO, 25, LOJA 1";-;"TRINDADE";"24456705";"SAO GONCALO";"RJ";"Brasil";-;-;"https://www.cooperfarquim.com.br";"Autorizada em Atividade";
1062439;"COOPERATIVA DE ECONOMIA E CREDITO MUTUO DOS FUNCIONARIOS DA COMIGO";"AV  PRESIDENTE VARGAS  1878";-;"JARDIM GOIAS";"75903901";"RIO VERDE";"GO";"Brasil";-;-;-;"Autorizada em Atividade";
42258376;"COOPERATIVA DE ECONOMIA E CREDITO MUTUO DOS FUNCIONARIOS DA FMC LTDA";"RODOVIA PRESIDENTE DUTRA N. 2660 (PARTE)";-;"PAVUNA";"21535900";"RIO DE JANEIRO";"RJ";"Brasil";-;-;"https://no temos";"Autorizada em Atividade";
5331882;"COOPERATIVA DE ECONOMIA E CREDITO MUTUO DOS FUNCIONARIOS DA GKN DO BRASIL LTDA";"RUA JOAQUIM SILVEIRA, 557";-;"SÃO SEBASTIÃO";"91060320";"PORTO ALEGRE";"RS";"Brasil";-;-;-;"Autorizada em Atividade";
3165497;"COOPERATIVA DE ECONOMIA E CREDITO MUTUO DOS FUNCIONARIOS DA SANEPAR - CREDISANEPAR";"RUA MOBRAL, 464";-;"JARDIM MARIA LUIZA";"85819505";"CASCAVEL";"PR";"Brasil";-;-;"https://www.credisanepar.com.br/";"Autorizada em Atividade";
2192115;"COOPERATIVA DE ECONOMIA E CREDITO MUTUO DOS FUNCIONARIOS DA VIACAO NOSSA SENHORA DO AMPARO LTDA. - COPERFAMP";"AVENIDA PREFEITO JOAQUIM MENDES  1643";"QD 209 LOTE 1A E 1B";"CENTRO";"24902100";"MARICA";"RJ";"Brasil";-;-;"https://www.coperfamp.com.br";"Autorizada em Atividade";
1551820;"COOPERATIVA DE ECONOMIA E CREDITO MUTUO DOS FUNCIONARIOS DO EXPRESSO PRINCESA DOS CAMPOS";"AV ANITA GARIBALDI  861";-;"ORFAS";"84015050";"PONTA GROSSA";"PR";"Brasil";-;-;-;"Autorizada em Atividade";
94433109;"COOPERATIVA DE ECONOMIA E CREDITO MUTUO DOS MEDICOS DE PORTO ALEGRE LTDA-UNICRED PORTO ALEGRE";"AV  VENANCIO AIRES  988";-;"SANTANA";"90040193";"PORTO ALEGRE";"RS";"Brasil";-;-;"https://www.unicred-rs.com.br";"Autorizada em Atividade";
2853045;"COOPERATIVA DE ECONOMIA E CREDITO MUTUO DOS MEDICOS E DEMAIS PROFISSIONAIS DA SAUDE DE JOACABA";"AV. XV DE NOVEMBRO, 500 - SALA 02 - 1. ANDAR";-;"CENTRO";"89600000";"JOACABA";"SC";"Brasil";-;-;-;"Autorizada em Atividade";
90278987;"COOPERATIVA DE ECONOMIA E CREDITO MUTUO DOS SERVIDORES DA ASCAR/EMATER-RS LTDA-CRESAL";"RUA BOTAFOGO, 1051";"2- ANDAR";"MENINO DEUS";"90150053";"PORTO ALEGRE";"RS";"Brasil";-;-;"https://www.cresal@cresal.coop.br";"Autorizada em Atividade";
29341260;"COOPERATIVA DE ECONOMIA E CREDITO MUTUO DOS SERVIDORES DA COMLURB LTDA";"RUA ALVARO ALVIM  48  9  ANDAR";"SALAS  910 A  913";"CENTRO";"20031010";"RIO DE JANEIRO";"RJ";"Brasil";-;-;-;"Autorizada em Atividade";
42100982;"COOPERATIVA DE ECONOMIA E CREDITO MUTUO DOS SERVIDORES DA EMPRESA BRASILEIRA DE CORREIOS E TELEGRAFOS LTDA";"AV PRESIDENTE VARGAS  583";"SALA 1205";"CENTRO/RJ";"20071003";"RIO DE JANEIRO";"RJ";"Brasil";-;-;"https://www.coopcorreios.com.br";"Autorizada em Atividade";
28885036;"COOPERATIVA DE ECONOMIA E CREDITO MUTUO DOS SERVIDORES DA UERJ LTDA. - COOPUERJ";"RUA FELIPE CAMARAO  37";-;"VILA ISABEL";"20550185";"RIO DE JANEIRO";"RJ";"Brasil";-;-;"https://www.coopuerj.com.br";"Autorizada em Atividade";
2910387;"COOPERATIVA DE ECONOMIA E CREDITO MUTUO DOS SERVIDORES DO COLEGIO PEDRO II";"CAMPO DE SAO CRISTOVAO,177,UND.III,3 AND,SL.3-C";-;"SAO CRISTOVAO";"20921440";"RIO DE JANEIRO";"RJ";"Brasil";-;-;"https://www.coopcp2.com.br";"Autorizada em Atividade";
2475222;"COOPERATIVA DE ECONOMIA E CREDITO MUTUO DOS SERVIDORES ESTATUTARIOS DA ADMINISTRAÇÃO DIRETA DO ESTADO DO ESPIRITO SANTO - COOPSERVIDOR ES";"AV  JOAO BATISTA PARRA 673 ED  ENSEADA TOWER";"LOJA 01";"PRAIA DO SUA";"29052123";"VITORIA";"ES";"Brasil";-;-;"https://www.coopfisco.org.br";"Autorizada em Atividade";
1819799;"COOPERATIVA DE ECONOMIA E CREDITO MUTUO DOS SERVIDORES MUNICIPAIS DO SUL FLUMINENSE LTDA.";"RUA RUI BARBOSA DE OLIVEIRA, 173";-;"ATERRADO";"27215510";"VOLTA REDONDA";"RJ";"Brasil";-;-;"https://www.coovre.com.br";"Autorizada em Atividade";
3990888;"COOPERATIVA DE ECONOMIA E CREDITO MUTUO DOS SERVIDORES PUBLICOS MUNICIPAIS DE PORTO ALEGRE";"AV ALBERTO BINS 325";"SALA 95";"CENTRO HISTORICO";"90030142";"PORTO ALEGRE";"RS";"Brasil";-;-;"https://www.cooperpoa.com.br";"Autorizada em Atividade";
20177390;"COOPERATIVA DE ECONOMIA E CREDITO MUTUO DOS TRABALHADORES DO GRUPO EMPRESARIAL ITATIAIA LTDA. - COOPERITA";"AV. PADRE ARNALDO JANSEN, 1325";-;"SANTA LUZIA";"36506001";"UBA";"MG";"Brasil";-;-;"https://www.cooperitauba.com.br";"Autorizada em Atividade";
2850075;"COOPERATIVA DE ECONOMIA E CREDITO MUTUO DOS TRABALHADORES EM CONSELHOS DE FISCALIZACAO PROFISSIONAL NO MUNICIPIO DO RIO DE JANEIRO LTDA.";"RUA ALVARO ALVIM  33 37";"SALA 820";"CENTRO";"20031010";"RIO DE JANEIRO";"RJ";"Brasil";-;-;-;"Autorizada em Atividade";
3844699;"COOPERATIVA DE ECONOMIA E CREDITO MUTUO DOS TRABALHADORES PORTUARIOS DA GRANDE VITORIA - CREDESTIVA.";"AVENIDA PRESIDENTE FLORENTINO AVIDOS  411";"LOJA 03";"CENTRO";"29010240";"VITORIA";"ES";"Brasil";-;-;"https://credestiva.coop.br/";"Autorizada em Atividade";
33735192;"COOPERATIVA DE ECONOMIA E CREDITO MUTUO JOHN F. KENNEDY LTDA";"AVENIDA PRESIDENTE WILSON,";"147 5 ANDAR";"CASTELO";"20030020";"RIO DE JANEIRO";"RJ";"Brasil";-;-;-;"Autorizada em Atividade";
5419025;"COOPERATIVA DE ECONOMIA E CREDITO MÚTUO DOS PROFESSORES ESTADUAIS DA REGIÃO METROPOLITANA DE PORTO ALEGRE - EDUCREDI";"AV GETULIO VARGAS,283";-;"MENINO DEUS";"90150001";"PORTO ALEGRE";"RS";"Brasil";-;-;"https://www.educredi.com.br";"Autorizada em Atividade";
3862898;"COOPERATIVA DE ECONOMIA E CRÉDITO DE LIVRE ADMISSÃO DOS EMPREGADOS DOS CORREIOS LTDA. - SICOOB COOPERCORREIOS";"RUA TUPIS  N  38    20   ANDAR";"EDIFICIO ITAMARATY";"CENTRO";"30190901";"BELO HORIZONTE";"MG";"Brasil";-;-;"https://www.sicoobcoopercorreios.com.br";"Autorizada em Atividade";
5856736;"COOPERATIVA DE ECONOMIA E CRÉDITO DE LIVRE ADMISSÃO LTDA. - SICOOB EMPRESARIAL";"SIA TRECHO 3  LOTE 225   ED  FIBRA   TERREO";-;"GUARA";"71200030";"BRASILIA";"DF";"Brasil";-;-;"https://www.sicoobempresarial.coop.br";"Autorizada em Atividade";
2869663;"COOPERATIVA DE ECONOMIA E CRÉDITO MUTUO DOS FUNCIONÁRIOS DE INSTITUIÇÕES FINANCEIRAS PUBLICAS E PRIVADAS NO TERRITÓRIO NACIONAL - CREDBRASIL";"AV. DESEMBARGADOR SANTOS NEVES, 389- SALAS 205";"ED. ESCORT";"PRAIA DO CANTO";"29055721";"VITORIA";"ES";"Brasil";-;-;-;"Autorizada em Atividade";
5667301;"COOPERATIVA DE ECONOMIA E CRÉDITO MÚTUO - COOPERSERV";"AVENIDA BRASIL, 830";-;"CENTRO";"18682060";"LENCOIS PAULISTA";"SP";"Brasil";-;-;-;"Autorizada em Atividade";
8071414;"COOPERATIVA DE ECONOMIA E CRÉDITO MÚTUO - SICOOB COOPERAC";"AV. CARAMURU, 2025";-;"JARDIM SUMARÉ";"14025303";"RIBEIRAO PRETO";"SP";"Brasil";-;-;"https://www.cooperac.com.br";"Autorizada em Atividade";
52935442;"COOPERATIVA DE ECONOMIA E CRÉDITO MÚTUO ALIANÇA - COOPERNITRO";"AV DR JOSE ARTUR  NOVA, 951";-;"S. MIGUEL PAULISTA";"08090000";"SAO PAULO";"SP";"Brasil";-;-;"https://www.coopernitro.com.br";"Autorizada em Atividade";
62912820;"COOPERATIVA DE ECONOMIA E CRÉDITO MÚTUO DA SUVINIL COATINGS";"AVENIDA ANGELO DEMARCHI, 123";-;"DEMARCHI";"09844900";"SAO BERNARDO DO CAMPO";"SP";"Brasil";-;-;-;"Autorizada sem Atividade";
2794761;"COOPERATIVA DE ECONOMIA E CRÉDITO MÚTUO DE LIVRE ADMISSÃO DOS SERVIDORES DA UNIVERSIDADE FEDERAL DE VIÇOSA LTDA. - SICOOB UFVCREDI";"AV  P  H  ROLFS S N";"EDIFICIO SEDE";"CAMPUS UNIVERSITARIO";"36570000";"VICOSA";"MG";"Brasil";-;-;"https://wwwufvcredi.com.br";"Autorizada em Atividade";
74244344;"COOPERATIVA DE ECONOMIA E CRÉDITO MÚTUO DO GRUPO BASF";"ESTRADA GALVÃO BUENO, N- 5505";"SALA CREDIBASF";"BATISTINI";"09842080";"SAO BERNARDO DO CAMPO";"SP";"Brasil";-;-;-;"Autorizada em Atividade";
94243839;"COOPERATIVA DE ECONOMIA E CRÉDITO MÚTUO DO VALE DAS ANTAS LTDA. - UNICRED PIONEIRA";"RUA PE  ANETO BOGNI  512";-;-;"99260000";"CASCA";"RS";"Brasil";-;-;"https://www.unicred-rs.com.br";"Autorizada em Atividade";
4249235;"COOPERATIVA DE ECONOMIA E CRÉDITO MÚTUO DOS  EMPREGADOS DA TUPY MINAS GERAIS LTDA. E NEMAK ALUMÍNIO DO BRASIL LTDA.";"RUA SENADOR GIOVANNI AGNELLI,230 A 906";-;"DISTR.INDL.PAULO CAM";"32681080";"BETIM";"MG";"Brasil";-;-;"https://www.fundcoop.com.br";"Autorizada em Atividade";
16564240;"COOPERATIVA DE ECONOMIA E CRÉDITO MÚTUO DOS APOSENTADOS, PENSIONISTAS E IDOSOS - SICOOB COOPERNAPI";"RUA DO CARMO  171";-;"SE";"01019020";"SAO PAULO";"SP";"Brasil";-;-;"https://www.coopernapi.org.br";"Autorizada em Atividade";
71502181;"COOPERATIVA DE ECONOMIA E CRÉDITO MÚTUO DOS BANCÁRIOS DE BELO HORIZONTE E REGIÃO METROPOLITANA LTDA. - COOPEB";"AVENIDA PORTUGAL, 399";-;"JARDIM ATLANTICO";"31550000";"BELO HORIZONTE";"MG";"Brasil";-;-;-;"Autorizada em Atividade";
4158581;"COOPERATIVA DE ECONOMIA E CRÉDITO MÚTUO DOS BANCÁRIOS DE JUIZ DE FORA LTDA. - COCBAN";"RUA HALFELD , 525";"SALA 605  -  SOLAR - CENTRO COMERCIAL";"CENTRO";"36010001";"JUIZ DE FORA";"MG";"Brasil";-;-;"https://www.cocban.coop.br";"Autorizada em Atividade";
71491609;"COOPERATIVA DE ECONOMIA E CRÉDITO MÚTUO DOS BANCÁRIOS DE SOROCABA E REGIÃO";"RUA ITAQUERA  N  217";-;"VILA BARAO";"18065590";"SOROCABA";"SP";"Brasil";-;-;-;"Autorizada em Atividade";
1301541;"COOPERATIVA DE ECONOMIA E CRÉDITO MÚTUO DOS BANCÁRIOS DO TRIÂNGULO LTDA.";"RUA DUQUE DE CAXIAS, 95 - 1- PISO";"CENTRO";"CENTRO";"38400142";"UBERLANDIA";"MG";"Brasil";-;-;-;"Autorizada em Atividade";
53184438;"COOPERATIVA DE ECONOMIA E CRÉDITO MÚTUO DOS COLABORADORES DA CEBRACE";"AV. DO CRISTAL, 540";-;"JARDIM DAS INDUSTRIA";"12311900";"JACAREI";"SP";"Brasil";-;-;"https://www.credicebrace.com.br";"Autorizada em Atividade";
21130869;"COOPERATIVA DE ECONOMIA E CRÉDITO MÚTUO DOS COLABORADORES DA COOPEDER LTDA - COOPCREDER";"AV DOS ANDRADAS 1259";"3- ANDAR";"STA EFIGENIA";"30120016";"BELO HORIZONTE";"MG";"Brasil";-;-;"https://www.creder.com.br";"Autorizada em Atividade";
20062766;"COOPERATIVA DE ECONOMIA E CRÉDITO MÚTUO DOS COLABORADORES DO GRUPO EMPRESARIAL A COSTA LTDA.";"ROD. MG-22, KM 105";-;"BARRA DOS COUTOS";"36520000";"VISCONDE DO RIO BRANCO";"MG";"Brasil";-;-;"https://www.coopercredpifpaf.coop.br";"Autorizada em Atividade";
92825397;"COOPERATIVA DE ECONOMIA E CRÉDITO MÚTUO DOS ELETRICITÁRIOS E DOS TRABALHADORES DAS EMPRESAS DO SETOR DE ENERGIA - COOPCRECE";"AVENIDA PRINCESA ISABEL, 636";"707-708";"SANTANA";"90620000";"PORTO ALEGRE";"RS";"Brasil";-;-;"https://www.coopcrece.com.br";"Autorizada em Atividade";
21597133;"COOPERATIVA DE ECONOMIA E CRÉDITO MÚTUO DOS EMPREGADOS DA BECTON DICKINSON INDÚSTRIAS CIRÚRGICAS LTDA., LTDA.";"AV. PRESIDENTE JUSCELINO KUBITSCHEK, 273";-;"FRANCISCO BERNARDINO";"36081000";"JUIZ DE FORA";"MG";"Brasil";-;-;-;"Autorizada em Atividade";
18140913;"COOPERATIVA DE ECONOMIA E CRÉDITO MÚTUO DOS EMPREGADOS DA CBMM LTDA.";"CORREGO DA MATA S N";-;-;"38183903";"ARAXA";"MG";"Brasil";-;-;-;"Autorizada em Atividade";
17502881;"COOPERATIVA DE ECONOMIA E CRÉDITO MÚTUO DOS EMPREGADOS DA CEMIG E DAS INDÚSTRIAS METALÚRGICAS E DE MATERIAL ELÉTRICO E DOS SERVIDORES PÚBLICOS MUNICIPAIS DE JUIZ DE FORA LTDA. - SICOOB CECREMEC";"RUA CURITIBA  786";"7  ANDAR";"CENTRO";"30170120";"BELO HORIZONTE";"MG";"Brasil";-;-;"https://www.cecremec.com.br";"Autorizada em Atividade";
8850613;"COOPERATIVA DE ECONOMIA E CRÉDITO MÚTUO DOS EMPREGADOS DA CENTRAIS ELÉTRICAS DE SANTA CATARINA - CREDELESC";"AVENIDA HERCILIO LUZ  N  639";"3  ANDAR  SALAS 309 E 311";"CENTRO";"88020000";"FLORIANOPOLIS";"SC";"Brasil";-;-;"https://www.credelesc.coop.br";"Autorizada em Atividade";
30304919;"COOPERATIVA DE ECONOMIA E CRÉDITO MÚTUO DOS EMPREGADOS DA CNC, SESC E SENAC ADMINISTRAÇÕES NACIONAIS LTDA.";"AV AYRTON SENNA 5555";"BLOCO A   1  PISO";"BARRA DA TIJUCA";"22775004";"RIO DE JANEIRO";"RJ";"Brasil";-;-;"https://www.coopcncsescsenac.com.br";"Autorizada em Atividade";
54335401;"COOPERATIVA DE ECONOMIA E CRÉDITO MÚTUO DOS EMPREGADOS DA COMPANHIA BRASILEIRA DE ALUMÍNIO";"RUA JOSE CERIONI, 21";-;"CENTRO";"18125000";"ALUMINIO";"SP";"Brasil";-;-;-;"Autorizada em Atividade";
59305565;"COOPERATIVA DE ECONOMIA E CRÉDITO MÚTUO DOS EMPREGADOS DA CONFAB";"AV DR GASTAO VIDIGAL NETO, 475";-;"CIDADE NOVA";"12414020";"PINDAMONHANGABA";"SP";"Brasil";-;-;-;"Autorizada em Atividade";
73077398;"COOPERATIVA DE ECONOMIA E CRÉDITO MÚTUO DOS EMPREGADOS DA EATON";"RUA CLARK, N 2061";-;"MACUCO";"13279400";"VALINHOS";"SP";"Brasil";-;-;-;"Autorizada em Atividade";
3400651;"COOPERATIVA DE ECONOMIA E CRÉDITO MÚTUO DOS EMPREGADOS DA EMPRESA SUPERMERCADOS JAU SERVE - COOPERJS";"AVENIDA JOAO SANZOVO  1401";-;"DISTRITO INDUSTRIAL";"17206220";"JAU";"SP";"Brasil";-;-;-;"Autorizada em Atividade";
2738981;"COOPERATIVA DE ECONOMIA E CRÉDITO MÚTUO DOS EMPREGADOS DA FUNDAÇÃO ARTHUR BERNARDES LTDA. - COOFAB";"FUNDACAO ARTHUR BERNARDES  EDIFICIO SEDE";"S N";"CAMPUS DA UFV";"36570900";"VICOSA";"MG";"Brasil";-;-;-;"Autorizada em Atividade";
18340695;"COOPERATIVA DE ECONOMIA E CRÉDITO MÚTUO DOS EMPREGADOS DA INDÚSTRIA DE PAPÉIS SUDESTE LTDA . - CREDESTE";"AV  ANTONIO SIMAO FIRJAN  1265";-;"DISTRITO INDUSTRIAL";"36092000";"JUIZ DE FORA";"MG";"Brasil";-;-;"https://www.credeste.coop.br";"Autorizada em Atividade";
28244622;"COOPERATIVA DE ECONOMIA E CRÉDITO MÚTUO DOS EMPREGADOS DA JOLIMODE ROUPAS E EMPRESAS COLIGADAS LTDA";"RUA FERNANDES DA CUNHA  326   PARTE";-;"VIGARIO GERAL";"21241300";"RIO DE JANEIRO";"RJ";"Brasil";-;-;"https://www.coopjolimoderoupas.com.br";"Autorizada em Atividade";
47944277;"COOPERATIVA DE ECONOMIA E CRÉDITO MÚTUO DOS EMPREGADOS DA JOYSON SAFETY SYSTEMS - COOPERJSS";"ROD D GABRIEL PAULINO BUENO COUTO  KM  66";-;"B  MEDEIROS";"13212240";"JUNDIAI";"SP";"Brasil";-;-;-;"Autorizada em Atividade";
913314;"COOPERATIVA DE ECONOMIA E CRÉDITO MÚTUO DOS EMPREGADOS DA MAGNESITA REFRATÁRIOS S.A. LTDA. - CECREM";"PRAÇA LOUIS ENSCH, 240";-;"CIDADE INDUSTRIAL";"32210050";"CONTAGEM";"MG";"Brasil";-;-;"https://www.cecrem.com.br/";"Autorizada em Atividade";
62795257;"COOPERATIVA DE ECONOMIA E CRÉDITO MÚTUO DOS EMPREGADOS DA MONDELEZ BRASIL E PHILIP MORRIS BRASIL - SICOOB COOPMOND";"AV  PEDROSO DE MORAIS , NR 517";"5  ANDAR - CJ 51";"PINHEIROS";"05419000";"SAO PAULO";"SP";"Brasil";-;-;-;"Autorizada em Atividade";
17607375;"COOPERATIVA DE ECONOMIA E CRÉDITO MÚTUO DOS EMPREGADOS DA MOSAIC FERTILIZANTES DE UBERABA - COPERURA LTDA.";"PRAÇA RUI BARBOSA, 300";"SALA 107";"CENTRO";"38010240";"UBERABA";"MG";"Brasil";-;-;"https://www.coperura.com.br";"Autorizada em Atividade";
968834;"COOPERATIVA DE ECONOMIA E CRÉDITO MÚTUO DOS EMPREGADOS DA MOSAIC FERTILIZANTES DO BRASIL - COCRESGO LTDA.";"RUA CORONEL AFONSO PARANHOS, 534-A";-;"CENTRO";"75701470";"CATALAO";"GO";"Brasil";-;-;-;"Autorizada em Atividade";
57545436;"COOPERATIVA DE ECONOMIA E CRÉDITO MÚTUO DOS EMPREGADOS DA NOVELIS";"RUA FELIPE CAMARAO  414";-;"UTINGA";"09220902";"SANTO ANDRE";"SP";"Brasil";-;-;-;"Autorizada em Atividade";
42445122;"COOPERATIVA DE ECONOMIA E CRÉDITO MÚTUO DOS EMPREGADOS DA PONTIFÍCIA UNIVERSIDADE CATÓLICA DO RIO DE JANEIRO E EMPREGADOS EM ESTABELECIMENTOS PRIVADOS DE ENSINO DO MUNICÍPIO DO RIO DE JANEIRO LTDA.";"RUA MARQUES DE SAO VICENTE, 225";"CASA 14 - PARTE";"GAVEA";"22453900";"RIO DE JANEIRO";"RJ";"Brasil";-;-;-;"Autorizada em Atividade";
67031757;"COOPERATIVA DE ECONOMIA E CRÉDITO MÚTUO DOS EMPREGADOS DA PRODAM/SP - CREDIPRODAM";"RUA LIBERO BADARÓ, 425";"EDIFÍCIO GRANDE SÃO PAULO - 1 ANDAR";"CENTRO";"01009905";"SAO PAULO";"SP";"Brasil";-;-;-;"Autorizada em Atividade";
88043187;"COOPERATIVA DE ECONOMIA E CRÉDITO MÚTUO DOS EMPREGADOS DA PROLEC GE BRASIL TRANSMISSÃO DE ENERGIA S.A.";"AV. GUILHERME SCHELL, 11500";-;-;"92420000";"CANOAS";"RS";"Brasil";-;-;-;"Autorizada em Atividade";
44223196;"COOPERATIVA DE ECONOMIA E CRÉDITO MÚTUO DOS EMPREGADOS DA RECKITT BENCKISER";"RODOVIA RAPOSO TAVARES 8015";-;"VILA JAGUARE";"05577900";"SAO PAULO";"SP";"Brasil";-;-;-;"Autorizada em Atividade";
48140925;"COOPERATIVA DE ECONOMIA E CRÉDITO MÚTUO DOS EMPREGADOS DA SAINT-GOBAIN DO BRASIL PRODUTOS INDUSTRIAIS E PARA CONSTRUÇÃO - DIVISÃO VIDRO PLANO";"R RUI BARBOSA, 391";-;"CENTRO";"09390000";"MAUA";"SP";"Brasil";-;-;-;"Autorizada em Atividade";
20622809;"COOPERATIVA DE ECONOMIA E CRÉDITO MÚTUO DOS EMPREGADOS DA SAMARCO MINERAÇÃO S.A. LTDA - CREDISAM";"RUA PARAIBA,1122 - 10 ANDAR";-;"FUNCIONARIOS";"30130918";"BELO HORIZONTE";"MG";"Brasil";-;-;-;"Autorizada em Atividade";
2588819;"COOPERATIVA DE ECONOMIA E CRÉDITO MÚTUO DOS EMPREGADOS DA UNIÃO MARISTA DO BRASIL E SUAS ASSOCIADAS, PROVÍNCIA MARISTA BRASIL CENTRO-NORTE E UNIÃO BRASILEIRA DE EDUCAÇÃO CATÓLICA.";"RUA PADRE ODORICO 128 SALA 405 406";-;"SAO PEDRO";"30330040";"BELO HORIZONTE";"MG";"Brasil";-;-;"https://www.coomar.coop.br";"Autorizada em Atividade";
68969625;"COOPERATIVA DE ECONOMIA E CRÉDITO MÚTUO DOS EMPREGADOS DAS EMPRESAS CONTROLADAS E COLIGADAS DA USINA SANTA ADELIA - USAGRO";"RODOVIA SP 326  KM 332 FAZ STA  ADELIA (PARTE";-;"RURAL";"14870970";"JABOTICABAL";"SP";"Brasil";-;-;-;"Autorizada em Atividade";
68314921;"COOPERATIVA DE ECONOMIA E CRÉDITO MÚTUO DOS EMPREGADOS DAS EMPRESAS DE DIVERSÕES DO ESTADO DE SÃO PAULO";"RUA PROFESSOR CLEMENTE PASTORE, 52";-;"LAPA";"05038120";"SAO PAULO";"SP";"Brasil";-;-;"https://cooperparques.com.br/";"Autorizada em Atividade";
57563728;"COOPERATIVA DE ECONOMIA E CRÉDITO MÚTUO DOS EMPREGADOS DAS EMPRESAS DO GRUPO ECONÔMICO RHODIA - CREDIRHODIA";"AVENIDA DOUTOR ROBERTO MOREIRA, 5005";-;"PARQUE DOS PÁSSAROS";"13148914";"PAULINIA";"SP";"Brasil";-;-;"https://www.credirhodiabrasil.com.br";"Autorizada em Atividade";
53505681;"COOPERATIVA DE ECONOMIA E CRÉDITO MÚTUO DOS EMPREGADOS DAS EMPRESAS METALÚRGICAS DE MATÃO - METALCOOPERCRED";"AVENIDA QUINZE DE NOVEMBRO  561";"SALA 1";"CENTRO";"15990630";"MATAO";"SP";"Brasil";-;-;"https://www.metalcoopercred.com.br";"Autorizada em Atividade";
24235459;"COOPERATIVA DE ECONOMIA E CRÉDITO MÚTUO DOS EMPREGADOS DAS EMPRESAS SIDERÚRGICAS, METALÚRGICAS E ELETRO-MECÂNICAS DE JOÃO MONLEVADE LTDA. - CREDIBELGO";"RUA  LOUIS ENCH NUMERO  314";-;"ALVORADA";"35930045";"JOAO MONLEVADE";"MG";"Brasil";-;-;"https://www.credibelgo.com.br";"Autorizada em Atividade";
129753;"COOPERATIVA DE ECONOMIA E CRÉDITO MÚTUO DOS EMPREGADOS DAS EMPRESAS SOMART LTDA.";"USINA JATIBOCA, S/N";"PARADA PAULISTA";"ZONA RURAL";"35380000";"URUCANIA";"MG";"Brasil";-;-;"https://www.independentes.coop.br/credsoma";"Autorizada em Atividade";
53272365;"COOPERATIVA DE ECONOMIA E CRÉDITO MÚTUO DOS EMPREGADOS DAS INDÚSTRIAS UNILEVER DO BRASIL";"RUA ANTONIO CARLOS 196 4ANDAR SALA 44";-;"CENTRO";"13270005";"VALINHOS";"SP";"Brasil";-;-;"https://www.coopercredunilever.com.br";"Autorizada em Atividade";
33370115;"COOPERATIVA DE ECONOMIA E CRÉDITO MÚTUO DOS EMPREGADOS DE FURNAS E DAS DEMAIS EMPRESAS DO SISTEMA ELETROBRÁS LTDA. - SICOOB CECREMEF";"RUA REAL GRANDEZA  139   5  ANDAR";-;"BOTAFOGO";"22281033";"RIO DE JANEIRO";"RJ";"Brasil";-;-;"https://www.sicoobcecremef.com.br";"Autorizada em Atividade";
2230138;"COOPERATIVA DE ECONOMIA E CRÉDITO MÚTUO DOS EMPREGADOS DE KYN COMÉRCIO VAREJISTA E ATACADISTA - COOPER KYN";"RUA RIO CLARO, 103 - SALA 4";-;"VILA HORTOLÂNDIA";"13214308";"JUNDIAI";"SP";"Brasil";-;-;-;"Autorizada em Atividade";
92935741;"COOPERATIVA DE ECONOMIA E CRÉDITO MÚTUO DOS EMPREGADOS DO BANRISUL";"PRACA DA ALFANDEGA  12";"301";"CENTRO";"90010150";"PORTO ALEGRE";"RS";"Brasil";-;-;"https://www.banricoop.coop.br";"Autorizada em Atividade";
73631483;"COOPERATIVA DE ECONOMIA E CRÉDITO MÚTUO DOS EMPREGADOS DO GRUPO BAYER E EMPRESAS QUÍMICAS E FARMACÊUTICAS DO ESTADO DO RIO DE JANEIRO LTDA.";"ESTRADA DA BOA ESPERANCA, 650";-;"BOM PASTOR";"26110120";"BELFORD ROXO";"RJ";"Brasil";-;-;"https://www.copbayer.com.br";"Autorizada em Atividade";
2024442;"COOPERATIVA DE ECONOMIA E CRÉDITO MÚTUO DOS EMPREGADOS DO GRUPO COLORADO";"RODOVIA SP 425, KM. 47";-;"FAZ.SAO JOSE GLORIA";"14790000";"GUAIRA";"SP";"Brasil";-;-;-;"Autorizada em Atividade";
2232228;"COOPERATIVA DE ECONOMIA E CRÉDITO MÚTUO DOS EMPREGADOS DO GRUPO SBF LTDA. - COOPER ATIVA SBF";"RUA HUGO D ANTOLA  200";-;"LAPA";"05038090";"SAO PAULO";"SP";"Brasil";-;-;-;"Autorizada em Atividade";
62284385;"COOPERATIVA DE ECONOMIA E CRÉDITO MÚTUO DOS EMPREGADOS DO GRUPO SCHAEFFLER";"AV INDEPENDENCIA 3500 A";-;"IPORANGA";"18087101";"SOROCABA";"SP";"Brasil";-;-;-;"Autorizada em Atividade";
57598120;"COOPERATIVA DE ECONOMIA E CRÉDITO MÚTUO DOS EMPREGADOS DO GRUPO TELEFÔNICA";"AV PAULISTA  352";"2  ANDAR CJ 21";"PARAISO";"01310000";"SAO PAULO";"SP";"Brasil";-;-;"https://www.coopertel.org.br";"Autorizada em Atividade";
5658367;"COOPERATIVA DE ECONOMIA E CRÉDITO MÚTUO DOS EMPREGADOS DO SEBRAE BAHIA LTDA.";"RUA ARTHUR DE AZEVEDO MACHADO  N   001225";"LJ 0017";"COSTA AZUL";"41760000";"SALVADOR";"BA";"Brasil";-;-;-;"Autorizada em Atividade";
92675578;"COOPERATIVA DE ECONOMIA E CRÉDITO MÚTUO DOS EMPREGADOS DO SISTEMA FIERGS - CRESUL";"AVENIDA ASSIS BRASIL,8787";"BLOCO 13 SALA 04";"SARANDI";"91140001";"PORTO ALEGRE";"RS";"Brasil";-;-;"https://www.cresul.coop.br";"Autorizada em Atividade";
9579249;"COOPERATIVA DE ECONOMIA E CRÉDITO MÚTUO DOS EMPRESÁRIOS DE AMERICANA, LIMEIRA E REGIÃO - SICOOB ACICRED";"RUA PRIMO PICOLI";"N- 232";"CENTRO";"13465283";"AMERICANA";"SP";"Brasil";-;-;"https://www.sicoob.com.br/web/sicoobacicred";"Autorizada em Atividade";
5841967;"COOPERATIVA DE ECONOMIA E CRÉDITO MÚTUO DOS FABRICANTES DE CALÇADOS DE SAPIRANGA LTDA.";"AVENIDA 20 DE SETEMBRO  3825";"LOJA 01";"CENTRO";"93800000";"SAPIRANGA";"RS";"Brasil";-;-;-;"Autorizada em Atividade";
62562012;"COOPERATIVA DE ECONOMIA E CRÉDITO MÚTUO DOS FUNCIONÁRIOS DA  NESTLÉ - NESCRED";"RUA DR RUBENS GOMES BUENO 691";"CONJUNTO 221 BLOCO A COND 17007";"VARZEA DE BAIXO";"04730903";"SAO PAULO";"SP";"Brasil";-;-;"https://www.nescred.com.br/";"Autorizada em Atividade";
45068632;"COOPERATIVA DE ECONOMIA E CRÉDITO MÚTUO DOS FUNCIONÁRIOS DA ACUMENT BRASIL";"ROD DOM PEDRO  I , KM 87";"COND EMP BARÃO DE MAUA ED FERNANDO PESS";"PONTE ALTA";"12954260";"ATIBAIA";"SP";"Brasil";-;-;"https://www.cooperacument.coop.br";"Autorizada em Atividade";
41146382;"COOPERATIVA DE ECONOMIA E CRÉDITO MÚTUO DOS FUNCIONÁRIOS DA ASSEMBLÉIA LEGISLATIVA DO ESTADO DA PARAÍBA LTDA. -  COOPERLEGIS";"RUA DUQUE DE CAXIAS, 400 - 2- ANDAR";"SALA 204 - EDIFICIO 5 DE AGOSTO";"CENTRO";"58010821";"JOAO PESSOA";"PB";"Brasil";-;-;"https://www.cooperlegis.com.br";"Autorizada em Atividade";
1288797;"COOPERATIVA DE ECONOMIA E CRÉDITO MÚTUO DOS FUNCIONÁRIOS DA ASTRAZENECA DO BRASIL";"RODOVIA RAPOSO TAVARES KM 26 9";-;"MOINHO VELHO";"06707000";"COTIA";"SP";"Brasil";-;-;-;"Autorizada em Atividade";
57038408;"COOPERATIVA DE ECONOMIA E CRÉDITO MÚTUO DOS FUNCIONÁRIOS DA BOMBRIL";"AV. MARGINAL DIREITA S/N-";"VIA ANCHIETA KM 14";"RUDGE RAMOS";"09696000";"SAO BERNARDO DO CAMPO";"SP";"Brasil";-;-;"https://cooperbombiril.com.br";"Autorizada em Atividade";
68228006;"COOPERATIVA DE ECONOMIA E CRÉDITO MÚTUO DOS FUNCIONÁRIOS DA CARGILL";"AVENIDA DR. CHUCRI ZAIDAN, 1240, 6- ANDAR";"MORUMBI CORPORATE, TORRE DIAMOND";"VILA SÃO FRANCISCO";"04711130";"SAO PAULO";"SP";"Brasil";-;-;"https://coopcargill.com.br/";"Autorizada em Atividade";
43438662;"COOPERATIVA DE ECONOMIA E CRÉDITO MÚTUO DOS FUNCIONÁRIOS DA EDUCAÇÃO E COMUNICAÇÃO";"RUA ROMA,620";"CJ 133A";"LAPA";"05050090";"SAO PAULO";"SP";"Brasil";-;-;"https://www.credecom.com.br";"Autorizada em Atividade";
45045671;"COOPERATIVA DE ECONOMIA E CRÉDITO MÚTUO DOS FUNCIONÁRIOS DA ELGIN";"AV  VEREADOR DANTE JORDAO STOPPA  47";-;"CESAR DE SOUZA";"08820390";"MOGI DAS CRUZES";"SP";"Brasil";-;-;-;"Autorizada em Atividade";
48718183;"COOPERATIVA DE ECONOMIA E CRÉDITO MÚTUO DOS FUNCIONÁRIOS DA ERICSSON - COOPERICSSON";"AVENIDA NICOLAS BOER, 399";"11 ANDAR - TORRE CORPORATE TIME";"JARDIM DAS PERDIZES";"01140060";"SAO PAULO";"SP";"Brasil";-;-;"https://www.cooperativaericsson.com.br";"Autorizada em Atividade";
57259525;"COOPERATIVA DE ECONOMIA E CRÉDITO MÚTUO DOS FUNCIONÁRIOS DA FACULDADE DE CIÊNCIAS AGRÁRIAS E VETERINÁRIAS - CAMPUS DE JABOTICABAL/SP - COOPERFAC";"VIA DE ACESSO PROF PAULO DONATO CASTELLANE  S N";-;"RURAL";"14884900";"JABOTICABAL";"SP";"Brasil";-;-;-;"Autorizada em Atividade";
1997612;"COOPERATIVA DE ECONOMIA E CRÉDITO MÚTUO DOS FUNCIONÁRIOS DA FUNDAÇÃO ZERBINI E DA FUNDAÇÃO FACULDADE DE MEDICINA (FFM) - COOPINCOR";"AV DR ENEAS DE CARVALHO AGUIAR, 44, BL. I,2. AND";-;"CERQUEIRA CESAR";"05403000";"SAO PAULO";"SP";"Brasil";-;-;"https://www.coopincor.com.br";"Autorizada em Atividade";
731320;"COOPERATIVA DE ECONOMIA E CRÉDITO MÚTUO DOS FUNCIONÁRIOS DA MORLAN - CRED MORLAN";"RUA 14, 1126";-;"CENTRO";"14620000";"ORLANDIA";"SP";"Brasil";-;-;"https://www.morlan.com.br";"Autorizada em Atividade";
16721078;"COOPERATIVA DE ECONOMIA E CRÉDITO MÚTUO DOS FUNCIONÁRIOS DA SECRETARIA DE ESTADO DA FAZENDA  DO ESTADO DE MINAS GERAIS E DE LIVRE ADMISSÃO LTDA - SICOOB COOPSEF";"AV BRASIL 1660";-;"BOA VIAGEM";"30140004";"BELO HORIZONTE";"MG";"Brasil";-;-;"https://www.sicoobcoopsef.com.br";"Autorizada em Atividade";
72952138;"COOPERATIVA DE ECONOMIA E CRÉDITO MÚTUO DOS FUNCIONÁRIOS DA SELENE";"RUA DO VELHO RAMAL, 490";-;"VILA ESTIVA";"18528608";"CERQUILHO";"SP";"Brasil";-;-;-;"Autorizada em Atividade";
67341487;"COOPERATIVA DE ECONOMIA E CRÉDITO MÚTUO DOS FUNCIONÁRIOS DA TETRA PAK";"AVENIDA JANIO QUADROS, 1073";"SOBRELOJA";"CENTRO";"13190000";"MONTE MOR";"SP";"Brasil";-;-;"https://www.cooperpak.com.br";"Autorizada em Atividade";
57440521;"COOPERATIVA DE ECONOMIA E CRÉDITO MÚTUO DOS FUNCIONÁRIOS DA TICKET SERVIÇOS COMÉRCIO E ADMINISTRAÇÃO";"RUA SILVIA  23   4 AND   CJ14";-;"BELA VISTA";"01331010";"SAO PAULO";"SP";"Brasil";-;-;-;"Autorizada em Atividade";
1107759;"COOPERATIVA DE ECONOMIA E CRÉDITO MÚTUO DOS FUNCIONÁRIOS DA USINA SANTA MARIA - PILONCRED";"RODOVIA MUNICIPAL OCTAVIO PILON S N";-;"SAO FRANCISCO";"18520000";"CERQUILHO";"SP";"Brasil";-;-;-;"Autorizada em Atividade";
53846242;"COOPERATIVA DE ECONOMIA E CRÉDITO MÚTUO DOS FUNCIONÁRIOS DA VILLARES METALS";"AV. VEREADOR ANTONIO PEREIRA DE CAMARGO NETO, 770";-;"JARDIM DALL-ORTO";"13178021";"SUMARE";"SP";"Brasil";-;-;-;"Autorizada em Atividade";
2541707;"COOPERATIVA DE ECONOMIA E CRÉDITO MÚTUO DOS FUNCIONÁRIOS DAS EMPRESAS DE CERÂMICA - COOPASPACER";"RUA 4  N   470";"SALA";"CENTRO";"13510000";"SANTA GERTRUDES";"SP";"Brasil";-;-;-;"Autorizada em Atividade";
91018408;"COOPERATIVA DE ECONOMIA E CRÉDITO MÚTUO DOS FUNCIONÁRIOS DAS EMPRESAS DO GRUPO DANA - COOPDANA";"RUA RICARDO BRUNO ALBARUS  201";"SALA COOPERATIVA";"DISTRITO INDUSTRIAL";"94045400";"GRAVATAI";"RS";"Brasil";-;-;-;"Autorizada em Atividade";
43446335;"COOPERATIVA DE ECONOMIA E CRÉDITO MÚTUO DOS FUNCIONÁRIOS DAS EMPRESAS ITAÚ";"RODOVIA MG 050 KM 341";"SEM NUMERO";"TABOCA";"37975000";"ITAU DE MINAS";"MG";"Brasil";-;-;-;"Autorizada em Atividade";
1504952;"COOPERATIVA DE ECONOMIA E CRÉDITO MÚTUO DOS FUNCIONÁRIOS DAS EMPRESAS MELHORAMENTOS DE SÃO PAULO - COOPERMEL";"RUA TITO 479";-;"LAPA";"05051000";"SAO PAULO";"SP";"Brasil";-;-;-;"Autorizada em Atividade";
52046299;"COOPERATIVA DE ECONOMIA E CRÉDITO MÚTUO DOS FUNCIONÁRIOS DO ATACADÃO";"AV MORVAN DIAS DE FIGUEIREDO  6169";-;"VILA MARIA";"02170901";"SAO PAULO";"SP";"Brasil";-;-;-;"Autorizada em Atividade";
3219207;"COOPERATIVA DE ECONOMIA E CRÉDITO MÚTUO DOS FUNCIONÁRIOS DO BANESPA DE BOTUCATU E CIDADES LIMÍTROFES";"RUA BRAZ DE ASSIS  709";"SALA 01  BAIRRO SHOPPING";"VILA DOS LAVRADORES";"18609096";"BOTUCATU";"SP";"Brasil";-;-;-;"Autorizada em Atividade";
71965313;"COOPERATIVA DE ECONOMIA E CRÉDITO MÚTUO DOS FUNCIONÁRIOS DO FLEURY";"AVENIDA PAULISTA   N- 352";"1.- ANDAR - SALA 13";"PARAISO";"01310000";"SAO PAULO";"SP";"Brasil";-;-;"https://www.grupofleury.coop.br";"Autorizada em Atividade";
43268960;"COOPERATIVA DE ECONOMIA E CRÉDITO MÚTUO DOS FUNCIONÁRIOS DO GRUPO AVIBRAS - COOPER AVIBRAS";"RODOVIA DOS TAMOIOS, KM 14, ESTRADA VARADOURO";-;"ZONA RURAL DA CIDADE";"12315020";"JACAREI";"SP";"Brasil";-;-;"https://cooperavibras@hotmail.com";"Autorizada em Atividade";
47196084;"COOPERATIVA DE ECONOMIA E CRÉDITO MÚTUO DOS FUNCIONÁRIOS DO GRUPO COMOLATTI - SÃO PAULO";"RUA DA CONSOLAÇÃO, 1601";"18 ANDAR PVMTO 1801";"CONSOLAÇÃO";"01301100";"SAO PAULO";"SP";"Brasil";-;-;-;"Autorizada em Atividade";
88952130;"COOPERATIVA DE ECONOMIA E CRÉDITO MÚTUO DOS FUNCIONÁRIOS DO GRUPO GERDAU - AÇOS FINOS PIRATINI";"NUCLEO D67,  NR. 149";-;"CENTRO";"96745000";"CHARQUEADAS";"RS";"Brasil";-;-;-;"Autorizada em Atividade";
5548335;"COOPERATIVA DE ECONOMIA E CRÉDITO MÚTUO DOS FUNCIONÁRIOS DO GRUPO JAL LTDA.";"AVENIDA AUTOMÓVEL CLUBE, 990 - PARTE";-;"CENTRO";"25515126";"SAO JOAO DE MERITI";"RJ";"Brasil";-;-;-;"Autorizada em Atividade";
44905255;"COOPERATIVA DE ECONOMIA E CRÉDITO MÚTUO DOS FUNCIONÁRIOS DO GRUPO LORENZETTI";"AV  PRESIDENTE WILSON  1230";-;"MOOCA";"03107001";"SAO PAULO";"SP";"Brasil";-;-;-;"Autorizada em Atividade";
5048575;"COOPERATIVA DE ECONOMIA E CRÉDITO MÚTUO DOS FUNCIONÁRIOS DO GRUPO MAUÁ E EMPRESAS COLIGADAS LTDA. - COOPMAUÁ";"AVENIDA CAPITAO ACACIO, 363 - PARTE";-;"BOAÇU";"24467110";"SAO GONCALO";"RJ";"Brasil";-;-;"https://coopmaua.com.br";"Autorizada em Atividade";
43182278;"COOPERATIVA DE ECONOMIA E CRÉDITO MÚTUO DOS FUNCIONÁRIOS DO GRUPO OWENS-ILLINOIS DO BRASIL";"AV   OLAVO EGIDIO DE SOUZA ARANHA  2270";-;"ERMELINDO MATARAZZO";"03822900";"SAO PAULO";"SP";"Brasil";-;-;-;"Autorizada em Atividade";
548980;"COOPERATIVA DE ECONOMIA E CRÉDITO MÚTUO DOS FUNCIONÁRIOS DO GRUPO SUGGAR LTDA.";"RUA JERONIMO MARCUCCI  82";"FABRICA";"OLHOS D AGUA";"30390150";"BELO HORIZONTE";"MG";"Brasil";-;-;"https://sugcred.coop.br";"Autorizada em Atividade";
75174953;"COOPERATIVA DE ECONOMIA E CRÉDITO MÚTUO DOS FUNCIONÁRIOS DO GRUPO VOTORANTIM LIMITADA.";"AV ERMIRIO DE MORAES  380";"CASA";"TACANICA";"83540000";"RIO BRANCO DO SUL";"PR";"Brasil";-;-;"https://coopvotorantim.com.br";"Autorizada em Atividade";
7651495;"COOPERATIVA DE ECONOMIA E CRÉDITO MÚTUO DOS FUNCIONÁRIOS DO PODER JUDICIÁRIO E SERVIDORES PÚBLICOS DO ESTADO DE SÃO PAULO - SPCRED";"RUA 15 DE NOVEMBRO  200";"20";"CENTRO";"01013001";"SAO PAULO";"SP";"Brasil";-;-;-;"Autorizada em Atividade";
2115870;"COOPERATIVA DE ECONOMIA E CRÉDITO MÚTUO DOS FUNCIONÁRIOS PÚBLICOS MUNICIPAIS DE ITAPIRA - CREDITA";"PRAÇA BERNARDINO DE CAMPOS  BOX 9";"BOX 09";"CENTRO";"13970005";"ITAPIRA";"SP";"Brasil";-;-;"https://www.coopcredita.com.br";"Autorizada em Atividade";
4694278;"COOPERATIVA DE ECONOMIA E CRÉDITO MÚTUO DOS INTEGRANTES DO MINISTÉRIO PÚBLICO E DA DEFENSORIA PÚBLICA NO ESTADO DO RIO DE JANEIRO LIMITADA. - SICOOB COMPERJ";"RUA RODRIGO SILVA, 26";"9 ANDAR";"CENTRO";"20011040";"RIO DE JANEIRO";"RJ";"Brasil";-;-;"https://www.sicoobcoomperj.com.br";"Autorizada em Atividade";
51489318;"COOPERATIVA DE ECONOMIA E CRÉDITO MÚTUO DOS MAGISTRADOS DE SÃO PAULO - MAGISCRED";"R TABATINGUERA  140";"SALA 02   TERREO";"CENTRO";"01020901";"SAO PAULO";"SP";"Brasil";-;-;"https://www.magiscred.com.br";"Autorizada em Atividade";
4478231;"COOPERATIVA DE ECONOMIA E CRÉDITO MÚTUO DOS MEMBROS DO MINISTÉRIO PÚBLICO DE SÃO PAULO - PROMOCRED";"RUA BENJAMIN CONSTANT, 171";"4 ANDAR - CONJUNTO 401";"SÉ";"01005000";"SAO PAULO";"SP";"Brasil";-;-;"https://promocred.coop.br/";"Autorizada em Atividade";
4572960;"COOPERATIVA DE ECONOMIA E CRÉDITO MÚTUO DOS MILITARES ESTADUAIS DE SANTA CATARINA - CREDPOM";"AV  RIO BRANCO  N  817";"ED  ALEXANDRE CARIONI  TERREO";"CENTRO";"88015203";"FLORIANOPOLIS";"SC";"Brasil";-;-;-;"Autorizada em Atividade";
26758433;"COOPERATIVA DE ECONOMIA E CRÉDITO MÚTUO DOS PETROLEIROS NO ESTADO DE MINAS GERAIS LTDA. - COPETRO";"AV  PARANA  485";"5 ANDAR";"CENTRO";"30120020";"BELO HORIZONTE";"MG";"Brasil";-;-;"https://www.copetro.org.br";"Autorizada em Atividade";
7714057;"COOPERATIVA DE ECONOMIA E CRÉDITO MÚTUO DOS PROFISSIONAIS DA ÁREA NOTARIAL E REGISTRAL - COOPNORE";"AVENIDA PRAIA DE BELAS, 1232";"LOJA 7";"MENINO DEUS";"90110000";"PORTO ALEGRE";"RS";"Brasil";-;-;"https://www.coopnore.com.br";"Autorizada em Atividade";
69346856;"COOPERATIVA DE ECONOMIA E CRÉDITO MÚTUO DOS PROFISSIONAIS DA SAÚDE DA REGIÃO DA ALTA MOGIANA - SICOOB CREDIMOGIANA";"RUA BATISTA DONZELI, 2049";-;"VILA MARTA";"14403171";"FRANCA";"SP";"Brasil";-;-;"https://www.credimogiana.com.br";"Autorizada em Atividade";
96409263;"COOPERATIVA DE ECONOMIA E CRÉDITO MÚTUO DOS SERVIDORES DA FACULDADE DE ENGENHARIA DE ILHA SOLTEIRA - COOPERFEIS";"AVENIDA BRASIL  56";-;"CENTRO";"15385000";"ILHA SOLTEIRA";"SP";"Brasil";-;-;-;"Autorizada em Atividade";
62928320;"COOPERATIVA DE ECONOMIA E CRÉDITO MÚTUO DOS SERVIDORES DA FEDERAÇÃO DO COMÉRCIO, SESC E SENAC DE SÃO PAULO";"RUA FLORENCIO DE ABREU,305";"4- ANDAR";"CENTRO";"01029000";"SAO PAULO";"SP";"Brasil";-;-;-;"Autorizada em Atividade";
19402130;"COOPERATIVA DE ECONOMIA E CRÉDITO MÚTUO DOS SERVIDORES DA FUNDAÇÃO HOSPITALAR E EMPREGADOS DOS ESTABELECIMENTOS HOSPITALARES DE BELO HORIZONTE, REGIÃO METROPOLITANA E ZONA DA MATA LTDA.- SICOOB CECREF";"RUA CEARA  195  CONJ 901  ED  DOMINGOS RIBEIRO";-;"SANTA EFIGENIA";"30150310";"BELO HORIZONTE";"MG";"Brasil";-;-;"https://www.sicoob.com.br/web/sicoobcecref";"Autorizada em Atividade";
4894460;"COOPERATIVA DE ECONOMIA E CRÉDITO MÚTUO DOS SERVIDORES DA JUSTIÇA DO ESTADO DE MINAS GERAIS LTDA. - SICOOB CREDJUS";"RUA  OURO PRETO";"161  4  ANDAR";"BARRO PRETO";"30170040";"BELO HORIZONTE";"MG";"Brasil";-;-;-;"Autorizada em Atividade";
4152107;"COOPERATIVA DE ECONOMIA E CRÉDITO MÚTUO DOS SERVIDORES DA POLÍCIA MILITAR DO ESTADO DE SÃO PAULO DA REGIÃO CENTRO-OESTE PAULISTA - CREDMIL";"RUA RIO BRANCO 14-76";-;"CENTRO";"17015311";"BAURU";"SP";"Brasil";-;-;"https://credmil.org.br";"Autorizada em Atividade";
946465;"COOPERATIVA DE ECONOMIA E CRÉDITO MÚTUO DOS SERVIDORES DA PREFEITURA MUNICIPAL DE ORLÂNDIA - CRED SERV";"RUA 4, N. 697";-;"CENTRO";"14620000";"ORLANDIA";"SP";"Brasil";-;-;-;"Autorizada em Atividade";
52137361;"COOPERATIVA DE ECONOMIA E CRÉDITO MÚTUO DOS SERVIDORES DA PREFEITURA MUNICIPAL DE VOTORANTIM";"RUA ANTONIO FERNANDES 158";-;"VILA ALBERTINA";"18110170";"VOTORANTIM";"SP";"Brasil";-;-;-;"Autorizada em Atividade";
5746715;"COOPERATIVA DE ECONOMIA E CRÉDITO MÚTUO DOS SERVIDORES DA SECRETARIA DE DEFESA SOCIAL DO ESTADO DE MINAS GERAIS LTDA. - COOPSESP";"RUA UBERABA, 315";"LOJA 09";"BARRO PRETO";"30180080";"BELO HORIZONTE";"MG";"Brasil";-;-;"https://www.coopsesp.com.br";"Autorizada em Atividade";
69136075;"COOPERATIVA DE ECONOMIA E CRÉDITO MÚTUO DOS SERVIDORES DA UNESP - COOPUNESP";"AV  24 A  1515 (PARTE";-;"BELA VISTA";"13506900";"RIO CLARO";"SP";"Brasil";-;-;-;"Autorizada em Atividade";
2285107;"COOPERATIVA DE ECONOMIA E CRÉDITO MÚTUO DOS SERVIDORES DA UNIVERSIDADE ESTADUAL DE CAMPINAS - COOPERUNICAMP";"AV. ROXO MOREIRA, 1.831 - PRÉDIO DA PREFEITURA";"1- PISO";"CIDADE UNIVERSITARIA";"13083592";"CAMPINAS";"SP";"Brasil";-;-;-;"Autorizada em Atividade";
778858;"COOPERATIVA DE ECONOMIA E CRÉDITO MÚTUO DOS SERVIDORES DO DISTRITO FEDERAL LTDA. - COOSERVCRED";"SHS   QUADRA 01   GALERIA DO HOTEL NACIONAL";"LOJAS 36 37";"ASA SUL";"70322900";"BRASILIA";"DF";"Brasil";-;-;"https://www.cooservcred.com.br";"Autorizada em Atividade";
2000895;"COOPERATIVA DE ECONOMIA E CRÉDITO MÚTUO DOS SERVIDORES DO PODER JUDICIÁRIO, DO TRIBUNAL DE CONTAS ESTADUAL E DEMAIS ÓRGÃOS PÚBLICOS MUNICIPAIS, ESTADUAIS E FEDERAIS NO ESTADO DO RIO DE JANEIRO LTDA.";"AV NILO PECANHA  12";"GRUPOS 522 A 526   1007  1008 E 1009   1022 A 1026";"CENTRO";"20020100";"RIO DE JANEIRO";"RJ";"Brasil";-;-;"https://www.coopjustica.org.br";"Autorizada em Atividade";
16651002;"COOPERATIVA DE ECONOMIA E CRÉDITO MÚTUO DOS SERVIDORES MUNICIPAIS DE ITABIRA LTDA. - SICOOB COSEMI";"PRACA MARIO CARVALHO AZEVEDO DE BARROS  17";-;"14 DE FEVEREIRO";"35900242";"ITABIRA";"MG";"Brasil";-;-;"https://www.cosemi.com.br";"Autorizada em Atividade";
41791005;"COOPERATIVA DE ECONOMIA E CRÉDITO MÚTUO DOS SERVIDORES MUNICIPAIS DE POÇOS DE CALDAS LTDA. - COOPOÇOS";"RUA RIO GRANDE DO NORTE  75";-;"CENTRO";"37701040";"POCOS DE CALDAS";"MG";"Brasil";-;-;-;"Autorizada em Atividade";
3603683;"COOPERATIVA DE ECONOMIA E CRÉDITO MÚTUO DOS SERVIDORES PÚBLICOS - SICOOB COOPERPLAN CREDSEF";"SRTVN   QUADRA 702  CONJUNTO P  ED  RADIO CENTER";"LOJA 50 SOBRELOJA";"ASA NORTE";"70719900";"BRASILIA";"DF";"Brasil";-;-;"https://www.sicoob.com.br/web/sicoobcooperplancredsef";"Autorizada em Atividade";
991739;"COOPERATIVA DE ECONOMIA E CRÉDITO MÚTUO DOS SERVIDORES PÚBLICOS DA REGIÃO METROPOLITANA DE BELÉM - CREDISIS CREDBEM METROPOLITANA";"TRAVESSA CURUZU, 1925";"ENTRE AV. ALMIRANTE BARROSO E AV. 25 DE SETEMBRO";"MARCO";"66093802";"BELEM";"PA";"Brasil";-;-;-;"Autorizada em Atividade";
3139644;"COOPERATIVA DE ECONOMIA E CRÉDITO MÚTUO DOS SERVIDORES PÚBLICOS DO ESTADO DE SÃO PAULO - CREDIPAULISTA";"RUA BARAO DE ITAPETININGA  93  10  ANDAR";"CONJUNTO 1006";"REPUBLICA";"01042001";"SAO PAULO";"SP";"Brasil";-;-;"https://www.credipaulista.com.br";"Autorizada em Atividade";
3639902;"COOPERATIVA DE ECONOMIA E CRÉDITO MÚTUO DOS SERVIDORES PÚBLICOS DOS PODERES EXECUTIVOS NO ESTADO DO ESPÍRITO SANTO";"AVENIDA NOSSA SENHORA DOS NAVEGANTES, 955";"LOJA 21";"ENSEADA DO SUÁ";"29050335";"VITORIA";"ES";"Brasil";-;-;"https://www.credes.com.br";"Autorizada em Atividade";
18310649;"COOPERATIVA DE ECONOMIA E CRÉDITO MÚTUO DOS SERVIDORES PÚBLICOS MUNICIPAIS EM JOÃO MONLEVADE LTDA. - COPREMON";"RUA PEDRO BICALHO, 234";-;"NOVO HORIZONTE";"35930072";"JOAO MONLEVADE";"MG";"Brasil";-;-;"https://www.copremon.coop.br";"Autorizada em Atividade";
67915868;"COOPERATIVA DE ECONOMIA E CRÉDITO MÚTUO DOS TRABALHADORES DA CIA. DE PROCESSAMENTO DE DADOS DO ESTADO DE SÃO PAULO - CREDIPRODESP";"RUA AGUEDA GONCALVES  240   TABOAO DA SERRA";-;"JD  PEDRO GONCALVES";"06760900";"TABOAO DA SERRA";"SP";"Brasil";-;-;-;"Autorizada em Atividade";
90560434;"COOPERATIVA DE ECONOMIA E CRÉDITO MÚTUO DOS TRABALHADORES DAS INDÚSTRIAS METALÚRGICAS DE PORTO ALEGRE E GRANDE PORTO ALEGRE";"RUA SANTA TEREZINHA 644";-;"VILA CITY COHAB";"94935610";"CACHOEIRINHA";"RS";"Brasil";-;-;-;"Autorizada em Atividade";
2562412;"COOPERATIVA DE ECONOMIA E CRÉDITO MÚTUO DOS TRABALHADORES DO GRUPO SÃO MARTINHO   USICRED";"FAZENDA SAO MARTINHO";-;-;"14850000";"PRADOPOLIS";"SP";"Brasil";-;-;-;"Autorizada em Atividade";
71384697;"COOPERATIVA DE ECONOMIA E CRÉDITO MÚTUO DOS TRABALHADORES NAS INDÚSTRIAS DE EXTRAÇÃO DE FERRO E METAIS BÁSICOS DA REGIÃO DE CONGONHAS LTDA. - COOFERSE";"R. PADRE LEONARDO, 20 A";"2 ANDAR";"CENTRO";"36415000";"CONGONHAS";"MG";"Brasil";-;-;-;"Autorizada em Atividade";
45691128;"COOPERATIVA DE ECONOMIA E CRÉDITO MÚTUO E BENEFÍCIOS SOCIAIS BECOOPER";"RUA EMILIO MARELO  54";-;"JD DAS INDUSTRIAS";"12241200";"SAO JOSE DOS CAMPOS";"SP";"Brasil";-;-;"https://www.cooperjohnson.com.br";"Autorizada em Atividade";
2493000;"COOPERATIVA DE ECONOMIA E CRÉDITO MÚTUO NOS ESTADOS DE ALAGOAS, SERGIPE E BAHIA - SICOOB LESTE";"AV. PRETESTATO FERREIRA MACHADO N- 1490";-;"JATIÚCA";"57036400";"MACEIO";"AL";"Brasil";-;-;"https://www.sicoobleste.com.br";"Autorizada em Atividade";
5591437;"COOPERATIVA DE ECONOMIA E CRÉDITO MÚTUO SERVIDORES PÚBLICOS ATIVOS, INATIVOS E PENSIONISTAS DA ADMINISTRAÇÃO DIRETA, INDIRETA E ASSEMBLÉIA LEGISLATIVA DO ESTADO DO RIO GRANDE SUL - COOPSERGS";"RUA DR. FLORES, 307";"3- ANDAR";"CENTRO";"90020120";"PORTO ALEGRE";"RS";"Brasil";-;-;"https://coopsergs@coopsergs.com.br";"Autorizada em Atividade";
9004796;"COOPERATIVA DE ECONOMIA E CRÉDITO MÚTUO SICOOB CRED-ACILPA";"RUA CEL  JOAQUIM ANSELMO MARTINS  1000";-;"CENTRO";"18680070";"LENCOIS PAULISTA";"SP";"Brasil";-;-;-;"Autorizada em Atividade";
4833655;"COOPERATIVA DE ECONOMIA E CRÉDITO MÚTUO SICOOB METALCRED";"R GALVAO BUENO, 738";-;"LIBERDADE";"01506000";"SAO PAULO";"SP";"Brasil";-;-;"https://www.sicoob.com.br/web/sicoobmetalcred";"Autorizada em Atividade";
4445917;"COOPERATIVA DE ECONOMIA E CRÉDITO MÚTUO UNICRED COALIZÃO LTDA - UNICRED COALIZÃO";"RUA SALDANHA MARINHO 416";"LOJA M1  VIPS CENTER";"CENTRO";"28010272";"CAMPOS DOS GOYTACAZES";"RJ";"Brasil";-;-;"https://www.unicred.com.br/campos";"Autorizada em Atividade";
95163002;"COOPERATIVA DE ECONOMIA E CRÉDITO MÚTUO UNICRED ELEVA LTDA.";"RUA ANTONIO MANOEL, 571";-;"CENTRO";"98801690";"SANTO ANGELO";"RS";"Brasil";-;-;"https://www.unicred.com.br/eleva/home";"Autorizada em Atividade";
1526924;"COOPERATIVA DE ECONOMIA E CRÉDITO MÚTUO UNICRED HORIZONTES LTDA - UNICRED HORIZONTES";"AVENIDA 21 DE ABRIL  11";"SALA 03";"CENTRO";"98700000";"IJUI";"RS";"Brasil";-;-;"https://www.unicred-ijui.com.br";"Autorizada em Atividade";
73750424;"COOPERATIVA DE ECONOMIA E CRÉDITO MÚTUO UNICRED INTEGRAÇÃO LTDA.";"RUA SANTOS DUMONT, 1285";"SALA 1901";"EXPOSIÇÃO";"95084390";"CAXIAS DO SUL";"RS";"Brasil";-;-;"https://www.unicred.com.br/integracao/home";"Autorizada em Atividade";
1635462;"COOPERATIVA DE ECONOMIA E CRÉDITO MÚTUO UNICRED PREMIUM CAPITAL - UNICRED PREMIUM CAPITAL";"AV  BENJAMIN CONSTANT  1058";"5  ANDAR";-;"95900104";"LAJEADO";"RS";"Brasil";-;-;"https://www.unicred.com.br/premiumcapital";"Autorizada em Atividade";
1705236;"COOPERATIVA DE ECONOMIA E CRÉDITO MÚTUO UNICRED PROSPERAR LTDA. - UNICRED PROSPERAR";"R SETE DE SETEMBRO N 154";-;"CENTRO";"97573470";"SANTANA DO LIVRAMENTO";"RS";"Brasil";-;-;"https://www.unicred-fronteira.com.br";"Autorizada em Atividade";
59620708;"COOPERATIVA DE ECONOMIA E CRÉDÍTO MÚTUO DOS FUNCIONÁRIOS DA MWM TUPY DO BRASIL";"AV. DAS NAÇÕES UNIDAS, 22.002";-;"JURUBATUBA";"04795915";"SAO PAULO";"SP";"Brasil";-;-;-;"Autorizada em Atividade";
25606237;"COOPERATIVA DE POUPANÇA E CRÉDITO DO VALE DO RIO DOCE LTDA - SICOOB CREDIRIODOCE";"RUA BELO HORIZONTE";"761";"CENTRO";"35010050";"GOVERNADOR VALADARES";"MG";"Brasil";-;-;"https://www.sicoobcrediriodoce.com.br";"Autorizada em Atividade";
97259253;"COOPERATIVA E ECONOMIA E CRÉDITO MÚTUO DOS MÉDICOS DO PLANALTO MÉDIO DO RIO GRANDE DO SUL LTDA. - CREDISIS/CREDIPLAN";"RUA URUGUAI N- 2001";"LOJA 1 - BLOCO A";"CENTRO";"99010112";"PASSO FUNDO";"RS";"Brasil";-;-;"https://www.crediplan.com.br";"Autorizada em Atividade";
61550836;"COOPERATIVA MISTA ROMA - (ANTIGA JOCKEY , PROIBIDA DE COMERCIALIZAR COTAS NO ESTADO DE GOIÁS ATÉ 19/10/2027";"AVENIDA ANDROMEDA, 885";"SALA 1405, TORRE A, GREEN VALLEY ALPHAVILLE";"ALPHAVILLE";"06473000";"BARUERI";"SP";"Brasil";-;-;"https://consorcioroma.com.br";"Autorizada em Atividade";
27171974;"COOPERÁGUIA - COOPERATIVA DE ECONOMIA E CRÉDITO MÚTUO DOS EMPREGADOS DO GRUPO ÁGUIA BRANCA";"AVENIDA MARIO GURGEL";"5030";"VILA CAPIXABA";"29148022";"CARIACICA";"ES";"Brasil";-;-;"https://www.cooperaguia.coop.br";"Autorizada em Atividade";
43488782;"COOPERFEMSA - COOPERATIVA DE CRÉDITO";"AV. ENGENHEIRO ALBERTO DE ZAGOTTIS, 352";-;"JURUBATUBA";"04675901";"SAO PAULO";"SP";"Brasil";-;-;"https://www.cooperfemsa.com.br";"Autorizada em Atividade";
1658426;"COOPERFORTE COOPERATIVA DE CRÉDITO E INVESTIMENTOS LTDA";"SCS QUADRA 9 LOTE C TORRE C  9 ANDAR";"EDIFICIO PARQUE CIDADE CORPORATE";"ASA SUL";"70308200";"BRASILIA";"DF";"Brasil";-;-;"https://www.cf.coop.br";"Autorizada em Atividade";
4995006;"COOPESTADO - COOPERATIVA DE ECONOMIA E CRÉDITO MÚTUO DOS SERVIDORES PÚBLICOS NA REGIÃO METROPOLITANA DO ESTADO DO RIO DE JANEIRO LIMITADA";"RUA SENADOR DANTAS 71 SOBRELOJA 201 (PARTE";"ED. HENRY ESCRITÓRIOS";"CENTRO, CINELÂNDIA";"20031202";"RIO DE JANEIRO";"RJ";"Brasil";-;-;-;"Autorizada em Atividade";
41219353;"COOPSEBRAE - COOPERATIVA DE CRÉDITO MÚTUO DOS EMPREGADOS DO SEBRAE/PB, SEBRAE/RN, SESC/PB, SENAC/PB, SENAR/PB E FAEPA/PB";"AV  MARANHAO  910";"EDF  ASSIS CHATEAUBRIAND  1  ANDAR  SALA 201";"BAIRRO DOS ESTADOS";"58030261";"JOAO PESSOA";"PB";"Brasil";-;-;"https://www.coopsebrae.com.br";"Autorizada em Atividade";
2723075;"COOPSERJ - COOPERATIVA DE CRÉDITO MÚTUO DOS SERVIDORES PÚBLICOS DO PODER EXECUTIVO DO ESTADO DO RIO DE JANEIRO LTDA.";"AVENIDA PRESIDENTE VARGAS  534";"SALA 1001";"CENTRO";"20071000";"RIO DE JANEIRO";"RJ";"Brasil";-;-;"https://www.coopserj.coop.br";"Autorizada em Atividade";
58022195;"COPERCRED - COOPERATIVA DE ECONOMIA E CRÉDITO MÚTUO DOS EMPREGADOS DAS EMPRESAS ZILLO LORENZETTI";"RUA XV DE NOVEMBRO  865";-;"CENTRO";"18680900";"LENCOIS PAULISTA";"SP";"Brasil";-;-;-;"Autorizada em Atividade";
37880206;"CORA SOCIEDADE DE CRÉDITO, FINANCIAMENTO E INVESTIMENTO S.A.";"RUA FREI CANECA 1246, 3 ANDAR";"SALA 31";"CONSOLACAO";"01307002";"SAO PAULO";"SP";"Brasil";-;-;"https://www.cora.com.br/";"Autorizada em Atividade";
7327045;"CORPORE SOCIEDADE DE CRÉDITO DIRETO S.A.";"CAMILO ERMELINDO DA SILVA 1270";-;"PLANALTO";"79826070";"DOURADOS";"MS";"Brasil";-;-;"https://www.corporeinvest.com.br";"Autorizada em Atividade";
36741675;"CORPX INSTITUICAO DE PAGAMENTO S.A.";"R JOAQUIM FLORIANO";"N. 466 SALA 2115";"ITAIM BIBI";"04534002";"SAO PAULO";"SP";"Brasil";-;-;"https://www.corpx.com";"Pendente de Validação";
80202872;"CORREPARTI SOCIEDADE CORRETORA DE CÂMBIO LTDA.";"AVENIDA RUI BARBOSA, 8882";"SALA 01 (ESQUINA COM A RUA COLOMBO";"CENTRO";"83005340";"SAO JOSE DOS PINHAIS";"PR";"Brasil";-;-;"https://correparti.com.br";"Autorizada em Atividade";
15761217;"CORRETORA DE CÂMBIO AÇORIANA LIMITADA.";"AVENIDA CORONEL TEIXEIRA";"LOTE 07";"PONTA NEGRA";"69037000";"MANAUS";"AM";"Brasil";-;-;"https://www.acorianacorretora.com.br";"Autorizada em Atividade";
92858380;"CORRETORA GERAL DE VALORES E CÂMBIO LTDA";"RUA DR. JOSE MONTAURY 139";"5 AO 8 ANDAR";"CENTRO HISTÓRICO";"90010090";"PORTO ALEGRE";"RS";"Brasil";-;-;"https://www.geralinvestimentos.com.br";"Autorizada em Atividade";
23241540;"CREBEL - COOPERATIVA DE ECONOMIA E CRÉDITO MÚTUO DOS COLABORADORES DAS EMPRESAS BELGO BEKAERT - CREBEL LTDA.";"AV  GENERAL DAVID SARNOFF  909";-;"CIDADE INDUSTRIAL";"32210110";"CONTAGEM";"MG";"Brasil";-;-;"https://crebel.coop.br/";"Autorizada em Atividade";
42627615;"CREDFC SOCIEDADE DE CRÉDITO DIRETO S.A.";"RUA CAPITÃO ANTÔNIO ROSA, 376";"CONJUNTO 31";"JARDIM PAULISTANO";"01443010";"SAO PAULO";"SP";"Brasil";-;-;-;"Autorizada em Atividade";
60849822;"CREDI COOPERALFA COOPERATIVA DE CRÉDITO";"AVENIDA FERNANDO MACHADO";"2580-D";"PASSO DOS FORTES";"89805902";"CHAPECO";"SC";"Brasil";-;-;-;"Autorizada sem Atividade";
54733010;"CREDI-SHOP - SOCIEDADE DE CRÉDITO DIRETO S.A.";"AV. FREI SERAFIM";"2648-A";"ILHOTAS";"64001540";"TERESINA";"PI";"Brasil";-;-;-;"Autorizada em Atividade";
62895230;"CREDI-SHOP S/A - INSTITUIÇÃO DE PAGAMENTO";"AVENIDA FREI SERAFIM, 2648";-;"ILHOTAS";"64001020";"TERESINA";"PI";"Brasil";-;-;"https://www.credishop.com.br";"Autorizada em Atividade";
82096447;"CREDI&GENTE - COOPERATIVA DE CRÉDITO E INVESTIMENTOS";"RUA PADRE ANCHIETA, 1856";"7- ANDAR";"BIGORRILHO";"80730001";"CURITIBA";"PR";"Brasil";-;-;"https://www.credigente.com.br";"Autorizada em Atividade";
5676026;"CREDIARE S.A. - CRÉDITO, FINANCIAMENTO E INVESTIMENTO";"AVENIDA VENEZA, 1033";-;"SÃO ROQUE";"95176053";"FARROUPILHA";"RS";"Brasil";-;-;"https://www.crediare.com.br";"Autorizada em Atividade";
81723108;"CREDICOAMO CREDITO RURAL COOPERATIVA";"RUA FIORAVANTE JOAO FERRI  99";-;"JARDIM ALVORADA";"87308445";"CAMPO MOURAO";"PR";"Brasil";-;-;"https://www.credicoamo.com.br";"Autorizada em Atividade";
39676772;"CREDIFIT SOCIEDADE DE CRÉDITO DIRETO S.A.";"ALAMEDA SALVADOR, N- 1.057";"SALVADOR SHOPPING TORRE AMERICA SALA 904";"CAMINHO DAS ÁRVORES";"41820790";"SALVADOR";"BA";"Brasil";-;-;"https://www.credifit.com.br";"Autorizada em Atividade";
4223451;"CREDILON SOCIEDADE DE CRÉDITO AO MICROEMPREENDEDOR DA REGIÃO DE LONDRINA LTDA.";"RUA ERNANI LACERDA DE ATHAYDE, 170";-;"GLEBA PALHANO";"86055630";"LONDRINA";"PR";"Brasil";-;-;"https://www.credilonscm.com.br";"Autorizada em Atividade";
45341994;"CREDIMÓVEL SOCIEDADE DE CRÉDITO DIRETO S.A.";"RUA 94  N  831";"EDIFíCIO RIZZO PLAZA";"SETOR SUL";"74083060";"GOIANIA";"GO";"Brasil";-;-;-;"Autorizada em Atividade";
62109566;"CREDISAN COOPERATIVA DE CRÉDITO";"PCA GOV ARMANDO S OLIVEIRA  48";-;"CENTRO";"13870005";"SAO JOAO DA BOA VISTA";"SP";"Brasil";-;-;"https://www.credisan.com.br";"Autorizada em Atividade";
4632856;"CREDISIS - CENTRAL DE COOPERATIVAS DE CRÉDITO LTDA.";"AVENIDA MARECHAL RONDON  1673";"SALA B";"CENTRO";"76900121";"JI-PARANA";"RO";"Brasil";-;-;"https://www.credisis.com.br";"Autorizada em Atividade";
5439425;"CREDISIS CAPITALCREDI - COOPERATIVA DE CRÉDITO DE LIVRE ADMISSÃO DO ACRE LTDA";"AV  CEARA  3637";"TERREO";"7  BEC";"69918108";"RIO BRANCO";"AC";"Brasil";-;-;-;"Autorizada em Atividade";
83325811;"CREDISIS COOPERUFPA - COOPERATIVA DE ECONOMIA E CRÉDITO MÚTUO DOS SERVIDORES PÚBLICOS FEDERAIS E ESTADUAIS E DAS ENTIDADES DE ENSINO COM SEUS RESPECTIVOS FUNCIONÁRIOS NO ESTADO DO PARÁ";"AV  GENERALISSIMO DEODORO   514";-;"UMARIZAL";"66055240";"BELEM";"PA";"Brasil";-;-;-;"Autorizada em Atividade";
6975532;"CREDISIS COOPESA - COOPERATIVA DE ECONOMIA E CRÉDITO";"AVENIDA FERNANDO FERRARI, 1001";"PAV B1 BOX 2";"ANCHIETA";"90200041";"PORTO ALEGRE";"RS";"Brasil";-;-;"https://credisis.com.br/cooperativas/credisis-coopesa/";"Autorizada em Atividade";
3222753;"CREDISIS CREDIARI - COOPERATIVA DE CRÉDITO LTDA.";"RUA CALÇADÃO HEITOR VILLA LOBOS, N- 3613";-;"SETOR INSTITUCIONAL";"76872866";"ARIQUEMES";"RO";"Brasil";-;-;-;"Autorizada em Atividade";
5597773;"CREDISIS CREDIBRÁS COOPERATIVA DE CRÉDITO E INVESTIMENTO DE LIVRE ADMISSÃO DO OESTE DE RONDÔNIA";"AVENIDA 13 DE MAIO  2057";"SETOR 13";"CENTRO";"76958000";"NOVA BRASILANDIA D'OESTE";"RO";"Brasil";-;-;-;"Autorizada em Atividade";
2309070;"CREDISIS JICRED - COOPERATIVA DE CRÉDITO DE LIVRE ADMISSÃO JICRED";"RUA MARINGÁ, 825";"1- ANDA";"BAIRRO NOVA BRASÍLIA";"76908455";"JI-PARANA";"RO";"Brasil";-;-;"https://www.credisis.com.br";"Autorizada em Atividade";
4985665;"CREDISIS OESTE - COOPERATIVA DE CRÉDITO E INVESTIMENTO DO OESTE";"RUA SAO PAULO  2536";-;"CENTRO";"76974000";"ESPIGAO D'OESTE";"RO";"Brasil";-;-;-;"Autorizada em Atividade";
26563270;"CREDISIS PRIMACREDI COOPERATIVA DE CRÉDITO";"AVENIDA CUIABA  653";"EDIFICIO FLOR DO CERRADO";"PRIMAVERA I";"78850000";"PRIMAVERA DO LESTE";"MT";"Brasil";-;-;"https://www.primacredi.com.br";"Autorizada em Atividade";
3985375;"CREDISIS SUDOESTE/RO - COOPERATIVA DE CRÉDITO E INVESTIMENTO DO SUDOESTE DE RONDÔNIA";"RUA BARAO DE MELGACO N  4 799";-;"CENTRO";"76940000";"ROLIM DE MOURA";"RO";"Brasil";-;-;-;"Autorizada em Atividade";
7494300;"CREDISIS/CREDISUL COOPERATIVA DE CRÉDITO";"AV SETE SETEMBRO 590 SALA 03";-;"CENTRO";"99700000";"ERECHIM";"RS";"Brasil";-;-;-;"Autorizada em Atividade";
53480858;"CREDIT FINANCIER INVEST CORRETORA DE TÍTULOS E VALORES MOBILIÁRIOS LTDA.";"RUA HADDOCK LOBO, 684";"2- ANDAR";"CERQUEIRA CÉSAR";"01414000";"SAO PAULO";"SP";"Brasil";-;-;-;"Autorizada sem Atividade";
32997490;"CREDITAS SOCIEDADE DE CRÉDITO DIRETO S.A.";"AVENIDA DAS NACOES UNIDAS, 14261";"30- ANDAR, ALA B, ESPAÇO 02";"VILA GERTRUDES";"04794000";"SAO PAULO";"SP";"Brasil";-;-;-;"Autorizada em Atividade";
12599971;"CREDITÁ S/A CRÉDITO, FINANCIAMENTO E INVESTIMENTO";"AVENIDA CARLOS GOMES, 1672";"SALA 01 - 6. ANDAR";"TRES FIGUEIRAS";"90480002";"PORTO ALEGRE";"RS";"Brasil";-;-;"https://www.creditasa.com.br";"Autorizada em Atividade";
4608925;"CREDJUST - COOPERATIVA DE CRÉDITO MÚTUO DOS INTEGRANTES DA JUSTIÇA DO TRABALHO DA 13- REGIÃO LTDA.";"AV  ALMIRANTE BARROSO 600";"SALA 006 EDIFICIO VILLA EMPRESARIAL";"CENTRO";"58013120";"JOAO PESSOA";"PB";"Brasil";-;-;"https://www.credjust.hpg.ig.com.br   www.credjust.com.br";"Autorizada em Atividade";
38146949;"CREDNOVO SOCIEDADE DE EMPRÉSTIMO ENTRE PESSOAS S. A.";"RUA PORTO UNIÃO, 295";"ANDAR 18 - SETOR CREDNOVO";"BROOKLIN PAULISTA";"04568020";"SAO PAULO";"SP";"Brasil";-;-;"https://www.picpay.com.br";"Autorizada em Atividade";
48721937;"CREDPAR - SOCIEDADE DE CRÉDITO DIRETO S/A";"AVENIDA DO VINHEDO N- 71";"SALA 103B";"MORADA DA COLINA";"38411159";"UBERLANDIA";"MG";"Brasil";-;-;-;"Autorizada em Atividade";
4670195;"CREDSYSTEM INSTITUIÇÃO DE PAGAMENTO LTDA";"ALAMEDA RIO NEGRO 161";"3  ANDAR   SALAS 301 E 302";"ALPHAVILLE";"06454000";"BARUERI";"SP";"Brasil";-;-;-;"Autorizada em Atividade";
39664698;"CREDSYSTEM SOCIEDADE DE CRÉDITO DIRETO S.A.";"ALAMEDA RIO NEGRO 161";"3 ANDAR, SALA 304-B";"ALPHAVILLE";"06454000";"BARUERI";"SP";"Brasil";-;-;"https://www.credsystem.com.br/";"Autorizada em Atividade";
18188384;"CREFAZ SOCIEDADE DE CRÉDITO AO MICROEMPREENDEDOR E A EMPRESA DE PEQUENO PORTE S.A.";"AVENIDA DUQUE DE CAXIAS, 882";"BLOCO 02  ANDAR 03";"ZONA 7";"87020025";"MARINGA";"PR";"Brasil";-;-;-;"Autorizada em Atividade";
60779196;"CREFISA S.A.-CREDITO, FINANCIAMENTO E INVESTIMENTOS";"RUA CANADÁ, 387";-;"JARDIM AMÉRICA";"01436000";"SAO PAULO";"SP";"Brasil";-;-;"https://www.crefisa.com.br";"Autorizada em Atividade";
4831810;"CRESERV CREDISIS - COOPERATIVA DE ECONOMIA E CRÉDITO MÚTUO DOS SERVIDORES PÚBLICOS DE PINHÃO";"RUA  FRANCISCO DELLE  73";"SALA";"CENTRO";"85170000";"PINHAO";"PR";"Brasil";-;-;-;"Autorizada em Atividade";
28145589;"CRETOVALE - COOPERATIVA DE ECONOMIA E CRÉDITO MÚTUO DOS TRABALHADORES DA VALE";"AVENIDA DANTE MICHELLINE, 5.500,";-;"PONTA DE TUBARAO";"29090900";"VITORIA";"ES";"Brasil";-;-;"https://www.cretovale.coop.br";"Autorizada em Atividade";
31666182;"CRONOS INSTITUICAO DE PAGAMENTO LTDA";"AVENIDA PAULISTA, 171";"ANDAR 4 SALA 02";"BELA VISTA";"01311000";"SAO PAULO";"SP";"Brasil";-;-;-;-;
43561343;"CRYSTAL BMC - INSTITUICAO DE PAGAMENTO LTDA.";"ALAMEDA RIO PARDO  27";"SALA 7";"ALPHAVILLE";"06455005";"BARUERI";"SP";"Brasil";-;-;-;"Autorizada em Atividade";
5883884;"CSILATINA ARRENDAMENTO MERCANTIL S.A.";"ALAMEDA RIO NEGRO, 585, 7- ANDAR";"CONJ 71, SALAS A, B E C - EDIFÍCIO JAÇARI BLOCO A";"CENTRO INDUSTRIAL";"06454000";"BARUERI";"SP";"Brasil";-;-;"https://www.csileasing.com.br";"Autorizada em Atividade";
61559785;"CSU DIGITAL INSTITUICAO DE PAGAMENTO LTDA";"RUA PIAUÍ, 136 - BLOCO B - TÉRREO E 32- ANDAR";"CONJUNTO 1 - BAIRRO NOVA ALDEINHA";"NOVA ALDEINHA";"06440182";"BARUERI";"SP";"Brasil";-;-;-;"Autorizada sem Atividade";
1896779;"CSU DIGITAL S.A.";-;-;-;-;"SANTO ANDRE";"SP";"Brasil";-;-;-;"Em Digitação";
44353942;"CUMBUCA INSTITUIÇÃO DE PAGAMENTO LTDA.";"RUA DOS PINHEIROS, N 623, 10 ANDAR";"SALA 1005";"PINHEIROS";"05422011";"SAO PAULO";"SP";"Brasil";-;-;-;"Autorizada em Atividade";
50286774;"CV INVESTIMENTOS DISTRIBUIDORA DE TÍTULOS E VALORES MOBILIÁRIOS LTDA.";"AVENIDA BRIGADEIRO FARIA LIMA, 3477";"ANDAR 8 CONJUNTO 83 BLOCO TORRE A";"ITAIM BIBI";"04538133";"SAO PAULO";"SP";"Brasil";-;-;"https://cvpar.com.br/";"Autorizada em Atividade";
48529228;"DAPPER - SOCIEDADE DE CRÉDITO DIRETO S/A";"RUA XV DE NOVEMBRO  N  600";"3  ANDAR - SALA 305 - EDIFICIO VISCONDE DE MAUA";"CENTRO";"89010000";"BLUMENAU";"SC";"Brasil";-;-;-;"Autorizada em Atividade";
65645137;"DASCAM CORRETORA DE CÂMBIO LTDA.";"RUA LIBERO BADARO, 425";"29º ANDAR - CONJUNTOS E-292 E E-293";"CENTRO";"01009000";"SAO PAULO";"SP";"Brasil";-;-;"https://www.dascam.com.br";"Autorizada em Atividade";
47438068;"DATANOMIK BRASIL INSTITUICAO DE PAGAMENTO LTDA";"AVENIDA BRIGADEIRO FARIA LIMA, 1811,  CJ. 1119";-;"JD. PAULISTANO";"01452001";"SAO PAULO";"SP";"Brasil";-;-;-;"Autorizada em Atividade";
34846868;"DAUX SOCIEDADE DE CRÉDITO DIRETO S.A.";"AV. FLORIANO PEIXOTO 1777";"SALA 4";"CENTRO";"16400101";"LINS";"SP";"Brasil";-;-;"https://www.daux.net.br";"Autorizada em Atividade";
49241570;"DAYCOVAL CORRETORA DE TÍTULOS E VALORES MOBILIÁRIOS LTDA.";"AVENIDA PAULISTA, N- 1793";-;"BELA VISTA";"01311200";"SAO PAULO";"SP";"Brasil";-;-;-;"Autorizada em Atividade";
43818780;"DAYCOVAL LEASING - BANCO MÚLTIPLO S.A.";"AVENIDA PAULISTA, N-1842";"17- AND CONJ.175 - COND. CETENCO PLAZA TORRE NORTE";"BELA VISTA";"01310923";"SAO PAULO";"SP";"Brasil";-;-;"https://www.daycoval.com.br/para-empresa/creditos/leasing";"Autorizada em Atividade";
57731012;"DAYCOVAL LEASING SOCIEDADE DE ARRENDAMENTO MERCANTIL S.A.";"AVENIDA PAULISTA, 1.842";"CONJUNTO 175 - TORRE NORTE - 17- ANDAR";"BELA VISTA";"01310923";"SAO PAULO";"SP";"Brasil";-;-;-;"Autorizada em Atividade";
77162881;"DEBONI DISTRIBUIDORA DE TITULOS E VALORES MOBILIARIOS LTDA";"RUA MAL. DEODORO";"261 - LOJA 6 - GALERIA MINERVA";"CENTRO";"80020320";"CURITIBA";"PR";"Brasil";-;-;"https://www.debonicambio.com.br";"Autorizada em Atividade";
38224857;"DELCRED SOCIEDADE DE CRÉDITO DIRETO S.A.";"AVENIDA MÁRIO JORGE MENEZES VIEIRA, N- 3028";"SALA 301 ED. EMPRESARIAL NEXUS, 3- ANDAR";"COROA DO MEIO";"49035100";"ARACAJU";"SE";"Brasil";-;-;"https://delfinance.com.br/";"Autorizada em Atividade";
51982600;"DELEND INSTITUICAO DE PAGAMENTO LTDA";"ALAMEDA VICENTE PINZON, 54";"10° ANDAR, SALA 105, ANEXO 1";"VILA OLIMPIA";"04547130";"SAO PAULO";"SP";"Brasil";-;-;"https://www.delend.com.br";"Autorizada em Atividade";
55823094;"DELTA GLOBAL SOCIEDADE DE CRÉDITO DIRETO S.A.";"CARDOSO DE MELO";"1855  8° ANDAR";"VILA OLIMPIA";"04845903";"SAO PAULO";"SP";"Brasil";-;-;"https://www.deltaglobalbank.com.br";"Autorizada em Atividade";
15163587;"DESENBAHIA - AGENCIA DE FOMENTO DO ESTADO DA BAHIA S.A.";"RUA IVONNE SILVEIRA , Nº 213";"PARALELA";"NARANDIBA";"41192007";"SALVADOR";"BA";"Brasil";-;-;"https://www.desenbahia.ba.gov.br";"Autorizada em Atividade";
10663610;"DESENVOLVE SP - AGÊNCIA DE FOMENTO DO ESTADO DE SÃO PAULO S.A.";"RUA DA CONSOLACAO, 371";-;"CENTRO";"01301000";"SAO PAULO";"SP";"Brasil";-;-;"https://www.desenvolvesp.com.br";"Autorizada em Atividade";
5794450;"DESTAQUE ADMINISTRADORA DE CONSORCIOS LTDA";"RUA DR  PRUDENTE DE MORAES  974";"PISO 1";"VILA AMORIM";"08610005";"SUZANO";"SP";"Brasil";-;-;"https://www.grupodestaque.com.br";"Autorizada em Atividade";
62331228;"DEUTSCHE BANK S.A. - BANCO ALEMAO";"AVENIDA BRIGADEIRO FARIA LIMA  3900";"13 ANDAR";"ITAIM BIBI";"04538132";"SAO PAULO";"SP";"Brasil";-;-;"https://www.deutsche-bank.com.br";"Autorizada em Atividade";
23511655;"DEUTSCHE SPARKASSEN LEASING DO BRASIL BANCO MÚLTIPLO S.A.";"RUA LEOPOLDO COUTO MAGALHAES JR   N  110";"5  ANDAR";"ITAIM BIBI";"04542000";"SAO PAULO";"SP";"Brasil";-;-;-;"Autorizada em Atividade";
48584954;"DGBK CREDIT S.A. - SOCIEDADE DE CRÉDITO DIRETO.";"AVENIDA LUIS VIANA, N- 13223";"COND. HANGAR BUSINESS PARK, TORRE 01, SALA 521";"SÃO CRISTOVÃO";"41500300";"SALVADOR";"BA";"Brasil";-;-;-;"Autorizada em Atividade";
65654303;"DIBENS LEASING S.A. ARRENDAMENTO MERCANTIL";"PRAÇA ALFREDO EGYDIO DE SOUZA ARANHA, 100";"TORRE OLAVO SETUBAL, 7- ANDAR, PARTE";"PARQUE JABAQUARA";"04344902";"SAO PAULO";"SP";"Brasil";-;-;"https://www.itau.com.br";"Autorizada em Atividade";
33851064;"DILLON S/A DISTRIBUIDORA DE TITULOS E VALORES MOBILIARIOS";"RUA DA ASSEMBLEIA  Nº 35";"13º ANDAR";"CENTRO";"20011001";"RIO DE JANEIRO";"RJ";"Brasil";-;-;"https://www.dillon.com.br";"Autorizada em Atividade";
58158387;"DIREÇÃO S.A. - SOCIEDADE DE CRÉDITO, FINANCIAMENTO E INVESTIMENTO";"PRACA DA REPUBLICA, 62 - 4 ANDAR - CJ 41 E 43";-;"CENTRO";"11013000";"SANTOS";"SP";"Brasil";-;-;-;"Autorizada em Atividade";
59395061;"DISAL ADMINISTRADORA DE CONSÓRCIOS LTDA";"AV JOSE MARIA WHITAKER 990";-;"PLANALTO PAULISTA";"04057000";"SAO PAULO";"SP";"Brasil";-;-;"https://www.disalconsorcio.com.br";"Autorizada em Atividade";
58526733;"DIVI SOCIEDADE DE CREDITO DIRETO S.A.";"AVENIDA BRIGADEIRO FARIA LIMA, N° 1.912";"SALA 8B";"PINHEIROS";"01451000";"SAO PAULO";"SP";"Brasil";-;-;-;"Autorizada em Atividade";
39929224;"DIZCONTA SERVICOS FINANCEIROS LTDA";"RUA DOUTOR SAMPAIO MARQUES  25";"SALA 902";"PAJUÇARA";"57030107";"BARUERI";"SP";"Brasil";-;-;"https://www.minhakonta.com.br";-;
25021356;"DLOCAL BRASIL INSTITUIÇÃO DE PAGAMENTO S.A.";"AVENIDA PAULISTA, 1912";"CONJUNTO 102";"BELA VISTA";"01310200";"SAO PAULO";"SP";"Brasil";-;-;"https://dlocal.com/";"Autorizada em Atividade";
16581207;"DM INSTITUICAO DE PAGAMENTO S.A.";"AVENIDA CASSIANO RICARDO, 521";"BLOCO B 3 ANDAR - SALA 02";"PQ RES JD AQUARIUS";"12246870";"SAO JOSE DOS CAMPOS";"SP";"Brasil";-;-;"https://www.vocedm.com.br";"Autorizada em Atividade";
37555231;"DM SOCIEDADE DE CRÉDITO DIRETO S.A.";"AVENIDA CASSIANO RICARDO, 521";"TORRE B - 3 ANDAR - SALA 07";"PQ RES. AQUARIUS";"12246870";"SAO JOSE DOS CAMPOS";"SP";"Brasil";-;-;"https://www.dmcard.com.br";"Autorizada em Atividade";
91669747;"DM SOCIEDADE DE CRÉDITO, FINANCIAMENTO E INVESTIMENTO S.A";"AVENIDA CASSIANO RICARDO";"BLOCO 2 - 3- ANDAR SALA 09";"PQ RESID AQUARIUS";"12246870";"SAO JOSE DOS CAMPOS";"SP";"Brasil";-;-;"https://vocedmfinanceira.com.br/";"Autorizada em Atividade";
13370835;"DOCK INSTITUIÇÃO DE PAGAMENTO S.A.";"AVENIDA TAMBORÉ, N- 267";"27- ANDAR, SALA 2, CONJUNTO 271-A";"ALPHAVILLE";"06460000";"BARUERI";"SP";"Brasil";-;-;"https://dock.tech";"Autorizada em Atividade";
76641497;"DOURADA CORRETORA DE CÂMBIO LTDA.";"ALAMEDA DOUTOR CARLOS DE CARVALHO, 555 - CJ. 102";"10 ANDAR";"CENTRO";"80430180";"CURITIBA";"PR";"Brasil";-;-;"https://www.dourada.com.br";"Autorizada em Atividade";
35479592;"DUFRIO FINANCEIRA, CRÉDITO, FINANCIAMENTO E INVESTIMENTOS S.A.";"RUA VOLUNTÁRIOS DA PÁTRIA, 3303";"SALA 003";"FLORESTA";"90230011";"PORTO ALEGRE";"RS";"Brasil";-;-;-;"Autorizada em Atividade";
56030613;"E.SIGA SOCIEDADE DE CRÉDITO DIRETO S.A.";"RODOVIA CONTORNO LESTE BR116, KM 99, N- 8.171";-;"COSTEIRA";"83015162";"SAO JOSE DOS PINHAIS";"PR";"Brasil";-;-;-;"Autorizada em Atividade";
18639407;"E2E PAY INSTITUICAO DE PAGAMENTOS LTDA";"AV. CARLOS GOMES, 403";"SALA 907";"MONT SERRAT";"90450017";"PORTO ALEGRE";"RS";"Brasil";-;-;-;-;
11414839;"EAGLE INSTITUICAO DE PAGAMENTO LTDA.";"RUA FURRIEL LUIZ ANTÔNIO DE VARGAS, 250";"SALA 1403";"BELA VISTA";"90470130";"PORTO ALEGRE";"RS";"Brasil";-;-;"https://www.grupo-eagle.com/";"Autorizada em Atividade";
45745537;"EAGLE SOCIEDADE DE CRÉDITO DIRETO S.A.";"RUA FURRIEL LUIZ ANTONIO DE VARGAS  250";"14  ANDAR  SALA A";"BELA VISTA";"90470130";"PORTO ALEGRE";"RS";"Brasil";-;-;"https://www.eaglescd.com.br";"Autorizada em Atividade";
56606230;"EASY MONEY SOCIEDADE DE CRÉDITO DIRETO S.A.";"RUA MARQUÊS DO HERVAL, 1237";-;"CENTRO";"93010200";"SAO LEOPOLDO";"RS";"Brasil";-;-;"https://www.easymoney.net.br/";"Autorizada em Atividade";
22181404;"EASY PAGO INSTITUICAO DE PAGAMENTOS LTDA";"RUA MARECHAL CANDIDO RONDON 1728";-;-;"85801170";"SALVADOR";"BA";"Brasil";-;-;-;-;
60057265;"EASYCREDITO SOCIEDADE DE CREDITO DIRETO S.A.";"AVENIDA CIDADE JARDIM, 400";"20 ANDAR , CONJUNTO 206";"JARDIM PAULISTANO";"01454901";"SAO PAULO";"SP";"Brasil";-;-;-;"Autorizada em Atividade";
89784367;"EBADIVAL - E. BAGGIO DISTRIBUIDORA DE TÍTULOS E VALORES MOBILIÁRIOS LTDA.";"RUA EDUARDO SPRADA, 4150";-;"CAMPO COMPRIDO";"81270010";"CURITIBA";"PR";"Brasil";-;-;"https://www.ebadival.com.br";"Autorizada em Atividade";
21018182;"EBANX INSTITUICAO DE PAGAMENTOS LTDA.";"RUA MARECHAL DEODORO  630";"CONJ. 5 A COND. CENTRO COMERCIAL ITÁLIA";"CENTRO";"80010010";"CURITIBA";"PR";"Brasil";-;-;"https://www.ebanx.com/pt-br/";"Autorizada em Atividade";
13059145;"EBURY BANCO DE CÂMBIO S.A.";"RUA GILBERTO SABINO 215";"CJS 71 E 72";"PINHEIROS";"05425020";"SAO PAULO";"SP";"Brasil";-;-;"https://br.ebury.com";"Autorizada em Atividade";
17441197;"ECONOMISA COMPANHIA HIPOTECÁRIA.";"R. DA BAHIA, 1004 - 12. ANDAR";-;"CENTRO";"30160011";"BELO HORIZONTE";"MG";"Brasil";-;-;"https://www.economisa.com.br";"Autorizada em Atividade";
18587586;"EDENRED SOLUCOES DE MOBILIDADE E INSTITUICAO DE PAGAMENTO HU S.A.";"RUA MACHADO DE ASSIS, 50";"PRÉDIO 2, SALA 201";"SANTA LUCIA";"93700000";"CAMPO BOM";"RS";"Brasil";-;-;-;"Autorizada em Atividade";
59158642;"EDENRED SOLUCOES E INSTITUICAO DE PAGAMENTO AHA S.A.";"AL. TOCANTINS, 350";"15 ANDAR - CONJUNTO 1504";"ALPHAVILLEINDUSTRIAL";"06455020";"BARUERI";"SP";"Brasil";-;-;"https://www.edenredpay.com.br/";"Autorizada em Atividade";
32820711;"EFEX INSTITUIÇÃO DE PAGAMENTO S.A.";"RUA CLAUDIO SOARES, 72";"CONJUNTO 505";"PINHEIROS";"05422030";"SAO PAULO";"SP";"Brasil";-;-;"https://efex.finance/";"Autorizada em Atividade";
9089356;"EFÍ S.A. - INSTITUIÇÃO DE PAGAMENTO";"AVENIDA PRESIDENTE JUSCELINO KUBITSCHECK  N  31";"CONJUNTO A  2  E 3  PAVIMENTOS";"BAUXITA";"35402179";"OURO PRETO";"MG";"Brasil";-;-;"https://www.sejaefi.com.br/";"Autorizada em Atividade";
94968518;"EFX CORRETORA DE CÂMBIO LTDA.";"AV. SÃO LUIZ, 192";"SOBRE LOJA - CONJUNTO 25";"CENTRO";"01046913";"SAO PAULO";"SP";"Brasil";-;-;"https://www.efxcambio.com.br";"Autorizada em Atividade";
8570707;"ELDORADO ADMINISTRADORA DE CONSORCIO LTDA";"AV. PRUDENTE DE MORAIS, 1610";-;"TIROL";"59020510";"NATAL";"RN";"Brasil";-;-;-;"Autorizada em Atividade";
58113812;"EMBRACON ADMINISTRADORA DE CONSÓRCIO S/A";"ALAMEDA EUROPA  150";-;"TAMBORE";"06543325";"SANTANA DE PARNAIBA";"SP";"Brasil";-;-;"https://www.embracon.com.br/clientes?bacen=true";"Autorizada em Atividade";
34139916;"EMCASH SERVIÇOS FINANCEIROS SOCIEDADE DE EMPRÉSTIMO ENTRE PESSOAS S.A.";"R. RIO DE JANEIRO, N 1214";"SALA 6";"CENTRO";"30160911";"BELO HORIZONTE";"MG";"Brasil";-;-;"https://www.emcash.com.br";"Autorizada em Atividade";
33449007;"EMPRESA BRASILEIRA DE BENEFICIOS E PAGAMENTOS INSTITUICAO DE PAGAMENTO LTDA";"ALAMEDA SANTOS, N. 2.477";"10- ANDAR";"JARDIM PAULISTA";"01419907";"SAO PAULO";"SP";"Brasil";-;-;"https://www.caju.com.br/";"Autorizada em Atividade";
35990763;"ENOQ CAPITAL INSTITUICAO DE PAGAMENTOS S.A.";"RUA PASCHOAL BARDARO, 1075";-;"JARDIM SAO LUIZ";"14021655";"RIBEIRAO PRETO";"SP";"Brasil";-;-;"https://enoqpay.com";-;
47965438;"EQI INVESTIMENTOS CORRETORA DE TÍTULOS E VALORES MOBILIÁRIOS S.A.";"AVENIDA BRIGADEIRO FARIA LIMA, N- 3600";"10- ANDAR";"ITAIM BIBI";"04538132";"SAO PAULO";"SP";"Brasil";-;-;-;"Autorizada em Atividade";
33641877;"EQUIS BANK INSTITUICAO DE PAGAMENTO LTDA";"AVENIDA PEDROSO DE MORAIS";"N- 457, ANDAR 14";"PINHEIROS";"05419000";"SAO PAULO";"SP";"Brasil";-;-;-;-;
59855096;"EURO17 SOCIEDADE DE CRÉDITO DIRETO S.A.";"AVENIDA BRIGADEIRO FARIA LIMA, 1993";"3° ANDAR";"JARDIM PAULISTANO";"01452001";"SAO PAULO";"SP";"Brasil";-;-;"https://grupoeuro17.com.br/";"Autorizada em Atividade";
34190991;"EUROINVEST S.A. CORRETORA DE CÂMBIO, TÍTULOS E VALORES MOBILIÁRIOS";"AVENIDA DAS AMÉRICAS, 700";"BLOCO 01 SALA 213";"BARRA DA TIJUCA";"22640100";"RIO DE JANEIRO";"RJ";"Brasil";-;-;-;"Autorizada em Atividade";
40513064;"EUTBEM ADMINISTRADORA DE CONSÓRCIO S.A.";"RUA RIBEIRO DO VALE 152";"CONJUNTO 191";"CIDADE MONÇÕES";"04568000";"SAO PAULO";"SP";"Brasil";-;-;"https://www.eutbem.com.br";"Autorizada em Atividade";
42735881;"EVOY ADMINISTRADORA DE CONSORCIO LTDA.";"AV  VEREADOR NARCISO YAGUE GUIMARAES  N  1145";"SALAS 402 E 404 HELBOR CONCEPT CORPORATE";"CENTRO CIVICO";"08780000";"MOGI DAS CRUZES";"SP";"Brasil";-;-;"https://evoyconsorcios.com.br/";"Autorizada em Atividade";
714671;"EWALLY INSTITUIÇÃO DE PAGAMENTO S.A.";"RUA DA CONSOLAÇÃO, 2032";"4- ANDAR - CONJUNTO 42 - SALA 118";"CONSOLAÇÃO";"01302001";"SAO PAULO";"SP";"Brasil";-;-;"https://www.ewally.com.br";"Autorizada em Atividade";
19086249;"EXECUTIVE SOCIEDADE CORRETORA DE CÂMBIO LTDA.";"RUA BENTO GONÇALVES, 2800";"SALAS 201 E 202";"CENTRO";"93510138";"NOVO HAMBURGO";"RS";"Brasil";-;-;"https://www.executivecambio.com.br";"Autorizada em Atividade";
73302408;"EXIM CORRETORA DE CAMBIO LTDA";"RUA SIQUEIRA CAMPOS 1184, CONJ. 301";-;"CENTRO";"90010001";"PORTO ALEGRE";"RS";"Brasil";-;-;"https://www.exim.com.br";"Autorizada em Atividade";
32906701;"EXPAG SOLUCOES EM PAGAMENTOS E REPRESENTACAO COMERCIAL LTDA";"ALAMEDA RIO NEGRO";"1030, SALA 206";"APLPHAVILLE";"64540000";"BARUERI";"SP";"Brasil";-;-;"https://expag.com.br/";-;
36000836;"EXTRATTA INSTITUICAO DE PAGAMENTO LTDA";"RUA GETÚLIO VARGAS 400";"SALA 601";"CENTRO";"89700017";"CONCORDIA";"SC";"Brasil";-;-;-;"Autorizada sem Atividade";
38653626;"F & F INSTITUICAO DE PAGAMENTO S. A.";"RUA LAGUNA, 157";"SALA 101";"FAZENDA";"88301460";"ITAJAI";"SC";"Brasil";-;-;"https://www.ffcred.com";"Autorizada em Atividade";
8673569;"F.D'GOLD - DISTRIBUIDORA DE TÍTULOS E VALORES MOBILIÁRIOS LTDA.";"AV. PAULISTA, Nº 1159";"13º ANDAR - CJ. 1304";"BELA VISTA";"01311200";"SAO PAULO";"SP";"Brasil";-;-;-;"Autorizada em Atividade";
39321657;"FACEBOOK INSTITUIÇÃO DE PAGAMENTO DO BRASIL LTDA.";"AV. BRIGADEIRO FARIA LIMA, 3732";"8 ANDAR, ALA NORTE";-;"04538132";"SAO PAULO";"SP";"Brasil";-;-;-;"Autorizada em Atividade";
10789035;"FACILITA INSTITUICAO DE PAGAMENTO S/A";"RUA SENADOR MILTON CAMPOS N35";"14 ANDAR";"VILA DA SERRA";"34006050";"NOVA LIMA";"MG";"Brasil";-;-;"https://facilitapay.com";"Autorizada em Atividade";
15581638;"FACTA FINANCEIRA S.A. - CRÉDITO FINANCIAMENTO E INVESTIMENTO";"RUA DOS ANDRADAS, 1409";"SALAS 701 E 702";"CENTRO";"90020022";"PORTO ALEGRE";"RS";"Brasil";-;-;"https://www.factafinanceira.com.br";"Autorizada em Atividade";
32648370;"FAIR CORRETORA DE CAMBIO S.A.";"RUA VERGUEIRO, 1753/1759";"6º, 7º 9º ANDARES";"VILA MARIANA";"04101000";"SAO PAULO";"SP";"Brasil";-;-;"https://www.fairccv.com.br";"Autorizada em Atividade";
53146221;"FAMÍLIA PAULISTA COMPANHIA HIPOTECÁRIA";"RUA JOAO PESSOA, 61";-;"CENTRO";"11013903";"SANTOS";"SP";"Brasil";-;-;-;"Autorizada em Atividade";
11747606;"FANCAR ADMINISTRADORA DE CONSÓRCIO LTDA.";"AVENIDA MONTEIRO LOBATO, 600";"SEDE/ADMINISTRAÇÃO";"JARDIM CARVALHO";"84015480";"PONTA GROSSA";"PR";"Brasil";-;-;"https://www.consorciofancar.com.br";"Autorizada em Atividade";
35911258;"FARMTECH SOCIEDADE DE CRÉDITO DIRETO S.A.";"AV. BRIGADEIRO FARIA LIMA";"CJS 91 E 94";"ITAIM BIBI";"4538133";"SAO PAULO";"SP";"Brasil";-;-;"https://farmtech.com.br/farmtech-scd";"Autorizada em Atividade";
91107581;"FARROUPILHA ADMINISTRADORA DE CONSÓRCIOS LTDA.";"RST 453,  KM 121, N- 650";"5° ANDAR";"SANTA CATARINA";"95180000";"FARROUPILHA";"RS";"Brasil";-;-;"https://www.consorciocolombo.com.br";"Autorizada em Atividade";
5669150;"FATORI SOCIEDADE DE CRÉDITO AO MICROEMPREENDEDOR E À EMPRESA DE PEQUENO PORTE LTDA.";"RUA EXPEDICIONÁRIO HOLZ";"SALA 1805";"AMÉRICA";"89201740";"JOINVILLE";"SC";"Brasil";-;-;-;"Autorizada em Atividade";
58859402;"FATURACRED SOCIEDADE DE CRÉDITO DIRETO S.A.";"RUA CONSTRUTOR SEBASTIÃO SOARES DE SOUZA";"EDIFÍCIO INFINITY CENTER, SALA 1208";"PRAIA DA COSTA";"29101350";"VILA VELHA";"ES";"Brasil";-;-;"https://www.faturacred.com.br";"Autorizada em Atividade";
44663846;"FEATBANK INSTITUICAO DE PAGAMENTO LTDA";"AV HENRIQUE SCHAUMANN, 270";"13 ANDAR";-;"05413909";"SAO PAULO";"SP";"Brasil";-;-;"https://featbank.com.br/";"Autorizada em Atividade";
33350620;"FEDERACAO NAC. DE ASSOCIACOES DOS SERVIDORES DO BCO CENTRAL";"SBS-QRA 2-LT.19-BL.A-SL.701/708-ED.CASA DE S.PAULO";-;"ASA SUL";"70078900";"BRASILIA";"DF";"Brasil";-;-;"https://www.fenasbac.com.br";"Autorizada em Atividade";
600262;"FERRAZ ADMINISTRADORA DE CONSORCIOS LTDA";"SCR/SUL QUADRA 516 BLOCO C LOJA 75";"ASA SUL";"ASA SUL";"70381535";"BRASILIA";"DF";"Brasil";-;-;"https://www.ferraz.com.br";"Autorizada em Atividade";
62534158;"FF ADMINISTRADORA DE CONSÓRCIO LTDA";"AV SETE DE SETEMBRO, 483";"SALA 05 J";"CENTRO";"99700084";"ERECHIM";"RS";"Brasil";-;-;"https://www.ffconsorcios.com.br";"Autorizada em Atividade";
39738065;"FFCRED SOCIEDADE DE CRÉDITO DIRETO S.A..";"AV. SETE DE SETEMBRO, N- 483";"SALA 05D";"CENTRO";"99700084";"ERECHIM";"RS";"Brasil";-;-;"https://www.ffcredscd.com.br";"Autorizada em Atividade";
37678915;"FIDD DISTRIBUIDORA DE TÍTULOS E VALORES MOBILIÁRIOS LTDA.";"RUA CARDEAL ARCOVERDE, 2450";"4. ANDAR - CJ. 401 PARTE";"PINHEIROS";"05408003";"SAO PAULO";"SP";"Brasil";-;-;"https://www.fiddgroup.com";"Autorizada em Atividade";
45716916;"FIDEM SOCIEDADE DE CRÉDITO DIRETO S/A";"AVENIDA NOSSA SENHORA MEDIANEIRA, N- 1.650";"LOJA";"CENTRO";"97060002";"SANTA MARIA";"RS";"Brasil";-;-;"https://www.fidemcred.com.br";"Autorizada em Atividade";
40819834;"FIDO SOCIEDADE DE EMPRÉSTIMO ENTRE PESSOAS S.A.";"SGAN 601, EDIFÍCIO ION,";"SALA 57";"ASA NORTE";"70830010";"BRASILIA";"DF";"Brasil";-;-;"https://fido.com.vc/";"Autorizada em Atividade";
10280601;"FIDUCIAL DISTRIBUIDORA DE TÍTULOS E VALORES MOBILIÁRIOS LTDA.";"RUA ESPÍRITO SANTO";"N- 616 - 8- ANDAR";"CENTRO";"30160920";"BELO HORIZONTE";"MG";"Brasil";-;-;"https://www.fiducial.com.br";"Autorizada em Atividade";
4307598;"FIDÚCIA SOCIEDADE DE CRÉDITO AO MICROEMPREENDEDOR E À EMPRESA DE PEQUENO PORTE LIMITADA.";"RUA PAULO ANTÓNIO DO NASCIMENTO";"EDIFÍCIO PLANETA MASTER OFFICE, SALA 57";"JARDIM PORTAL DA COL";"18047400";"SOROCABA";"SP";"Brasil";-;-;"https://fiduciascm.com.br";"Autorizada em Atividade";
6940240;"FIEL PADUA ADMINISTRADORA DE CONSORCIOS LTDA";"AVENIDA FLORISMUNDO DECNOP, 438";"SALA 05";"TAVARES";"28470000";"SANTO ANTONIO DE PADUA";"RJ";"Brasil";-;-;-;"Autorizada em Atividade";
45725975;"FINAMA ADMINISTRADORA DE CONSORCIO LTDA";"RUA LUIZ VAZ DE CAMOES  2959";-;"REDENTORA";"15015750";"SAO JOSE DO RIO PRETO";"SP";"Brasil";-;-;"https://www.consorciofinama.com.br";"Autorizada em Atividade";
411939;"FINAMAX S.A. - CREDITO, FINANCIAMENTO E INVESTIMENTO";"RUA RANGEL PESTANA, 681";-;"CENTRO";"13201000";"JUNDIAI";"SP";"Brasil";-;-;"https://www.finamax.com.br";"Autorizada em Atividade";
17167412;"FINANCEIRA ALFA S.A. - CRÉDITO, FINANCIAMENTO E INVESTIMENTOS";"AVENIDA PAULISTA, 2.150";"17 ANDAR";"BELA VISTA";"01310300";"SAO PAULO";"SP";"Brasil";-;-;"https://www.safra.com.br/chat-ouvidoria.htm";"Autorizada em Atividade";
6881898;"FINANCEIRA ITAÚ CBD S.A. CRÉDITO, FINANCIAMENTO E INVESTIMENTO";"AV. DR. HUGO BEOLCHI, 788";-;"VILA GUARANI";"04310030";"SAO PAULO";"SP";"Brasil";-;-;"https://www.itau.com.br";"Autorizada em Atividade";
27348513;"FINANCRED - SOCIEDADE DE CRÉDITO AO MICROEMPREENDEDOR E A EMPRESA DE PEQUENO PORTE LTDA.";"AVENIDA AFONSO PENA, 3504";"SALA 78 - 7- ANDAR - ED. EMPIRE CENTER";"CENTRO";"79002948";"CAMPO GRANDE";"MS";"Brasil";-;-;-;"Autorizada em Atividade";
3317692;"FINAXIS CORRETORA DE TÍTULOS E VALORES MOBILIÁRIOS S.A.";"AV PAULISTA, 1.842";"1 ANDAR, CJ 17";"BELA VISTA";"01310923";"SAO PAULO";"SP";"Brasil";-;-;"https://corretora.finaxis.com.br/";"Autorizada em Atividade";
48703302;"FINAZO SOCIEDADE DE CRÉDITO DIRETO S.A.";"RODOVIA FRANCISCO MAGNO VIEIRA";"SALA 210 - TORRE SOL";"CAMPECHE";"88065000";"FLORIANOPOLIS";"SC";"Brasil";-;-;"https://www.finazo.com.br";"Autorizada em Atividade";
44564204;"FINLEV SOCIEDADE DE CRÉDITO DIRETO S.A.";"AVENIDA ALMIRANTE BARROSO, 700";"SALA 204";"MARCO";"66093031";"BELEM";"PA";"Brasil";-;-;-;"Autorizada em Atividade";
5607266;"FINNET S/A - TECNOLOGIA E INSTITUICAO DE PAGAMENTO";"RUA PAMPLONA, N- 145";"1- ANDAR";"JARDIM PAULISTA";"01405100";"SAO PAULO";"SP";"Brasil";-;-;"https://www.finnet.com.br";"Autorizada em Atividade";
18810553;"FINSOL SOCIEDADE DE CRÉDITO AO MICROEMPREENDEDOR E À EMPRESA DE PEQUENO PORTE S.A.";"AV. GOVERNADOR AGAMENON MAGALHÃES, 4775";"SALA 0809, EDF EMPRESARIAL THOMAS EDSON";"ILHA DO LEITE";"50070425";"RECIFE";"PE";"Brasil";-;-;"https://rebrand.ly/whatsappouvidoriaomni";"Autorizada em Atividade";
36266751;"FINVEST DISTRIBUIDORA DE TÍTULOS E VALORES MOBILIÁRIOS LTDA.";"RUA SAMUEL MORSE, N- 134,";"4- ANDAR";"CIDADE MONÇÕES";"04576060";"SAO PAULO";"SP";"Brasil";-;-;"https://www.finvestdtvm.com.br";"Autorizada em Atividade";
78688462;"FIPAL ADMINISTRADORA DE CONSÓRCIOS LTDA";"RUA RIO DE JANEIRO, 1101";"SALAS COMERCIAIS 01 E 02";"CENTRO";"85801030";"CASCAVEL";"PR";"Brasil";-;-;"https://www.consorciofipal.com.br";"Autorizada em Atividade";
62198637;"FIRST SOCIEDADE DE CRÉDITO DIRETO S.A.";"AVENIDA BRASIL, N- 20384";"LOTE 2 PA 43984 ANT. 4 PA 33873";"COELHO NETO";"21515000";"RIO DE JANEIRO";"RJ";"Brasil";-;-;-;"Autorizada em Atividade";
4962772;"FISERV DO BRASIL  INSTITUIÇÃO DE PAGAMENTO LTDA";"AVENIDA DAS NAÇÕES UNIDAS, 14171.";"TORRE MARBLE - 9. ANDAR";"BROOKLIN NOVO";"04794000";"SAO PAULO";"SP";"Brasil";-;-;-;"Autorizada em Atividade";
50053267;"FISERV SOCIEDADE DE CRÉDITO DIRETO S.A.";"NA AVENIDA DAS NAÇÕES UNIDAS, N- 14.171";"MARBLE TOWER, 9- ANDAR, CONJUNTOS 901 E 904";-;"04794000";"SAO PAULO";"SP";"Brasil";-;-;-;"Autorizada em Atividade";
13203354;"FITS INSTITUIÇÃO DE PAGAMENTO S.A.";"AV  CIDADE JARDIM  400";"20  ANDAR CJ 206";"JARDIM PAULISTANO";"01454901";"SAO PAULO";"SP";"Brasil";-;-;"https://www.fitbank.com.br";"Autorizada em Atividade";
23114447;"FLAGSHIP INSTITUICAO DE PAGAMENTO LTDA";"AVENIDA REBOUÇAS, 2.728";"ANDAR 3 CONJ 32";"PINHEIROS";"05402500";"SAO PAULO";"SP";"Brasil";-;-;"https://ipflagship.com.br/";"Autorizada em Atividade";
32223020;"FLASH TECNOLOGIA E  INSTITUICAO DE PAGAMENTO LTDA";"RUA EUGÊNIO DE MEDEIROS, N- 242";"CONJUNTO 41, 4- ANDAR";"PINHEIROS";"05425900";"SAO PAULO";"SP";"Brasil";-;-;"https://flashapp.com.br/";"Autorizada em Atividade";
15320615;"FLUX-IT CONSULTORIA E SERVICOS DE INFORMATICA LTDA";"RUA JOSE VERSOLATO 111";"SALA 2522 BLOCO B COND DOMO BUSINESS";"CENTRO";"09750730";"SAO BERNARDO DO CAMPO";"SP";"Brasil";-;-;-;-;
33890605;"FONTECRED - SOCIEDADE DE CRÉDITO DIRETO S/A";"AVENIDA GETÚLIO VARGAS, 829";"LOJA 3";"CENTRO";"35590032";"LAGOA DA PRATA";"MG";"Brasil";-;-;"https://www.fontecred.com.br";"Autorizada em Atividade";
39993186;"FORIS GFS BR INSTITUICAO DE PAGAMENTO LTDA";"RUA FUNCHAL, N- 418";"SALA 3420";"VILA OLIMPIA";"04551060";"SAO PAULO";"SP";"Brasil";-;-;"https://crypto.com/br";"Autorizada em Atividade";
40353377;"FOURTRADE CORRETORA DE CÂMBIO LTDA.";"RUA CANDELARIA, 79";"GRUPO 901 E 902";"CENTRO";"20091020";"RIO DE JANEIRO";"RJ";"Brasil";-;-;"https://www.fourtrade.com.br";"Autorizada em Atividade";
44479061;"FRA-FREIRE ADMINISTRADORA DE CONSÓRCIOS LTDA.";"AVENIDA RIO BRANCO 908";-;"ALTO CAFEZAL";"17502000";"MARILIA";"SP";"Brasil";-;-;"https://www.frafreire.com.br";"Autorizada em Atividade";
4751943;"FRANCAUTO ADMINISTRADORA DE CONSÓRCIO LTDA.";"AV. SEVERINO TOSTES MEIRELES, 1660";-;"ESTACAO";"14406004";"FRANCA";"SP";"Brasil";-;-;"https://www.francautoconsorcio.com.br";"Autorizada em Atividade";
55428859;"FREEX SOCIEDADE CORRETORA DE CÂMBIO S.A.";"ALAMEDA SANTOS, 234";"CONJUNTOS 501, 502 E 506";"CERQUEIRA CESAR";"01418000";"SAO PAULO";"SP";"Brasil";-;-;"https://www.freexcambio.com.br";"Autorizada em Atividade";
71677850;"FRENTE SOCIEDADE CORRETORA DE CÂMBIO S.A.";"AVENIDA ENGENHEIRO LUIZ CARLOS BERRINI N- 105";"25 ANDAR TORRE 4 SETOR C ESCRITÓRIO TIPO XV N- 251";"CIDADE MONÇÕES";"04571900";"SAO PAULO";"SP";"Brasil";-;-;-;"Autorizada em Atividade";
42926025;"FRIDAY INSTITUIÇÃO DE PAGAMENTOS LTDA.";"AV. BARÃO DE TEFÉ, N- 27";"12- ANDAR";"SAÚDE";"20220460";"RIO DE JANEIRO";"RJ";"Brasil";-;-;"https://www.friday-ip.com.br/";"Autorizada em Atividade";
643742;"FUNDACAO HABITACIONAL DO EXERCITO - FHE";"AVENIDA DUQUE DE CAXIAS";-;"SETOR MILITAR URBANO";"70630902";"BRASILIA";"DF";"Brasil";-;-;"https://www.fhe.org.br";"Autorizada em Atividade";
51212088;"G5 SOCIEDADE DE CRÉDITO DIRETO S.A.";"RUA HILARIO VIEIRA 9";-;"CENTRO";"88103235";"SAO JOSE";"SC";"Brasil";-;-;-;"Autorizada em Atividade";
28650236;"GALAPAGOS CAPITAL DISTRIBUIDORA DE TÍTULOS E VALORES MOBILIÁRIOS S.A.";"AV. REBOUÇAS, 3507";"1- - ANDAR - PARTE";"PINHEIROS";"05401400";"SAO PAULO";"SP";"Brasil";-;-;-;"Autorizada em Atividade";
30765018;"GALAX PAY INSTITUIÇÃO DE PAGAMENTO S.A.";"RUA TIROS N. 35";"4° ANDAR";"CALAFATE";"30411325";"BELO HORIZONTE";"MG";"Brasil";-;-;"https://www.galaxpay.com.br/";"Autorizada em Atividade";
51604356;"GALLERIA - SOCIEDADE DE CRÉDITO DIRETO S/A";"AVENIDA GISELE CONSTANTINO, 1850";"SALA 1207";"PARQUE BELA VISTA";"18110650";"VOTORANTIM";"SP";"Brasil";-;-;-;"Autorizada em Atividade";
82942400;"GAMBATTO ADMINISTRADORA DE CONSORCIOS LTDA.";"RUA FERNANDO MACHADO, 3345 - D";-;"BELA VISTA";"89804000";"CHAPECO";"SC";"Brasil";-;-;"https://www.gambatto.com.br";"Autorizada em Atividade";
45700892;"GAP ADMINISTRADORA DE CONSÓRCIO LTDA.";"AV ANTONIO GAZZOLA, 1001";"12- ANDAR SALA 1";"JARDIM CORAZZA";"13301916";"ITU";"SP";"Brasil";-;-;-;"Autorizada em Atividade";
47820097;"GAPLAN ADMINISTRADORA DE CONSÓRCIO LTDA.";"AVENIDA ANTONIO GAZZOLA, 1001";"11- ANDAR";"JARDIM NOVO ITU";"13301916";"ITU";"SP";"Brasil";-;-;"https://www.gaplan.com.br";"Autorizada em Atividade";
11760553;"GAZINCRED S.A. SOCIEDADE DE CRÉDITO, FINANCIAMENTO E INVESTIMENTO";"RODOVIA PR 82, KM 01, S/N";"PRÓXIMO A LOJA GAZIN";"CENTRO";"87485000";"DOURADINA";"PR";"Brasil";-;-;"https://www.gazinbank.com.br";"Autorizada em Atividade";
10749264;"GDC PARTNERS SERVIÇOS FIDUCIÁRIOS DISTRIBUIDORA DE TÍTULOS E VALORES MOBILIÁRIOS LTDA.";"AVENIDA AYRTON SENNA, Nº 3000";"PARTE 3, BLOCO ITANHANGÁ,SALA 3105";"BARRA DA TIJUCA";"22775003";"RIO DE JANEIRO";"RJ";"Brasil";-;-;-;"Autorizada em Atividade";
5816451;"GENIAL INSTITUCIONAL CORRETORA DE CÂMBIO, TÍTULOS E VALORES MOBILIÁRIOS S.A.";"AVENIDA BRIGADEIRO FARIA LIMA, N 3400";"9 ANDAR, CONJUNTO 92 PARTE";"ITAIM BIBI";"04538132";"SAO PAULO";"SP";"Brasil";-;-;"https://www.genial.com.vc";"Autorizada em Atividade";
27652684;"GENIAL INVESTIMENTOS CORRETORA DE VALORES MOBILIÁRIOS S.A.";"PRAIA DE BOTAFOGO, N- 228";"SALA 913 - PARTE";"BOTAFOGO";"22250040";"RIO DE JANEIRO";"RJ";"Brasil";-;-;"https://www.genial.com.vc";"Autorizada em Atividade";
37763847;"GERU SOCIEDADE DE CRÉDITO DIRETO S.A.";"RUA ARNALDO QUINTELA";"8- ANDAR";"BOTAFOGO";"22280070";"RIO DE JANEIRO";"RJ";"Brasil";-;-;-;"Autorizada em Atividade";
28042871;"GESTORA DE INTELIGENCIA DE CREDITO S.A.";"ARAGUAIA - 2104";"ANDAR 8";"ALPHAVILLE INDUSTRIA";"06455000";"BARUERI";"SP";"Brasil";-;-;-;-;
10853017;"GET MONEY CORRETORA DE CÂMBIO S.A.";"AVENIDA IBIRAPUERA, N- 3.103";"PISO MOEMA - LOJA 59";"MOEMA";"04029902";"SAO PAULO";"SP";"Brasil";-;-;"https://www.getmoney.com.br";"Autorizada em Atividade";
10440482;"GETNET ADQUIRÊNCIA E SERVIÇOS PARA MEIOS DE PAGAMENTO S.A. INSTITUIÇÃO DE PAGAMENTO";"AV  PRESIDENTE JUSCELINO KUBITSCHEK 2041";"CJ 121  BLOCO A COND  WTORRE JK";"VILA NOVA CONCEICAO";"04543011";"SAO PAULO";"SP";"Brasil";-;-;"https://www.getnet.com.br";"Autorizada em Atividade";
42054886;"GETNET SOCIEDADE DE CREDITO DIRETO S.A.";"AVENIDA PRESIDENTE JUSCELINO KUBITSCHEK  2041";"CONJ  121  PARTE 1  BLOCO A COND  WTORRE JK";"VILA NOVA CONCEIcaO";"04543011";"SAO PAULO";"SP";"Brasil";-;-;-;"Autorizada em Atividade";
40112555;"GIRO - SOCIEDADE DE CRÉDITO DIRETO S/A";"RUA COMENDADOR ARAÚJO, 565";"SALA 601";"CENTRO";"80420908";"CURITIBA";"PR";"Brasil";-;-;"https://giroscd.com.br/";"Autorizada em Atividade";
39715262;"GIROPAY INSTITUICAO DE PAGAMENTO S.A";-;-;-;-;"SAO PAULO";"SP";"Brasil";-;-;-;-;
21040668;"GLOBAL EXCHANGE DO BRASIL SOCIEDADE CORRETORA DE CÂMBIO LTDA.";"AVENIDA VINTE DE JANEIRO, S/N";"TERMINAL 2, ÁREA DE EMBARQUE, PORTÃO D, GALEÃO";"GALEÃO";"21941570";"RIO DE JANEIRO";"RJ";"Brasil";-;-;"https://www.global-exchange.com/";"Autorizada em Atividade";
11165756;"GLOBAL FINANÇAS SOCIEDADE DE CRÉDITO AO MICROEMPREENDEDOR E À EMPRESA DE PEQUENO PORTE LTDA.";"PRAÇA DA MATRIZ, 34";"SALA 39";"CENTRO";"13465019";"AMERICANA";"SP";"Brasil";-;-;-;"Autorizada em Atividade";
47227569;"GLOBAL INVESTMENT SERVICES DISTRIBUIDORA DE TÍTULOS E VALORES MOBILIÁRIOS LTDA.";"RUA BELA CINTRA, 1149";"SOBRELOJA";"CONSOLAÇÃO";"01415907";"SAO PAULO";"SP";"Brasil";-;-;-;"Autorizada em Atividade";
85322204;"GLOBO ADMINISTRADORA DE CONSÓRCIOS LTDA.";"RUA GENERAL LIBERATO BITTENCOURT, 1633";"ANDAR 1";"ESTREITO";"88070800";"FLORIANOPOLIS";"SC";"Brasil";-;-;"https://www.consorcioglobo.com.br";"Autorizada em Atividade";
49937055;"GMAC ADMINISTRADORA DE CONSORCIOS LTDA";"AVENIDA DAS NAÇÕES UNIDAS, 12.495";"TORRE A, 11 ANDAR, PARTE";"BROOKLIN PAULISTA";"04578000";"SAO PAULO";"SP";"Brasil";-;-;"https://www.consorciochevrolet.com.br";"Autorizada em Atividade";
61637240;"GO SOCIEDADE DE CRÉDITO DIRETO S.A.";"AVENIDA SALGADO FILHO, 2120";"LOJA 20";"CENTRO";"07115000";"GUARULHOS";"SP";"Brasil";-;-;-;"Autorizada em Atividade";
7631026;"GOLCRED S/A - CRÉDITO, FINANCIAMENTO E INVESTIMENTO";"RODOVIA BR 101, KM 207  LOJAS 119/120";"MUNDOCAR MAIS SHOPPING - PISO SÃO JOSÉ";"KOBRASOL";"88102700";"SAO JOSE";"SC";"Brasil";-;-;"https://www.golcred.com.br";"Autorizada em Atividade";
4332281;"GOLDMAN SACHS DO BRASIL BANCO MULTIPLO S.A.";"RUA LEOPOLDO COUTO DE MAGALHÃES JR., N- 700";"16- (PARTE , 17- E 18- (PARTE  ANDARES";"ITAIM BIBI";"04542000";"SAO PAULO";"SP";"Brasil";-;-;"https://www.goldmansachs.com/worldwide/brazil/";"Autorizada em Atividade";
9605581;"GOLDMAN SACHS DO BRASIL CORRETORA DE TÍTULOS E VALORES MOBILIÁRIOS S.A.";"RUA LEOPOLDO COUTO DE MAGALHÃES JR., Nº 700";"16º (PARTE) E 18º (PARTE) ANDARES";"ITAIM BIBI";"04542000";"SAO PAULO";"SP";"Brasil";-;-;"https://www.gs.com";"Autorizada em Atividade";
23010182;"GOOD SOCIEDADE CORRETORA DE CÂMBIO LTDA.";"AV. PRAIA DE BELAS, Nº 1181";"LOJA 1009";"PRAIA DE BELAS";"90110001";"PORTO ALEGRE";"RS";"Brasil";-;-;-;"Autorizada em Atividade";
43394419;"GOOGLE PAY BRASIL INSTITUICAO DE PAGAMENTO LTDA.";"AVENIDA BRIGADEIRO FARIA LIMA, 3.477, 18- ANDAR";"TORRE NORTE, SALA GALERIA DO ROCK";"ITAIM BIBI";"04538133";"SAO PAULO";"SP";"Brasil";-;-;-;"Autorizada em Atividade";
33630661;"GOWD INSTITUIÇÃO DE PAGAMENTO LTDA.";"AV. MARINGÁ, N- 892";"SALA 04";"CENTRO";"87111000";"MARINGA";"PR";"Brasil";-;-;"https://gowd.com/br/";"Autorizada em Atividade";
46277273;"GPATIVA - COOPERATIVA DE ECONOMIA E CRÉDITO MÚTUO DOS EMPREGADOS DO GRUPO PÃO DE AÇÚCAR";"AVENIDA BRIGADEIRO LUIS ANTONIO, 3172";"2- ANDAR";"BELA VISTA";"01402000";"SAO PAULO";"SP";"Brasil";-;-;"https://www.gpativa.com.br";"Autorizada em Atividade";
91338228;"GRAVEL ADMINISTRADORA DE CONSÓRCIOS LTDA.";"AV. DORIVAL CANDIDO LUZ DE OLIVEIRA, 501";-;"CENTRO";"94030001";"GRAVATAI";"RS";"Brasil";-;-;"https://www.graveletto.com.br";"Autorizada em Atividade";
6339468;"GRAZZIOTIN FINANCEIRA S/A - CRÉDITO, FINANCIAMENTO E INVESTIMENTOS";"RUA VALENTIN GRAZZIOTIN, 77";-;"SÃO CRISTOVÃO";"99060030";"PASSO FUNDO";"RS";"Brasil";-;-;"https://www.grazziotin.com.br";"Autorizada em Atividade";
37800856;"GREEN ALTERNATIVE INVESTMENTS DISTRIBUIDORA DE TÍTULOS E VALORES MOBILIÁRIOS S.A.";"RUA RAMOS BATISTA";"198   3  ANDAR";"VILA OLIMPIA";"04552020";"SAO PAULO";"SP";"Brasil";-;-;"https://www.green.com.ai/";"Autorizada em Atividade";
2347114;"GREENCRED - COOPERATIVA DE CREDITO";"R. BENJAMIN CONSTANT, 67";"2- ANDAR";"CENTRO";"80060020";"CURITIBA";"PR";"Brasil";-;-;"https://www.greencred.com.br";"Autorizada em Atividade";
28581308;"GREENPASS TECNOLOGIA E INSTITUICAO DE PAGAMENTO HUE S.A.";"RUA DAS OLIMPÍADAS, 205.";"CONJUNTO 41, BLOCO COMERCIAL.";"VILA OLÍMPIA";"04551000";"SAO PAULO";"SP";"Brasil";-;-;-;"Autorizada em Atividade";
26228270;"GROSCON ADMINISTRADORA DE CONSORCIOS LTDA.";"RUA SAO SEBASTIAO DO PARAISO 1035";-;"JARDIM FRANCANO";"14405010";"FRANCA";"SP";"Brasil";-;-;"https://www.consorciogroscon.com.br";"Autorizada em Atividade";
63822040;"GUARDIAN SOCIEDADE DE CRÉDITO DIRETO S.A.";"AVENIDA  PEDROSO  DE  MORAIS, N- 1553";"CONJUNTO 42";"PINHEIROS";"05419001";"SAO PAULO";"SP";"Brasil";-;-;-;"Autorizada em Atividade";
24074692;"GUITTA CORRETORA DE CAMBIO LTDA.";"RUA LIBERO BADARO, 293 - 6. ANDAR - CONJ. B";-;"CENTRO";"01009000";"SAO PAULO";"SP";"Brasil";-;-;"https://guitta.com.br";"Autorizada em Atividade";
57707777;"GURU CORRETORA DE TÍTULOS E VALORES MOBILIÁRIOS LTDA.";"AVENIDA BRIGADEIRO FARIA LIMA, N- 1685";"CONJUNTO 3H";"JARDIM PAULISTANO";"01452916";"SAO PAULO";"SP";"Brasil";-;-;-;"Autorizada em Atividade";
17312083;"H H PICCHIONI S/A CORRETORA DE CAMBIO E VALORES MOBILIARIOS";"AV. BERNARDO MONTEIRO, 1539 - 2 ANDAR";-;"FUNCIONARIOS";"30150281";"BELO HORIZONTE";"MG";"Brasil";-;-;"https://www.picchioni.com.br";"Autorizada em Atividade";
3586655;"H. ADMINISTRADORA DE CONSÓRCIOS LTDA";"AVENIDA MARIPA  5387";-;"JARDIM LA SALLE";"85902060";"TOLEDO";"PR";"Brasil";-;-;"https://www.herbicarconsorcio.com";"Autorizada em Atividade";
1788147;"H.COMMCOR DISTRIBUIDORA DE TÍTULOS E VALORES MOBILIÁRIOS LTDA.";"RUA URUSSUI 300";"9 ANDAR - CONJ. 93";"ITAIM BIBI";"04542051";"SAO PAULO";"SP";"Brasil";-;-;"https://www.commcor.com.br";"Autorizada em Atividade";
34111187;"HAITONG BANCO DE INVESTIMENTO DO BRASIL S.A.";"RUA LEOPOLDO COUTO MAGALHÃES JUNIOR, 758";"7- ANDAR, SALA 72";"ITAIM BIBI";"04542000";"SAO PAULO";"SP";"Brasil";-;-;"https://www.haitongib.com.br";"Autorizada em Atividade";
11406965;"HAITONG DO BRASIL DISTRIBUIDORA DE TÍTULOS E VALORES MOBILIÁRIOS S.A.";"RUA LEOPOLDO COUTO MAGALHÃES JUNIOR, 758";"7- ANDAR - SALA 72 PARTE";"ITAIM BIBI";"04542000";"SAO PAULO";"SP";"Brasil";-;-;"https://www.haitongib.com.br";"Autorizada em Atividade";
33894445;"HAITONG SECURITIES DO BRASIL CORRETORA DE CÂMBIO E VALORES MOBILIÁRIOS S.A.";"RUA LEOPOLDO COUTO MAGALHÃES JUNIOR, 758";"7- ANDAR - SALA 72 PARTE";"ITAIM BIBI";"04542000";"SAO PAULO";"SP";"Brasil";-;-;"https://www.haitongib.com.br";"Autorizada em Atividade";
56392166;"HARMOS S.A. - SOCIEDADE DE CRÉDITO, FINANCIAMENTO E INVESTIMENTO";"RUA JOAQUIM FLORIANO, 100";"14. ANDAR, CONJUNTO 142";"ITAIM BIBI";"04534000";"SAO PAULO";"SP";"Brasil";-;-;"https://www.harmos.com";"Autorizada em Atividade";
4849745;"HBI SOCIEDADE DE CRÉDITO DIRETO S/A.";"RUA DR. CUSTÓDIO JUNQUEIRA";"N- 236";"CENTRO";"36700080";"LEOPOLDINA";"MG";"Brasil";-;-;-;"Autorizada em Atividade";
7253654;"HEDGE INVESTMENTS DISTRIBUIDORA DE TÍTULOS E VALORES MOBILIÁRIOS LTDA.";"AVENIDA BRIGADEIRO FARIA LIMA  3600";"11  ANDAR  CONJUNTO 112";"ITAIM BIBI";"04538906";"SAO PAULO";"SP";"Brasil";-;-;"https://www.hedgeinvest.com.br";"Autorizada em Atividade";
35470647;"HEDGEPOINT GLOBAL MARKETS DISTRIBUIDORA DE TITULOS E VALORES MOBILIÁRIOS LTDA.";"AV. JOSE DE SOUZA CAMPOS, 507";"9° ANDAR";"CAMBUI";"13025320";"CAMPINAS";"SP";"Brasil";-;-;-;"Autorizada em Atividade";
39669186;"HEMERA DISTRIBUIDORA DE TÍTULOS E VALORES MOBILIÁRIOS LTDA.";"AVENIDA ÁGUA VERDE, 1413";"LOJA 801, ANDAR 08, COND PODOLAN ÁGUA VERDE ED";"ÁGUA VERDE";"80620200";"CURITIBA";"PR";"Brasil";-;-;"https://www.hemeradtvm.com.br";"Autorizada em Atividade";
27970567;"HINOVA PAY INSTITUICAO DE PAGAMENTO S.A.";"RUA MANOEL ELIAS DE AGUIAR  N 245  SALA 03 A";"BAIRRO OURO PRETO";"OURO PRETO";"31330520";"BELO HORIZONTE";"MG";"Brasil";-;-;"https://www.hinovapay.com.br";"Autorizada em Atividade";
3634239;"HONDA LEASING S.A. - ARRENDAMENTO MERCANTIL";"AV SENADOR ROBERTO SIMONSEN 304";-;"SANTO ANTONIO";"09530401";"SAO CAETANO DO SUL";"SP";"Brasil";-;-;"https://www.hondaleasing.com.br";"Autorizada em Atividade";
97406706;"HP FINANCIAL SERVICES ARRENDAMENTO MERCANTIL S.A.";"ALAMEDA RIO NEGRO, Nº 750";"1º ANDAR - PARTE 1";"ALPHAVILLE";"06454000";"BARUERI";"SP";"Brasil";-;-;-;"Autorizada em Atividade";
44292580;"HR DIGITAL - SOCIEDADE DE CRÉDITO DIRETO S/A";"SCLRN 713 714";"BLOCO F - LOJAS 49 50 - SALA B";"ASA NORTE";"70760536";"BRASILIA";"DF";"Brasil";-;-;"https:\\www.hrdigitalscd.com.br";"Autorizada em Atividade";
20158571;"HR SOCIEDADE DE CRÉDITO AO MICROEMPREENDEDOR E À EMPRESA DE PEQUENO PORTE LTDA.";"RUA BARÃO DE PENEDO";"NÚMERO 164-B";"CENTRO";"57020340";"MACEIO";"AL";"Brasil";-;-;"https://www.hrcred.com.br";"Autorizada em Atividade";
73516106;"HS ADMINISTRADORA DE CONSÓRCIOS S.A.";"RODOVIA BR 116, KM 224,  N- 7070";-;"PORTAL DA SERRA";"93950000";"DOIS IRMAOS";"RS";"Brasil";-;-;"https://www.hsconsorcio.com.br";"Autorizada em Atividade";
7512441;"HS FINANCEIRA S/A CREDITO, FINANCIAMENTO E INVESTIMENTOS";"RODOVIA BR 116, Nº 7070 - 1º ANDAR,";"SALA 14";"PORTAL DA SERRA";"93950000";"DOIS IRMAOS";"RS";"Brasil";-;-;"https://www.hsfinanceira.com.br";"Autorizada em Atividade";
7693858;"HSCM - SOCIEDADE DE CRÉDITO AO MICROEMPREENDEDOR E À EMPRESA DE PEQUENO PORTE LTDA.";"PRAÇA SÃO PEDRO, 213 - CENTRO";-;"CENTRO";"38950000";"IBIA";"MG";"Brasil";-;-;"https://www.hscm.com.br";"Autorizada em Atividade";
7136847;"HYPER WALLET IP LTDA";"RUA CANTAGALO, 692";"SALA 112";"VILA GOMES CARDIM";"03319000";"SAO PAULO";"SP";"Brasil";-;-;"https://hyperwalletip.com.br";-;
9105360;"ICAP DO BRASIL CORRETORA DE TÍTULOS E VALORES MOBILIÁRIOS LTDA.";"AV. DAS AMÉRICAS, N- 3.500, EDIFÍCIO LONDRES";"2  ANDAR  SALA 201";"BARRA DA TIJUCA";"22640102";"RIO DE JANEIRO";"RJ";"Brasil";-;-;-;"Autorizada em Atividade";
17453575;"ICBC DO BRASIL BANCO MÚLTIPLO S.A.";"AV  BRIGADEIRO FARIA LIMA  NUMERO 3 477";"BLOCO B  6  ANDAR";"ITAIM BIBI";"04538133";"SAO PAULO";"SP";"Brasil";-;-;"https://www.icbc.com.cn";"Autorizada em Atividade";
61029190;"ICONSÓRCIO ADMINISTRADORA DE CONSÓRCIOS LTDA.";"AV BRASILIA, 2121";"SALA 102-F";"JARDIM NOVA YORQUE";"16018000";"ARACATUBA";"SP";"Brasil";-;-;"https://www.iconsorcio.com/";"Autorizada em Atividade";
16695922;"ID CORRETORA DE TÍTULOS E VALORES MOBILIÁRIOS S.A.";"AVENIDA PRESIDENTE JUSCELINO KUBITSCHEK, Nº 1726";"19ºANDAR - CONJUNTO 194";"VILA NOVA CONCEIÇÃO";"04543000";"SAO PAULO";"SP";"Brasil";-;-;"https://www.idsf.com.br";"Autorizada em Atividade";
45860531;"IDEA MAKER INSTITUICAO DE PAGAMENTO LTDA";"AV. PAULISTA";"1636, CONJ. 1710";"BELA VISTA";"01310200";"SAO PAULO";"SP";"Brasil";-;-;-;"Autorizada em Atividade";
31749596;"IDEAL CORRETORA DE TÍTULOS E VALORES MOBILIÁRIOS S.A.";"AV. BRIGADEIRO FARIA LIMA, 4221, 6- ANDAR";"CONJUNTO 62";"ITAIM BIBI";"04538133";"SAO PAULO";"SP";"Brasil";-;-;"https://www.idealctvm.com.br";"Autorizada em Atividade";
19468242;"IFOOD PAGO INSTITUIÇÃO DE PAGAMENTO S.A.";"AVENIDA DOS AUTONOMISTAS, N° 1496";"3° ANDAR, SALA";"VILA YARA";"6020-902";"OSASCO";"SP";"Brasil";-;-;"https://www.zoop.com.br";"Autorizada em Atividade";
51556307;"IFOOD PAGO SOCIEDADE DE CRÉDITO DIRETO S.A.";"AVENIDA DOS AUTONOMISTAS, 1.496";"7° ANDAR, LADO A";"VILA YARA";"06020902";"OSASCO";"SP";"Brasil";-;-;-;"Autorizada em Atividade";
63436443;"IGUÁ CORRETORA DE CÂMBIO LTDA.";"AV. BRIGADEIRO FARIA LIMA, 2601";"2 E 3 ANDARES";"JARDIM PAULISTANO";"01452924";"SAO PAULO";"SP";"Brasil";-;-;-;"Autorizada em Atividade";
35340796;"INCO SOCIEDADE DE EMPRÉSTIMO ENTRE PESSOAS S.A.";"RUA INCONFIDENTES";"SL 1101";"SAVASSI";"30140128";"BELO HORIZONTE";"MG";"Brasil";-;-;"https://www.inco.vc";"Autorizada em Atividade";
4306351;"INDEPENDÊNCIA COOPERATIVA DE CRÉDITO E INVESTIMENTO - INDEPENDÊNCIA COOPERATIVA DE CRÉDITO";"RUA VOLUNTARIOS DA PATRIA   257";"3  ANDAR  DENTRO DAS DEPENDENCIAS DA UNISANT ANNA";"SANTANA";"02011000";"SAO PAULO";"SP";"Brasil";-;-;"https://www.coopindependencia.com.br";"Autorizada em Atividade";
999403;"INDUSTRIAL DO BRASIL DISTRIBUIDORA DE TÍTULOS E VALORES MOBILIÁRIOS LTDA.";"AV. PRES. JUSCELINO KUBITSCHEK, 1703";"2. ANDAR";"ITAIM BIBI";"04543000";"SAO PAULO";"SP";"Brasil";-;-;"https://www.bancoindustrial.com.br";"Autorizada em Atividade";
51982465;"INFINIA BRASIL INSTITUICAO DE PAGAMENTO LTDA";"AVENIDA MARQUES DE SÃO VICENTE, 230";"18-. ANDAR, SALA 189";"VÁRZEA DA BARRA FUND";"01139000";"SAO PAULO";"SP";"Brasil";-;-;"https://infiniaweb.com";"Autorizada em Atividade";
82842386;"INFOPAGO INSTITUICAO DE PAGAMENTOS LTDA";"RUA FELICIANO BORTOLINI , N 1640";"SALA 19";"BARRA DO RIO CERRO";"89260180";"JARAGUA DO SUL";"SC";"Brasil";-;-;-;-;
44471172;"INICIADOR INSTITUICAO DE PAGAMENTO LTDA";"RUA CLÁUDIO SOARES, 72";"CONJUNTO 1701, SALA INICIADOR";"PINHEIROS";"05422030";"SAO PAULO";"SP";"Brasil";-;-;"https://www.iniciador.com.br";"Autorizada em Atividade";
;"INOVA3 SOCIEDADE DE CRÉDITO DIRETO S.A.";"RUA FIDENCIO RAMOS 101";"CJ. 22";"VILA OLIMPIA";"04551010";"SAO PAULO";"SP";"Brasil";-;-;-;"Autorizada sem Atividade";
37511258;"INOVANTI INSTITUIÇÃO DE PAGAMENTO S.A.";"RUA FIDENCIO RAMOS 101";"CJ 22";"VILA OLIMPIA";"04551010";"SAO PAULO";"SP";"Brasil";-;-;"https://www.inovanti.com.br";"Autorizada em Atividade";
45548763;"INSTITUIÇÃO DE PAGAMENTOS MAPS LTDA.";"RUA AFONSO CELSO 552";"CONJUNTO 63";"VILA MARIANA";"04119002";"SAO PAULO";"SP";"Brasil";-;-;"https://www.mapsip.com.br";"Autorizada em Atividade";
51118615;"INTEGRAÇÃO DE CRÉDITO E COBRANÇA SOCIEDADE DE CRÉDITO DIRETO S.A.";"RUA MANOEL DA NÓBREGA, N- 211";"CONJUNTO 71";"PARAÍSO";"04001906";"SAO PAULO";"SP";"Brasil";-;-;-;"Autorizada em Atividade";
34978626;"INTEGRAL ACCESS DISTRIBUIDORA DE TÍTULOS E VALORES MOBILIÁRIOS LTDA.";"AV. BRIGADEIRO FARIA LIMA, 1663";"3º ANDAR";"JARDIM PAULISTANO";"01452001";"SAO PAULO";"SP";"Brasil";-;-;"https://www.integralaccess.com.br";"Autorizada em Atividade";
18945670;"INTER DISTRIBUIDORA DE TITULOS E VALORES MOBILIARIOS LTDA";"AVENIDA BARBACENA, 1219";"21- ANDAR";"SANTO AGOSTINHO";"30190131";"BELO HORIZONTE";"MG";"Brasil";-;-;"https://inter.co/ouvidoria/#form-ouvidoria";"Autorizada em Atividade";
22177858;"INTER PAG INSTITUIÇÃO DE PAGAMENTO S.A.";"AV  COPACABANA  190";"TERREO   SALA 1";"EMPRESARIAL 18 DO FO";"06472001";"BARUERI";"SP";"Brasil";-;-;-;"Autorizada em Atividade";
34265629;"INTERCAM CORRETORA DE CÂMBIO LTDA.";"AVENIDA PRESIDENTE JUSCELINO KUBITSCHEK,1327";"9O. ANDAR";"VILA NOVA CONCEIÇÃO";"04543011";"SAO PAULO";"SP";"Brasil";-;-;"https://www.intercam.com.br";"Autorizada em Atividade";
55230916;"INTESA SANPAOLO BRASIL S.A. - BANCO MÚLTIPLO";"AVENIDA JUSCELINO KUBITSCHEK, 1327";"21- ANDAR";"ITAIM BIBI";"04543011";"SAO PAULO";"SP";"Brasil";-;-;"https://www.intesasanpaolobrasil.com.br";"Autorizada em Atividade";
2992317;"INTEX BANK BANCO DE CÂMBIO S.A.";"AVENIDA PAULISTA, 1.842";"1- ANDAR CJ 15 E 16  - EDIF. CETENCO PLAZA";"BELA VISTA";"01310936";"SAO PAULO";"SP";"Brasil";-;-;"https://intexbank.com.br/";"Autorizada em Atividade";
15489568;"INTRA INVESTIMENTOS DISTRIBUIDORA DE TÍTULOS E VALORES MOBILIÁRIOS LTDA";"RUA JOAQUIM FLORIANO  1120   5 ANDAR";-;"ITAIM BIBI";"04534004";"SAO PAULO";"SP";"Brasil";-;-;-;"Autorizada em Atividade";
62418140;"INTRAG DISTRIBUIDORA DE TITULOS E VALORES MOBILIARIOS LTDA.";"AV. BRIGADEIRO FARIA LIMA, 3500";"4- ANDAR";"ITAIM BIBI";"04538132";"SAO PAULO";"SP";"Brasil";-;-;"https://www.intrag.com.br";"Autorizada em Atividade";
17508380;"INVEST CORRETORA DE CÂMBIO LTDA.";"AVENIDA DOUTOR NILO PEÇANHA, N- 1.221";"SALA 908, 9- ANDAR";"TRÊS FIGUEIRAS";"90470319";"PORTO ALEGRE";"RS";"Brasil";-;-;"https://investcambio.com.br";"Autorizada em Atividade";
27810157;"IPAG INSTITUICAO DE PAGAMENTO S.A";"AV. WASHINGTON LUIZ, 2445";"CONJ. 302";"JARDIM PAULISTA";"19023450";"PRESIDENTE PRUDENTE";"SP";"Brasil";-;-;"https://guilherme@isoftsolutions.com.br";-;
3403333;"IRMÃOS DE MARCO ADMINISTRADORA DE CONSÓRCIOS LTDA.";"RUA BENJAMIN CONSTANT  700 E";-;"JARDIM ITALIA";"89802201";"CHAPECO";"SC";"Brasil";-;-;-;"Autorizada em Atividade";
34747388;"ISSUER INSTITUICAO DE PAGAMENTO LTDA.";"RUA MANOELITO DE ORNELLAS, N. 55";"SALA 1.404, TORRE A";"PRAIAS BELAS";"90110230";"PORTO ALEGRE";"RS";"Brasil";-;-;-;"Autorizada em Atividade";
61194353;"ITAU CORRETORA DE VALORES S.A.";"AV. BRIGADEIRO FARIA LIMA, 3500";"3- ANDAR, PARTE";"ITAIM BIBI";"04538132";"SAO PAULO";"SP";"Brasil";-;-;"https://www.itaucor.com.br";"Autorizada em Atividade";
776;"ITAÚ ADMINISTRADORA DE CONSÓRCIOS LTDA.";"RUA TENENTE MAURO DE MIRANDA, 36";"TORRE OLAVO SETUBAL, 7- ANDAR, PARTE A";"JABAQUARA";"04345030";"SAO PAULO";"SP";"Brasil";-;-;"https://www.itau.com.br";"Autorizada em Atividade";
60872504;"ITAÚ UNIBANCO HOLDING S.A.";"PRAÇA ALFREDO EGYDIO DE SOUZA ARANHA, 100";"TORRE OLAVO SETUBAL";"PARQUE JABAQUARA";"04344902";"SAO PAULO";"SP";"Brasil";-;-;"https://www.itau.com.br";"Autorizada em Atividade";
60701190;"ITAÚ UNIBANCO S.A.";"PCA ALFREDO EGYDIO SOUZA ARANHA  100";"TORRE OLAVO SETUBAL";"PARQUE JABAQUARA";"04344902";"SAO PAULO";"SP";"Brasil";-;-;"https://www.itau.com.br";"Autorizada em Atividade";
42421776;"ITAÚ UNIBANCO VEÍCULOS ADMINISTRADORA DE CONSÓRCIOS LTDA.";"PRACA ALFREDO EGYDIO DE SOUZA ARANHA  100";"TORRE OLAVO SETUBAL  7  ANDAR  PARTE A";"PARQUE JABAQUARA";"04344902";"SAO PAULO";"SP";"Brasil";-;-;"https://www.itau.com.br";"Autorizada em Atividade";
15111975;"IUGU INSTITUIÇÃO DE PAGAMENTO S.A.";"AV  ENG  LUIZ CARLOS BERRINI  1 376  TORRE A TNU";"16  E 17  ANDARES";"BROOKLIN PAULISTA";"04571936";"SAO PAULO";"SP";"Brasil";-;-;"https://www.iugu.com";"Autorizada em Atividade";
8323197;"IUPI INSTITUICAO DE PAGAMENTO S.A.";"AV. DOS VINHEDOS, 71";"TÉRREO";"ACÁCIAS";"38411159";"UBERLANDIA";"MG";"Brasil";-;-;-;"Autorizada em Atividade";
72556996;"ÍCARO CORRETORA DE CÂMBIO LTDA";"RUA VISCONDE DO RIO BRANCO 1358";"17° andar - Conj. 1701";"CENTRO";"80420210";"CURITIBA";"PR";"Brasil";-;-;"https://www.icarocorretora.com.br";"Autorizada em Atividade";
32588139;"J.P. MORGAN CORRETORA DE CAMBIO E VALORES MOBILIARIOS S.A.";"AV BRIGADEIRO FARIA LIMA, 3729,";"13 ANDAR - PARTE";"ITAIM BIBI";"04538905";"SAO PAULO";"SP";"Brasil";-;-;"https://www.jpmorgan.com";"Autorizada em Atividade";
33851205;"J.P. MORGAN S.A. - DISTRIBUIDORA DE TÍTULOS E VALORES MOBILIÁRIOS";"AVENIDA BRIGADEIRO FARIA LIMA, N- 3729";"12- ANDAR - PARTE";"ITAIM BIBI";"04538905";"SAO PAULO";"SP";"Brasil";-;-;"https://www.jpmorgan.com";"Autorizada em Atividade";
40475846;"J17 - SOCIEDADE DE CRÉDITO DIRETO S/A";"AVENIDA AYRTON SENNA DA SILVA N- 555";"1- ANDAR";"GLEBA FAZ  PALHANO";"86050460";"LONDRINA";"PR";"Brasil";-;-;"https://j17scd.com.br/";"Autorizada em Atividade";
63019146;"J17 - SOCIEDADE DE CRÉDITO, FINANCIAMENTO E INVESTIMENTO S/A";"AVENIDA AYRTON SENNA DA SILVA, 575";"SALA 201";"GLEBA PALHANO";"86050460";"LONDRINA";"PR";"Brasil";-;-;-;"Autorizada sem Atividade";
4230630;"JBCRED S.A. SOCIEDADE DE CREDITO, FINANCIAMENTO E INVESTIMENTO";"RUA LIBERO BADARÓ, 293";"20- ANDAR";"CENTRO";"01009907";"SAO PAULO";"SP";"Brasil";-;-;"https://www.jbcred.com.br";"Autorizada em Atividade";
45056494;"JM CORRETORA DE CÂMBIO LTDA.";"AVENIDA PAULISTA  807";"CONJUNTO 520";"BELA VISTA";"01311915";"SAO PAULO";"SP";"Brasil";-;-;-;"Autorizada em Atividade";
46518205;"JPMORGAN CHASE BANK, NATIONAL ASSOCIATION";"AV BRIG FARIA LIMA  3729";"10 ANDAR";"ITAIM BIBI";"04538905";"SAO PAULO";"SP";"Brasil";-;-;"https://www.jpmorganchase.com";"Autorizada em Atividade";
40735713;"JRM2 SOLUCOES DE PAGAMENTO LTDA";"AL RIO NEGRO, 503";"SALA 2306";"ALPHAVILLE CENTRO I";"06454000";"BARUERI";"SP";"Brasil";-;-;"https://www.fitmoby.com.br";-;
59149941;"JV BTG SENIOR SOCIEDADE DE CRÉDITO DIRETO S.A.";"RUA SÃO PAULO, 825";"SALA 109";"VICTOR KONDER";"89012000";"BLUMENAU";"SC";"Brasil";-;-;-;"Autorizada em Atividade";
49288113;"KANASTRA FINANCEIRA S.A, CREDITO, FINANCIAMENTO E INVESTIMENTO";"AVENIDA DOS VINHEDOS, N- 71";"SALA 803 - B";"JARDIM SUL";"38411848";"UBERLANDIA";"MG";"Brasil";-;-;"https://www.kanastra.com.br";"Autorizada em Atividade";
43978697;"KIKAI SOCIEDADE DE CRÉDITO DIRETO S.A.";"ALAMEDA RIO NEGRO, N- 500";"TORRE A, SALA 1213";"ALPHAVILLE";"06454000";"BARUERI";"SP";"Brasil";-;-;"https://www.kikaipay.com.br/";"Autorizada em Atividade";
1701201;"KIRTON BANK S.A. - BANCO MÚLTIPLO";"NUCLEO CIDADE DE DEUS";"PREDIO PRATA  4  ANDAR";"VILA YARA";"06029900";"OSASCO";"SP";"Brasil";-;-;-;"Autorizada em Atividade";
53908413;"KIWIFY INSTITUICAO DE PAGAMENTO LTDA";"AVENIDA DO ESTADO DALMO VIEIRA, 4295";"SALA 03, PARTE C";"CENTRO";"88330659";"BALNEARIO CAMBORIU";"SC";"Brasil";-;-;"https://kiwify.com.br/";"Autorizada em Atividade";
44459799;"KLAVI INSTITUIÇÃO DE PAGAMENTOS E GESTÃO DE DADOS LTDA.";"AV. PAULISTA, 475";"9- ANDAR, SALA 2";"CERQUEIRA CÉSAR";"01311000";"SAO PAULO";"SP";"Brasil";-;-;-;"Autorizada em Atividade";
41629070;"KLUBI ADMINISTRADORA DE CONSÓRCIOS LTDA.";"RUA EUGENIO DE MEDEIROS  242";-;"PINHEIROS";"05425000";"SAO PAULO";"SP";"Brasil";-;-;"https://www.klubi.com.br";"Autorizada em Atividade";
50626276;"KONECT SOCIEDADE DE CRÉDITO DIRETO S/A";"AVENIDA BRIGADEIRO FARIA LIMA, 3015";"CONJUNTO 22";"JARDIM PAULISTANO";"01452000";"SAO PAULO";"SP";"Brasil";-;-;-;"Autorizada em Atividade";
6040559;"KREDILIG S.A. - CRÉDITO, FINANCIAMENTO E INVESTIMENTO";"RUA PAULO ZIMMERMANN";"455, BR 101, KM 198, EDIFÍCIO KAD";"BOM VIVER";"88160580";"BIGUACU";"SC";"Brasil";-;-;"https://www.kab.com.br";"Autorizada em Atividade";
34678263;"KREDIT INSTITUICAO DE PAGAMENTO S/A";"SQPS 102, LOTE 13, SALAS 1 E 2, ZONA INDUSTRIAL";"GUARÁ";"GUARÁ";"71215630";"BRASILIA";"DF";"Brasil";-;-;-;"Pendente de Validação";
62798475;"KSK ADMINISTRADORA DE CONSÓRCIO LTDA.";"ALAMEDA ARAGUAIA";"9- ANDAR";"ALPHAVILLE INDUSTRIA";"06455000";"BARUERI";"SP";"Brasil";-;-;"https://www.cnk.com.br";"Autorizada em Atividade";
53058329;"LA FINTECA INSTITUICAO DE PAGAMENTO LTDA";"RUA ALVORADA, 1289";"CONJ 1203 ANDAR 12";"VILA OLÍMPIA";"04550004";"SAO PAULO";"SP";"Brasil";-;-;"https://www.la-finteca.com/pt/";"Autorizada sem Atividade";
6132348;"LABOR SOCIEDADE CORRETORA DE CÂMBIO LTDA.";"AV.  CONSELHEIRO AGUIAR, 1472";"LOJA 49";"BOA VIAGEM";"51111010";"RECIFE";"PE";"Brasil";-;-;"https://www.laborcambio.com.br";"Autorizada em Atividade";
19324634;"LAMARA SOCIEDADE DE CRÉDITO DIRETO S.A.";"AVENIDA DOM MANUEL, 1085";"SALAS 101 E 102";"CENTRO";"60060090";"FORTALEZA";"CE";"Brasil";-;-;-;"Autorizada em Atividade";
39343350;"LAR COOPERATIVA DE CRÉDITO - LAR CREDI";"AVENIDA JOSE CALEGARI, 1639";-;"CENTRO";"85720025";"MEDIANEIRA";"PR";"Brasil";-;-;"https://www.larcredi.com.br";"Autorizada em Atividade";
61971803;"LARCA CAPITAL - SOCIEDADE DE CRÉDITO DIRETO S.A.";"RUA MOSTARDEIRO, 777";"CONJUNTO 801";"INDEPENDENCIA";"90430001";"PORTO ALEGRE";"RS";"Brasil";-;-;"https://www.larcacapital.com.br/";"Autorizada em Atividade";
71590442;"LASTRO RDV DISTRIBUIDORA DE TÍTULOS E VALORES MOBILIÁRIOS LTDA.";"RUA JULIO MESQUITA, 743";-;"CENTRO";"13600061";"ARARAS";"SP";"Brasil";-;-;"https://www.lastro.com.br";"Autorizada em Atividade";
45220646;"LAUNCH PAD SOCIEDADE DE CRÉDITO DIRETO S.A.";"AVENIDA ASSIS CHATEAUBRIAND 499";"3- ANDAR, 3J";"FLORESTA";"30150101";"BELO HORIZONTE";"MG";"Brasil";-;-;"https://scd.hotmart.com/";"Autorizada em Atividade";
52833288;"LB PAY INSTITUIÇÃO DE PAGAMENTO LTDA";"RUA GOMES DE CARVALHO, 1108";"CONJUNTO 82";"VILA OLÍMPIA";"4547-004";"SAO PAULO";"SP";"Brasil";-;-;-;"Autorizada em Atividade";
4836002;"LEASEPLAN ARRENDAMENTO MERCANTIL S.A.";"RUA APENINOS";"CONJUNTOS 51 E 52";"VILA MARIANA";"1533000";"SAO PAULO";"SP";"Brasil";-;-;-;"Autorizada em Atividade";
11271860;"LEBES FINANCEIRA S.A. - SOCIEDADE DE CRÉDITO, FINANCIAMENTO E INVESTIMENTO";"AVENIDA DAS INDÚSTRIAS, 1700";"SALA B";"INDUSTRIAL";"92990000";"ELDORADO DO SUL";"RS";"Brasil";-;-;"https://www.lebesfinanceira.com.br";"Autorizada em Atividade";
7652226;"LECCA CRÉDITO, FINANCIAMENTO E INVESTIMENTO S/A";"RUA VISCONDE DE PIRAJA";"433, SALAS 802/803";"IPANEMA";"22410003";"RIO DE JANEIRO";"RJ";"Brasil";-;-;"https://www.lecca.com.br";"Autorizada em Atividade";
44154779;"LEND INSTITUICAO DE PAGAMENTO LTDA";"RUA DEPUTADO LACERDA FRANCO, 300";"CJ. 36, PARTE B";"PINHEIROS";"05418000";"SAO PAULO";"SP";"Brasil";-;-;"https://lend.tech/pt";"Autorizada em Atividade";
37526080;"LEND SOCIEDADE DE CRÉDITO DIRETO S.A.";"RUA DEPUTADO LACERDA FRANCO, 300";"CJ 36";"PINHEIROS";"05418000";"SAO PAULO";"SP";"Brasil";-;-;"https://lend.tech/pt";"Autorizada em Atividade";
45457891;"LEV DISTRIBUIDORA DE TÍTULOS E VALORES MOBILIÁRIOS LTDA.";"AVENIDA BRIGADEIRO FARIA LIMA  1234";"5 ANDAR";"ITAIM BIBI";"01451001";"SAO PAULO";"SP";"Brasil";-;-;"https://www.lev.com.vc/";"Autorizada em Atividade";
50579044;"LEVYCAM - CORRETORA DE CAMBIO E VALORES LTDA.";"AV ANGELICA 2503";"10  ANDAR UNIDADE 105 A 108";"CENTRO";"01227200";"SAO PAULO";"SP";"Brasil";-;-;"https://www.levycam.com.br";"Autorizada em Atividade";
34102055;"LIG SECURITIZADORA DE CREDITOS IMOBILIARIOS S.A.";"RUA TABAPUã, N° 1.123";"CONJUNTO 215";"ITAIM BIBI";"04533004";"SAO PAULO";"SP";"Brasil";-;-;-;-;
24361690;"LIMINE TRUST DISTRIBUIDORA DE TÍTULOS E VALORES MOBILIÁRIOS S.A.";"AVENIDA DOUTOR CARDOSO DE MELO  N  1184";"CJ  91";"VILA OLÍMPIA";"04548004";"SAO PAULO";"SP";"Brasil";-;-;"https://www.liminedtvm.com.br";"Autorizada em Atividade";
37663090;"LINA INSTITUICAO DE PAGAMENTO S.A";"RUA CORREIA DIAS 93";"SALA 102";"PARAISO";"04104000";"SAO PAULO";"SP";"Brasil";-;-;"https://linaopenx.com.br/";"Autorizada em Atividade";
40768766;"LIONS TRUST DISTRIBUIDORA DE TÍTULOS E VALORES MOBILIÁRIOS LTDA.";"AVENIDA BRIGADEIRO FARIA LIMA, 2.012, 14- ANDAR";"CONJUNTO 141";"JARDIM PAULISTANO";"01451919";"SAO PAULO";"SP";"Brasil";-;-;"https://www.lionstrust.com.br";"Autorizada em Atividade";
48552108;"LIQUIDO INSTITUICAO DE PAGAMENTO LTDA";"AVENIDA DAS NAÇÕES UNIDAS, 14.401";"TORRE A2 - JEQUITIBÁ - CONJUNTO 181, 18 ANDAR";"VILA GERTRUDES";"04794000";"SAO PAULO";"SP";"Brasil";-;-;-;"Autorizada em Atividade";
32971064;"LISTO INSTITUICAO DE PAGAMENTO LTDA";"AV. BRIG. FARIA LIMA, NÚMERO 1663 - 8 ANDAR";-;"JD PAULISTANO";"01452001";"SAO PAULO";"SP";"Brasil";-;-;"https://www.soulisto.com.br";"Autorizada em Atividade";
34088029;"LISTO SOCIEDADE DE CREDITO DIRETO S.A.";"AVENIDA BRIGADEIRO FARIA LIMA, 1663";"8- ANDAR";"JARDIM PAULISTANO";"01452001";"SAO PAULO";"SP";"Brasil";-;-;"https://www.soulisto.com.br";"Autorizada em Atividade";
50032584;"LOAN BRASIL SOCIEDADE DE CRÉDITO DIRETO S.A.";"RUA 24 DE MAIO, N- 339, SALA D, EDIFÍCIO VICENTE";-;"CENTRO";"69010080";"MANAUS";"AM";"Brasil";-;-;-;"Autorizada em Atividade";
19981015;"LOGCARD MEIOS DE PAGAMENTO LTDA";"R MAGDA PERONA FROSSARD, 640";"SALA 05-A";"NOVA ALIANCA";"14026596";"RIBEIRAO PRETO";"SP";"Brasil";-;-;"https://www.logcardbrasil.com.br";-;
34669130;"LP DO BRASIL INSTITUIÇÃO DE PAGAMENTO LTDA.";"RUA AVELINO SILVEIRA FRANCO, 149";"SALA 313-A";"VILLE SAINT HELENE";"13105822";"CAMPINAS";"SP";"Brasil";-;-;"https://localpayment.com/";"Autorizada em Atividade";
60250776;"LUIZA ADMINISTRADORA DE CONSÓRCIOS LTDA";"R DO COMERCIO  1 924";-;"CENTRO";"14400660";"FRANCA";"SP";"Brasil";-;-;"https://www.consorcioluiza.com.br";"Autorizada em Atividade";
2206577;"LUIZACRED S.A. SOCIEDADE DE CRÉDITO, FINANCIAMENTO E INVESTIMENTO";"RUA MARIA PRESTES MAIA  300";"SALA 5A";"CARANDIRU";"02047901";"SAO PAULO";"SP";"Brasil";-;-;"https://www.itau.com.br";"Autorizada em Atividade";
15122605;"LÚMINA CORRETORA DE CÂMBIO LTDA.";"AVENIDA CENTENÁRIO, 2992";"LOJA 427   SHOPPING BARRA";"BARRA";"40140902";"SALVADOR";"BA";"Brasil";-;-;-;"Autorizada em Atividade";
58860976;"M.I6 ADMINISTRADORA DE CONSÓRCIO LTDA.";"PRAÇA OTÁVIO ROCHA, 65";"CJ 26";"CENTRO HISTÓRICO";"90020140";"PORTO ALEGRE";"RS";"Brasil";-;-;"https://www.mi6consorcio.com.br";"Autorizada em Atividade";
36864992;"MAF DISTRIBUIDORA DE TÍTULOS E VALORES MOBILIÁRIOS S.A.";"RUA ALVES GUIMARÃES";-;"PINHEIROS";"05410002";"SAO PAULO";"SP";"Brasil";-;-;"https://www.mafdtvm.com.br";"Autorizada em Atividade";
21995256;"MAG INSTITUICAO DE PAGAMENTO LTDA";"TRAVESSA BELAS ARTES N- 5";"2- ANDAR (PARTE";"CENTRO";"20606000";"RIO DE JANEIRO";"RJ";"Brasil";-;-;-;"Autorizada em Atividade";
61021673;"MAGALUPAY - SOCIEDADE DE CRÉDITO, FINANCIAMENTO E INVESTIMENTO S.A.";"RUA MARIA PRESTES MAIA, 300";"SALA 6G";"CARANDIRU";"02047901";"SAO PAULO";"SP";"Brasil";-;-;-;"Autorizada em Atividade";
13884775;"MAGALUPAY INSTITUIÇÃO DE PAGAMENTO S.A.";"RUA MARIA PRESTES MAIA 300";"SALA 6D";"CARANDIRU";"02047901";"BARUERI";"SP";"Brasil";-;-;-;"Autorizada em Atividade";
17028875;"MAGEN INSTITUICAO DE PAGAMENTO LTDA";"RUA HEITOR STOCKLER DE FRANÇA, 396";"CONJ 1406, 14 ANDAR - CONDOMÍNIO NEO SUPER QUADRA";"CENTRO CÍVICO";"80030030";"CURITIBA";"PR";"Brasil";-;-;-;-;
4250224;"MAGGI ADMINISTRADORA DE CONSÓRCIOS LTDA";"AV DR  OCTAVIANO PEREIRA MENDES  1100   SL 03";-;"CENTRO";"13301000";"ITU";"SP";"Brasil";-;-;"https://www.consorciomaggi.com.br";"Autorizada em Atividade";
44683140;"MAGNUM SOCIEDADE DE CRÉDITO DIRETO S.A.";"ALAMEDA SANTOS 1940";"11 ANDAR   CONJUNTO 111";"CERQUEIRA CESAR";"01418102";"SAO PAULO";"SP";"Brasil";-;-;-;"Autorizada em Atividade";
9370323;"MANDACARU ADMINISTRADORA DE CARTOES S/A";"R DESEMBARGADOR LEITE ALBUQUERQUE";"SALA 701/702";"ALDEOTA";"60150150";"FORTALEZA";"CE";"Brasil";-;-;-;-;
14615234;"MAPBANK INSTITUICAO DE PAGAMENTO LTDA";"AVENIDA OSVALDO REIS, 3385";"SALA 2202A";"PRAIA PRAVA";"88306773";"ITAJAI";"SC";"Brasil";-;-;-;-;
45793395;"MASSEY FERGUSON ADMINISTRADORA DE CONSÓRCIOS LTDA";"RUA  JOAO RAMALHO  30";"1  ANDAR";"VILA NOVA";"13309045";"ITU";"SP";"Brasil";-;-;"https://www.cnmf.com.br";"Autorizada em Atividade";
54024532;"MAX INSTITUIÇÃO DE PAGAMENTO LTDA";"TV SAO JOSÉ 455";"SALA 74";"NAVEGANTES";"90240200";"PORTO ALEGRE";"RS";"Brasil";-;-;-;"Autorizada em Atividade";
76853043;"MENEGALLI ADMINISTRADORA DE CONSÓRCIOS LTDA";"AV ENGENHEIRO MESQUITA, 105";-;"CENTRO";"88900057";"ARARANGUA";"SC";"Brasil";-;-;"https://www.consorciomenegalli.com.br";"Autorizada em Atividade";
46349106;"MERCABENCO ADMINISTRADORA DE CONSORCIO LTDA";"AV. BRASIL, 799";-;"JARDIM AMERICA";"01431000";"SAO PAULO";"SP";"Brasil";-;-;"https://www.mercabenco.com";"Autorizada em Atividade";
16683062;"MERCADO BITCOIN CORRETORA DE TÍTULOS E VALORES MOBILIÁRIOS S.A.";"AVENIDA BRIGADEIRO FARIA LIMA, 2113";"3O ANDAR, SALA 2";"CENTRO";"01452001";"BELO HORIZONTE";"MG";"Brasil";-;-;"https://www.mercadobitcoin.com.br/pay";"Autorizada em Atividade";
11351086;"MERCADO BITCOIN INSTITUICAO DE PAGAMENTO LTDA";"AVENIDA BRIGADEIRO FARIA LIMA, 2113";"AN 3";"JARDIM PAULISTANO";"01452001";"SAO PAULO";"SP";"Brasil";-;-;"https://www.mercadobitcoin.com.br/pay";"Autorizada em Atividade";
37679449;"MERCADO CRÉDITO SOCIEDADE DE CRÉDITO, FINANCIAMENTO E INVESTIMENTO S.A.";"AV. DAS NAÇÕES UNIDAS, N- 3.003";"PARTE G";"BONFIM";"06233903";"OSASCO";"SP";"Brasil";-;-;"https://www.mercadopago.com.br";"Autorizada em Atividade";
57671443;"MERCADO PAGO DISTRIBUIDORA DE TÍTULOS E VALORES MOBILIÁRIOS LTDA.";"AV AVENIDA DAS NACOES UNIDAS, 3003";"PARTE J";"BONFIM";"06233903";"OSASCO";"SP";"Brasil";-;-;"https://www.mercadopago.com.br";"Autorizada em Atividade";
10573521;"MERCADO PAGO INSTITUIÇÃO DE PAGAMENTO LTDA.";"AVENIDA DAS NACOES UNIDAS  3003";-;"BONFIM";"06233903";"OSASCO";"SP";"Brasil";-;-;"https://www.mercadopago.com.br";"Autorizada em Atividade";
17364795;"MERCANTIL DO BRASIL DISTRIBUIDORA S.A. - TÍTULOS E VALORES MOBILIÁRIOS";"RUA RIO DE JANEIRO, 654";"9º ANDAR";"CENTRO";"30160912";"BELO HORIZONTE";"MG";"Brasil";-;-;"https://www.mercantil.com.br";"Autorizada em Atividade";
33040601;"MERCANTIL FINANCEIRA S.A. - SOCIEDADE DE CRÉDITO, FINANCIAMENTO E INVESTIMENTO.";"RUA MINISTRO OROZIMBO NONATO";"15 ANDAR";"VILA DA SERRA";"34006053";"NOVA LIMA";"MG";"Brasil";-;-;"https://www.mercantil.com.br";"Autorizada em Atividade";
162760;"MERCEDES-BENZ LEASING DO BRASIL ARRENDAMENTO MERCANTIL S.A.";"AVENIDA ALFRED JURZYKOWSKI N  562";"PRÉDIO 20, 2- ANDAR";"PAULICEIA";"09680900";"SAO BERNARDO DO CAMPO";"SP";"Brasil";-;-;"https://www.bancomercedesbenz.com.br";"Autorizada em Atividade";
2670590;"MERRILL LYNCH S.A. CORRETORA DE TÍTULOS E VALORES MOBILIÁRIOS";"AV BRIGADEIRO FARIA LIMA, 3400";"11- E 12- ANDARES";"ITAIM BIBI";"04538132";"SAO PAULO";"SP";"Brasil";-;-;"https://www.bofabrasil.com.br/";"Autorizada em Atividade";
41592532;"MÉRITO DISTRIBUIDORA DE TÍTULOS E VALORES MOBILIÁRIOS LTDA.";"RUA FUNCHAL  418";"21  ANDAR";"VILA OLIMPIA";"04551060";"SAO PAULO";"SP";"Brasil";-;-;"https://www.meritodtvm.com.br";"Autorizada em Atividade";
57771416;"MÉRITO SOCIEDADE DE CRÉDITO, FINANCIAMENTO E INVESTIMENTO S.A.";"RUA FUNCHAL 418";"21 ANDAR";"VILA OLIMPIA";"04551060";"SAO PAULO";"SP";"Brasil";-;-;"https://merito.inc/";"Autorizada em Atividade";
32343119;"MÊNTORE INSTITUIÇÃO DE PAGAMENTO S.A.";"AVENIDA DESEMBARGADOR MOREIRA, 1300";"SALA 1105, TORRE NORTE";"ALDEOTA";"60170002";"FORTALEZA";"CE";"Brasil";-;-;"https://www.mentorebank.com.br/";"Autorizada em Atividade";
51834986;"MH SOCIEDADE DE CRÉDITO DIRETO S.A.";"AV. SOUZA NAVES , N° 1060, 2° ANDAR";-;"ZONA 02";"87200316";"CIANORTE";"PR";"Brasil";-;-;-;"Autorizada em Atividade";
45756448;"MICROCASH SOCIEDADE DE CRÉDITO AO MICROEMPREENDEDOR E À EMPRESA DE PEQUENO PORTE LTDA.";"ALAMEDA JOAQUIM EUGÊNIO DE LIMA, 680";"15 ANDAR";"JARDIM PAULISTA";"01403000";"SAO PAULO";"SP";"Brasil";-;-;-;"Autorizada em Atividade";
5076239;"MICROINVEST S.A. SOCIEDADE DE CRÉDITO A MICROEMPREENDEDOR";"PRAÇA ALFREDO EGYDIO DE SOUZA ARANHA,100";"TORRE OLAVO SETUBAL, 6- ANDAR";"PARQUE JABAQUARA";"04344902";"SAO PAULO";"SP";"Brasil";-;-;"https://www.itau.com.br";"Autorizada em Atividade";
9464032;"MIDWAY S.A. - SOCIEDADE DE CRÉDITO, FINANCIAMENTO E INVESTIMENTO";"RUA LEMOS MONTEIRO, 120";"15 ANDAR, PARTE, EDIFÍCIO PINHEIROS ONE";"BUTANTÃ";"05501050";"SAO PAULO";"SP";"Brasil";-;-;"https://www.midway.com.br";"Autorizada em Atividade";
12392983;"MIRAE ASSET (BRASIL) CORRETORA DE CÂMBIO, TÍTULOS  E VALORES MOBILIÁRIOS LTDA.";"AVENIDA BRIGADEIRO FARIA LIMA, Nº 3900";"4º ANDAR";"ITAIM BIBI";"04538132";"SAO PAULO";"SP";"Brasil";-;-;"https://corretora.miraeasset.com.br";"Autorizada em Atividade";
97447304;"MOMENTO DISTRIBUIDORA DE TITULOS E VALORES MOBILIARIOS LTDA";"RUA DA AJUDA, 35, SALA 1901 (PARTE)";-;"CENTRO";"20040915";"RIO DE JANEIRO";"RJ";"Brasil";-;-;-;"Autorizada em Atividade";
63055668;"MONEE SOCIEDADE DE CREDITO, FINANCIAMENTO E INVESTIMENTO S.A.";"AV. BRIGADEIRO FARIA LIMA, 949";"CONJUNTO 601 (PARTE";"PINHEIROS";"05426100";"SAO PAULO";"SP";"Brasil";-;-;"https://shopeepay.com.br";"Autorizada em Atividade";
48751854;"MONEE SOCIEDADE DE CRÉDITO DIRETO S.A.";"AV. BRIGADEIRO FARIA LIMA, 949";"6O ANDAR - PARTE";"PINHEIROS";"05426100";"SAO PAULO";"SP";"Brasil";-;-;-;"Autorizada em Atividade";
46505612;"MONERY INSTITUICAO DE PAGAMENTO S.A.";"RUA ALAMEDA RIO NEGRO, 503, SALA 1810 B";"COND. ESCRITÓRIOS RIO NEGRO,";"ALPHAVILLE";"06454000";"BARUERI";"SP";"Brasil";-;-;-;"Autorizada em Atividade";
12063256;"MONETAR DISTRIBUIDORA DE TÍTULOS E VALORES MOBILIÁRIOS LTDA.";"RUA JOAQUIM FLORIANO";"18º ANDAR, CONJUNTO 182";"ITAIM BIBI";"04534000";"SAO PAULO";"SP";"Brasil";-;-;"https://www.monetar.com.br";"Autorizada em Atividade";
46026562;"MONETARIE SOCIEDADE DE CRÉDITO DIRETO S.A.";"AVENIDA CARLOS GOMES  N  300";"SALA 1502";"BOA VISTA";"90480000";"PORTO ALEGRE";"RS";"Brasil";-;-;-;"Autorizada em Atividade";
30153943;"MONEY CLOUD INSTITUIÇÃO DE PAGAMENTO S.A.";"SMAS TRECHO 03, EDIFÍCIO THE UNION";"BLOCO E - SALA 201";"ZONA IND GUARA";"70610053";"BRASILIA";"DF";"Brasil";-;-;"https://www.moneycloud.com.br";"Pendente de Validação";
8609934;"MONEYCORP BANCO DE CÂMBIO S.A.";"RUA JOAQUIM FLORIANO, 1.052";"CONJS. 71 E 72 EDIFÍCIO BERTOLUCCI";"ITAIM BIBI";"04534004";"SAO PAULO";"SP";"Brasil";-;-;"https://www.bancomoneycorp.com.br";"Autorizada em Atividade";
34666362;"MONOPÓLIO CORRETORA DE CÂMBIO LTDA.";"AVEN BRAZ DE AGUIAR, 202";-;"NAZARE";"66035000";"BELEM";"PA";"Brasil";-;-;"https://www.monopoliocambio.com.br";"Autorizada em Atividade";
50489148;"MONTE BRAVO CORRETORA DE TÍTULOS E VALORES MOBILIÁRIOS S.A.";"RUA MINISTRO JESUÍNO CARDOSO 454";"9- ANDAR, SALA 91";"VILA NOVA CONCEIÇÃO";"04544051";"SAO PAULO";"SP";"Brasil";-;-;"https://www.montebravo.com.br";"Autorizada em Atividade";
4323351;"MORGAN STANLEY CORRETORA DE TÍTULOS E VALORES MOBILIÁRIOS S.A.";"AV. BRIGADEIRO FARIA LIMA, 3.600";"6º ANDAR";"ITAIM BIBI";"04538132";"SAO PAULO";"SP";"Brasil";-;-;-;"Autorizada em Atividade";
5126027;"MOTOASA ADMINISTRADORA DE CONSÓRCIOS LTDA.";"RUA FELIPE ACHe  38";-;"JARDIM SaO LUIZ";"14020240";"RIBEIRAO PRETO";"SP";"Brasil";-;-;"https://www.motoasaconsorcios.com.br";"Autorizada em Atividade";
42622791;"MOTTU SOCIEDADE DE CRÉDITO DIRETO S.A.";"AVENIDA VALDEMAR FERREIRA, 136";-;"BUTANTÃ";"05501010";"SAO PAULO";"SP";"Brasil";-;-;-;"Autorizada em Atividade";
31166683;"MOUNT PAY SERVICOS FINANCEIROS E INSTITUICAO DE PAGAMENTO LTDA";"RUA MARECHAL DEODORO, 869";"CONJ  806, ANDAR 08";"CENTRO";"80060010";"CURITIBA";"PR";"Brasil";-;-;"https://mountbank.com.br/";-;
33959738;"MOVA SOCIEDADE DE EMPRÉSTIMO ENTRE PESSOAS S.A.";"AV. DAS NAÇÕES UNIDAS, 14.401";"TORRE C-1 (SUCUPIRA  DO COMPLEXO PARQUE DA CIDADE";"VILA GERTRUDES";"04794000";"SAO PAULO";"SP";"Brasil";-;-;"https://www.mova.vc";"Autorizada em Atividade";
33444505;"MR S.A INSTITUICAO DE PAGAMENTO";"AVENIDA BRIGADEIRO FARIA LIMA, 2369";"SALA 28, CONJ. 1102";"JARDIM PAULISTANO";"01452922";"SAO PAULO";"SP";"Brasil";-;-;"https://www.mrpay.com.br/";"Autorizada em Atividade";
50871921;"MT INSTITUICAO DE PAGAMENTO SA";"ALAMEDA TOCANTINS, N- 125";"CJ. 2902";"ALPHAVILLE CENTRO";"06455020";"BARUERI";"SP";"Brasil";-;-;-;"Autorizada em Atividade";
46297307;"MUEVY INSTITUICAO DE PAGAMENTO SA";"ALAMEDA RIO NEGRO, 585";"BL A, 2- ANDAR, CONJ. 22";"ALPHAVILLE INDUSTRIA";"06454000";"BARUERI";"SP";"Brasil";-;-;"https://www.muevy.com/";"Autorizada em Atividade";
38593706;"MULTICRED SOCIEDADE DE CRÉDITO DIRETO S.A.";"RUA ALCEU AMOROSO LIMA, N- 276 A";"SALAS 411/412";"CAMINHO DAS ÁRVORES";"41820770";"SALVADOR";"BA";"Brasil";-;-;"https://www.multicredscd.com.br";"Autorizada em Atividade";
4124922;"MULTIMARCAS ADMINISTRADORA DE CONSORCIOS LTDA.";"AV AMAZONAS N- 126";-;"CENTRO";"30180001";"BELO HORIZONTE";"MG";"Brasil";-;-;"https://www.multimarcasconsorcios.com.br";"Autorizada em Atividade";
62448932;"MULTIPLIKE FINANCEIRA S.A. SOCIEDADE DE CRÉDITO, FINANCIAMENTO E INVESTIMENTO";"RUA RUI BARBOSA, 1805";-;"COSTA E SILVA";"89220100";"JOINVILLE";"SC";"Brasil";-;-;"https://www.multiplike.com.br";"Autorizada em Atividade";
3847413;"MULVI INSTITUICAO DE PAGAMENTO S.A.";"RUA GUTEMBERG CHAGAS, 222";-;"INACIO BARBOSA";"49040780";"ARACAJU";"SE";"Brasil";-;-;-;"Autorizada em Atividade";
53822116;"MW INSTITUICAO DE PAGAMENTO LTDA";"ALAMEDA ROLF COLIN, 138 SALA 703";"EDIFICIO ROLF COLIN CORPORATE";"AMERICA";"89204070";"JOINVILLE";"SC";"Brasil";-;-;"https://mwbank.com.br/";"Autorizada em Atividade";
27268770;"MYCON ADMINISTRADORA DE CONSÓRCIOS S.A.";"AV. N. S. DOS NAVEGANTES, 675, 7 ANDAR, SALA 701";-;"ENSEADA DO SUÁ";"29050912";"VITORIA";"ES";"Brasil";-;-;"https://www.mycon.com.br";"Autorizada em Atividade";
40867163;"N26 SOCIEDADE DE CRÉDITO DIRETO S.A.";"AVENIDA REBOUÇAS, N- 3.970";"CONDOMÍNIO EDIFÍCIO ELDORADO BUSINESS TOWER";"PINHEIROS";"05402920";"SAO PAULO";"SP";"Brasil";-;-;"https://n26.com/pt-br";"Autorizada em Atividade";
56047774;"NAGRO SOCIEDADE DE CRÉDITO DIRETO S.A.";"AVENIDA BÉLGICA N.1220";"SALA 08";"TIBERY";"38405030";"UBERLANDIA";"MG";"Brasil";-;-;"https://nagro.com.br/";"Autorizada em Atividade";
9092759;"NAIP INSTITUIÇÃO DE PAGAMENTO S.A.";"ALAMEDA XINGU 512, 8- ANDAR, PARTE";"CONDOMINIO EVOLUITON CORPORATE";"ALPHAVILLE";"06455030";"BARUERI";"SP";"Brasil";-;-;-;"Autorizada em Atividade";
5652765;"NANUQUE ADMINISTRADORA DE CONSÓRCIOS LTDA.";"AVENIDA MUCURI, 1575";-;"CENTRO";"39860000";"NANUQUE";"MG";"Brasil";-;-;"https://www.consorcionanuque.com.br";"Autorizada em Atividade";
48805820;"NATURA &CO PAY SOCIEDADE DE CRÉDITO DIRETO S.A.";"AVENIDA ALEXANDRE COLARES, 1188";"SALA A22D";"VILA JAGUARÁ";"05106000";"SAO PAULO";"SP";"Brasil";-;-;-;"Autorizada em Atividade";
57030391;"NDD INSTITUICAO DE PAGAMENTO LTDA";"RUA HEITOR VILLA LOBOS, 525";"LOTE 1 - QUADR 2 - 5- ANDAR - PQ ORION";"SÃO FRANCISCO";"88506400";"LAGES";"SC";"Brasil";-;-;-;"Autorizada sem Atividade";
6255692;"NDD TECH LTDA";"R HEITOR VILLA LOBOS, 525";"LOTE 01 DA QUADRA 02, 2- E 3- ANDAR";"SÃO FRANCISCO";"88506400";"LAGES";"SC";"Brasil";-;-;"https://ndd.tech/";-;
4379829;"NEGRESCO S.A. - CREDITO, FINANCIAMENTO E INVESTIMENTOS";"RUA JOÃO BETTEGA, 830";-;"PORTÃO";"81070000";"CURITIBA";"PR";"Brasil";-;-;"https://www.credipar.com.br";"Autorizada em Atividade";
12573115;"NEL3 PAY INSTITUICAO DE PAGAMENTO LTDA";"Q CRS 502 W3 SUL";"SN";"ASA SUL";"70330522";"BRASILIA";"DF";"Brasil";-;-;"https://nel3pay.com.br";"Pendente de Validação";
61723847;"NEON CORRETORA DE TÍTULOS E VALORES MOBILIÁRIOS S.A.";"AVENIDA FRANCISCO MATARAZZO, 1.350";"2° ANDAR";"AGUA BRANCA";"05001100";"SAO PAULO";"SP";"Brasil";-;-;"https://neon.com.br/";"Autorizada em Atividade";
11285104;"NEON FINANCEIRA - SOCIEDADE DE CRÉDITO, FINANCIAMENTO E INVESTIMENTO S.A";"AVENIDA FRANCISCO MATARAZZO";"2 ANDAR";"AGUA BRANCA";"05001100";"SAO PAULO";"SP";"Brasil";-;-;"https://neon.com.br/";"Autorizada em Atividade";
20855875;"NEON PAGAMENTOS S.A. - INSTITUIÇÃO DE PAGAMENTO";"AVENIDA FRANCISCO MATARAZZO, 1.350";"ANDAR 2";"AGUA BRANCA";"05001100";"SAO PAULO";"SP";"Brasil";-;-;"https://neon.com.br/";"Autorizada em Atividade";
34254279;"NEXOOS SOCIEDADE DE EMPRÉSTIMO ENTRE PESSOAS S.A.";"RUA BUTANTA 468";"7O ANDAR - SALA 5";"PINHEIROS";"05424000";"SAO PAULO";"SP";"Brasil";-;-;"https://nexoos.com.br";"Autorizada em Atividade";
40710595;"NG CASH INSTITUIÇÃO DE PAGAMENTO LTDA.";"RUA CARDEAL ARCOVERDE,  2365";"4 ANDAR, CJS 42 E 44";"PINHEIROS";"05407003";"SAO PAULO";"SP";"Brasil";-;-;"https://www.ng.cash/";"Autorizada em Atividade";
45597546;"NG CASH SOCIEDADE DE CRÉDITO DIRETO S.A.";"RUA GUILHERMINA GUINLE  272";"7 ANDAR  PARTE II";"BOTAFOGO";"22270060";"RIO DE JANEIRO";"RJ";"Brasil";-;-;-;"Autorizada em Atividade";
65635377;"NGO ASSOCIADOS CORRETORA DE CÂMBIO LTDA.";"PRAÇA ANTONIO PRADO, 33 - 4 ANDAR CJ 402 A 408";-;"CENTRO";"01010010";"SAO PAULO";"SP";"Brasil";-;-;"https://www.ngo.com.br";"Autorizada em Atividade";
87963450;"NIKOS DISTRIBUIDORA DE TÍTULOS E VALORES MOBILIÁRIOS LTDA.";"RUA VISCONDE DE PIRAJÁ, 470";"4° ANDAR";"IPANEMA";"22410002";"RIO DE JANEIRO";"RJ";"Brasil";-;-;-;"Autorizada em Atividade";
;"NINE - SOCIEDADE DE CRÉDITO DIRETO S.A.";"AVENIDA PRESIDENTE CASTELO BRANCO, 7.777";"1° ANDAR, CONJUNTO B";"PARQUE RES. DA LAPA";"05034000";"SAO PAULO";"SP";"Brasil";-;-;-;"Autorizada sem Atividade";
49442607;"NIUM INSTITUICAO DE PAGAMENTO LTDA";"RUA OSCAR FREIRE, 1702";"APTO. 77";"PINHEIROS";"05409011";"SAO PAULO";"SP";"Brasil";-;-;"https://www.nium.com/";"Autorizada sem Atividade";
44921281;"NIXFIN SOCIEDADE DE CRÉDITO DIRETO S.A.";"RUA MADALENA BARBI, 181";-;"CENTRO";"88015190";"FLORIANOPOLIS";"SC";"Brasil";-;-;"https://www.gruponexxees.com";"Autorizada em Atividade";
49204605;"NOSSA TERRA BRASIL COOPERATIVA DE CRÉDITO";"AVENIDA DOUTOR FERNANDO COSTA  S N";-;"CENTRO";"11950000";"CAJATI";"SP";"Brasil";-;-;-;"Autorizada em Atividade";
4257795;"NOVA FUTURA CORRETORA DE TÍTULOS E VALORES MOBILIÁRIOS LTDA.";"ALAMEDA SANTOS, Nº 960";"10º ANDAR";"CERQUEIRA CESAR";"01418002";"SAO PAULO";"SP";"Brasil";-;-;"https://www.novafutura.com.br";"Autorizada em Atividade";
74828799;"NOVO BANCO CONTINENTAL S.A. - BANCO MÚLTIPLO";"RUA URUGUAI  155";"CJ  1308";"CENTRO";"90010140";"PORTO ALEGRE";"RS";"Brasil";-;-;"https://www.nbcbank.com.br";"Autorizada em Atividade";
5395814;"NOVOTEMPO ADMINISTRADORA DE CONSORCIOS LTDA.";"RUA ALVARO RIBEIRO";-;"VILA REHDER";"0013465400";"AMERICANA";"SP";"Brasil";-;-;"https://www.novotempoconsorcio.com.br";"Autorizada em Atividade";
1648418;"NSTECH IP INSTITUICAO DE PAGAMENTO S.A.";"ALAMEDA RIO NEGRO, 585";"SALA 81, BLOCO A";"ALPHAVILLE";"6454000";"BARUERI";"SP";"Brasil";-;-;"https://www.efrete.com.br";"Autorizada em Atividade";
30680829;"NU FINANCEIRA S.A. - SOCIEDADE DE CRÉDITO, FINANCIAMENTO E INVESTIMENTO";"RUA CAPOTE VALENTE, 120";"12 AO 15 ANDARES";"PINHEIROS";"05409000";"SAO PAULO";"SP";"Brasil";-;-;"https://www.nubank.com.br";"Autorizada em Atividade";
62169875;"NU INVESTIMENTOS S.A. - CORRETORA DE TÍTULOS E VALORES MOBILIÁRIOS";"RUA CAPOTE VALENTE, N- 39";"2- AND, CONJ. 01, 6-AND, CONJ, 09 E 8-AND, CONJ. 3";"PINHEIROS";"05409000";"SAO PAULO";"SP";"Brasil";-;-;"https://www.nuinvest.com.br/";"Autorizada em Atividade";
18236120;"NU PAGAMENTOS S.A. - INSTITUIÇÃO DE PAGAMENTO";"RUA CAPOTE VALENTE, N- 120";"01- A 08- ANDAR, 09- ANDAR, CONJ 902, E 16- ANDAR";"PINHEIROS";"05409000";"SAO PAULO";"SP";"Brasil";-;-;"https://www.nubank.com.br";"Autorizada em Atividade";
18145784;"NUMATUR CORRETORA DE CÂMBIO LTDA.";"RUA MARIA CÂNDIDA, Nº 1455";-;"VILA GUILHERME";"02071012";"SAO PAULO";"SP";"Brasil";-;-;-;"Autorizada em Atividade";
68742204;"NUMBER ONE SOCIEDADE CORRETORA DE CAMBIO LTDA.";"RUA DO CARMO, 8 - 7- - ANDAR";-;"CENTRO";"20011020";"RIO DE JANEIRO";"RJ";"Brasil";-;-;"https://www.number.com.br";"Autorizada em Atividade";
38129006;"NUMBRS SOCIEDADE DE CRÉDITO DIRETO S.A.";"RUA DR. CANDIDO ESPINHEIRA, 560";"1º ANDAR";"PERDIZES";"05004000";"SAO PAULO";"SP";"Brasil";-;-;"https://www.numbrs.com.br";"Autorizada em Atividade";
32219232;"NUPAY FOR BUSINESS INSTITUICAO DE PAGAMENTO LTDA.";"RUA CAPOTE VALENTE, N° 120";"10- E 11- ANDARES";"PINHEIROS";"05409000";"SAO PAULO";"SP";"Brasil";-;-;"https://www.nubank.com.br";"Autorizada em Atividade";
38297374;"NUVENDE REPRESENTACAO COMERCIAL E INTERMEDIACAO DE PAGAMENTO  LTDA";"ALAMED RIO NEGRO 1030 SALA  ESCRITORIO 206";"COND  STADIUM";"ALPHAVILLE CENTRO I";"06454000";"BARUERI";"SP";"Brasil";-;-;"https://nuvende.com.br/";-;
35136120;"NVIO BRASIL BITSO INSTITUIÇÃO DE PAGAMENTO LTDA";"RUA POTIGUAR MEDEIROS S/N";"ANDAR 2 SALA 211";"PINHEIROS";"5422100";"SAO PAULO";"SP";"Brasil";-;-;"https://bitso.com/br";"Autorizada em Atividade";
51118718;"NVIO BRASIL SOCIEDADE DE CRÉDITO DIRETO S.A.";"RUA POTIGUAR MEDEIROS, S/N";"2- ANDAR, SALA N- 211";"PINHEIROS";"5422100";"SAO PAULO";"SP";"Brasil";-;-;"https://bitso.com/br";"Autorizada em Atividade";
30980539;"OKTO INSTITUIÇÃO DE PAGAMENTO S.A.";"RUA LUIGI GALVANI, 200";"CJ 81";"CIDADE MONÇÕES";"4575020";"SAO PAULO";"SP";"Brasil";-;-;"https://www.oktopay.com.br";"Autorizada em Atividade";
36113876;"OLIVEIRA TRUST DISTRIBUIDORA DE TÍTULOS E VALORES MOBILIARIOS S.A.";"AVENIDA DAS AMERICAS, 3434";"BLOCO 07, GRUPO 201";"BARRA DA TIJUCA";"22640102";"RIO DE JANEIRO";"RJ";"Brasil";-;-;"https://www.oliveiratrust.com.br";"Autorizada em Atividade";
11495073;"OM DISTRIBUIDORA DE TÍTULOS E VALORES MOBILIÁRIOS LTDA";"AVENIDA CIDADE JARDIM, 400";"173, 174, 175 E 176";"JARDIM PAULISTANO";"01454000";"SAO PAULO";"SP";"Brasil";-;-;"https://ourominas.com/om";"Autorizada em Atividade";
43010260;"OMIE INSTITUICAO DE PAGAMENTO LTDA.";"AV. JURUBATUBA, 460";"PARTE B";"VILA CORDEIRO";"04583100";"SAO PAULO";"SP";"Brasil";-;-;-;"Autorizada em Atividade";
60850229;"OMNI BANCO S.A.";"RUA DOUTOR JOAO BORGES FILHO, S/N";"5- ANDAR - CONJUNTO 502";"VILA NOVA CONCEIÇÃO";"04507120";"SAO PAULO";"SP";"Brasil";-;-;"https://rebrand.ly/whatsappouvidoriaomni";"Autorizada em Atividade";
92228410;"OMNI S.A. - CREDITO FINANCIAMENTO E INVESTIMENTO";"RUA DOUTOR JOÃO BORGES FILHO, S/N";"5- ANDAR - CONJUNTO 503";"VILA NOVA CONCEIÇÃO";"04507120";"SAO PAULO";"SP";"Brasil";-;-;"https://rebrand.ly/whatsappouvidoriaomni";"Autorizada em Atividade";
18846364;"OMNI S.A. ARRENDAMENTO MERCANTIL";"RUA DOUTOR JOAO BORGES FILHO, S/N";"5- ANDAR - CONJUNTO 502";"VILA NOVA CONCEIÇÃO";"04507120";"SAO PAULO";"SP";"Brasil";-;-;"https://rebrand.ly/whatsappouvidoriaomni";"Autorizada em Atividade";
44650156;"ONCRED - SOCIEDADE DE CRÉDITO DIRETO S.A.";"RUA TAPAJOS, 941";-;"BARCELONA";"09551230";"SAO CAETANO DO SUL";"SP";"Brasil";-;-;-;"Autorizada em Atividade";
35210410;"ONEKEY PAYMENTS INSTITUICAO DE PAGAMENTO SA";"ALAMEDA RIO NEGRO, 585";"CONJ 22 A, PARTE, ANDAR 2";"ALPHAVILLE";"06454000";"BARUERI";"SP";"Brasil";-;-;"https://www.onekeypayments.com/";"Autorizada em Atividade";
29477089;"ONLY UP SERVICOS FINANCEIROS LTDA";"AVENIDA BRIGADEIRO FARIA LIMA, 1461";"CJ 183 SL02";"JARDIM PAULISTANO";"01452002";"SAO JOSE DOS CAMPOS";"SP";"Brasil";-;-;"https://www.onlyup.com.br";-;
7333726;"ONNIX CORRETORA DE CÂMBIO LTDA.";"RUA GENERAL CÂMARA, 243";"CJ. 502";"CENTRO";"90010230";"PORTO ALEGRE";"RS";"Brasil";-;-;"https://www.onnix.com.br";"Autorizada em Atividade";
20919916;"OPÇÃO ADMINISTRADORA DE CONSÓRCIOS LTDA";"RUA PEÇANHA, 300";-;"CENTRO";"35010161";"GOVERNADOR VALADARES";"MG";"Brasil";-;-;"https://www.consorciogarantia.com.br";"Autorizada em Atividade";
39519944;"OPEA SOCIEDADE DE CRÉDITO DIRETO S.A.";"RUA GIRASSOL, 555";-;"VILA MADALENA";"05433001";"SAO PAULO";"SP";"Brasil";-;-;"https://www.opea.com.br";"Autorizada em Atividade";
44064068;"OPPENS SOCIEDADE DE EMPRESTIMO ENTRE PESSOAS S.A";"SETOR BANCÁRIO NORTE - SBN QUADRA 2, BLOCO F";"EDIFÍCIO VIA CAPITAL, SALA 407";"ASA NORTE";"70040020";"BRASILIA";"DF";"Brasil";-;-;"https://www.oppens.com.br";"Autorizada em Atividade";
1582158;"OPPORTUNITY DISTRIBUIDORA DE TÍTULOS E VALORES MOBILIÁRIOS LTDA";"RUA VISCONDE DE PIRAJA 351";"14  ANDAR (PARTE";"IPANEMA";"20030021";"RIO DE JANEIRO";"RJ";"Brasil";-;-;-;"Autorizada em Atividade";
13673855;"OSLO CAPITAL DISTRIBUIDORA DE TÍTULOS E VALORES MOBILIÁRIOS S.A";"RUA DR. EDUARDO DE SOUZA ARANHA,153";"4- ANDAR";"VILA NOVA CONCEIÇÃO";"04543120";"SAO PAULO";"SP";"Brasil";-;-;"https://www.oslodtvm.com";"Autorizada em Atividade";
78632767;"OURIBANK S.A. BANCO MÚLTIPLO";"AVENIDA PAULISTA  1728";"SOBRELOJA 1 2 3 4 5 E 7   ANDARES";"BELA VISTA";"01310919";"SAO PAULO";"SP";"Brasil";-;-;"https://www.ourinvest.com.br";"Autorizada em Atividade";
37839059;"OWEM PAY INSTITUICAO DE PAGAMENTO LTDA";"AV CAUAXI, 350";"SALA 1303 1304";"ALPHAVILLE CENTRO";"06454020";"BARUERI";"SP";"Brasil";-;-;"https://owem.com.br/";-;
18282093;"OXY COMPANHIA HIPOTECÁRIA";"AV PLINIO BRASIL MILANO 567";"SALA 1001";"AUXILIADORA";"90520002";"PORTO ALEGRE";"RS";"Brasil";-;-;"https://respireoxy.com.br/";"Autorizada em Atividade";
62667674;"OXY DISTRIBUIDORA DE TÍTULOS E VALORES MOBILIÁRIOS S.A.";"AVENIDA PLÍNIO BRASIL MILANO 567";"SALA 1001";"AUXILIADORA";"90520002";"PORTO ALEGRE";"RS";"Brasil";-;-;-;"Autorizada em Atividade";
4062902;"OZ CORRETORA DE CÂMBIO S.A.";"ALAMEDA SANTOS, N- 700";"CONJUNTO 132";"CERQUEIRA CÉSAR";"01418002";"SAO PAULO";"SP";"Brasil";-;-;"https://ozcambio.com.br/";"Autorizada em Atividade";
55841657;"ÓPERA SOCIEDADE DE CRÉDITO DIRETO S.A.";"RUA JOÃO PICOLLI, 322";"SALA 402";"CENTRO";"89251702";"JARAGUA DO SUL";"SC";"Brasil";-;-;-;"Autorizada em Atividade";
34335592;"ÓTIMO SOCIEDADE DE CRÉDITO DIRETO S.A.";"ALAMEDA MADEIRA";"10- ANDAR - SALAS 1001,1002, 1005 E 1006";"ALPHAVILLE EMPRESARI";"06454010";"BARUERI";"SP";"Brasil";-;-;"https://www.otimoscd.com.br";"Autorizada em Atividade";
46996177;"P R DO BRASIL INSTITUICAO DE PAGAMENTOS LTDA";"RUA ARIZONA, 491, 12 ANDAR";"CJ 121, SALA B";"CIDADE MONÇÕES";"04567001";"SAO PAULO";"SP";"Brasil";-;-;-;"Autorizada em Atividade";
73279093;"PACIFIC INVEST DISTRIBUIDORA DE TITULOS E VALORES MOBILIARIOS LTDA";"RUA SETE DE SETEMBRO, 20";"TÉRREO";"CENTRO";"89600000";"JOACABA";"SC";"Brasil";-;-;"https://www.pacificinvest.com.br";"Autorizada em Atividade";
25104230;"PAGARE INSTITUICAO DE PAGAMENTO S.A.";"AV. PAULISTA, 1337";"11- ANDAR, CONJ. 112";"BELA VISTA";"01311200";"SAO PAULO";"SP";"Brasil";-;-;"https://www.pagare.app";"Autorizada em Atividade";
55251092;"PAGBRASIL TECNOLOGIA INSTITUIÇÃO DE PAGAMENTO LTDA.";"AVENIDA CARLOS GOMES, 1122";"TORRE A, 11- ANDAR";"TRÊS FIGUEIRAS";"90470282";"PORTO ALEGRE";"RS";"Brasil";-;-;-;"Autorizada em Atividade";
17819084;"PAGCERTO INSTITUICAO DE PAGAMENTO LTDA.";"R ITAPAIUNA 2434";"ANDAR TERREO SALA 08";"JARDIM MORUMBI";"5.707-001";"SAO PAULO";"SP";"Brasil";-;-;"https://pagcerto.com.br";"Autorizada em Atividade";
20110153;"PAGHIPER INSTITUIÇAO DE PAGAMENTO LTDA.";"AV. PARANÁ, 326";"1 ANDAR";"CENTRO";"87704100";"PARANAVAI";"PR";"Brasil";-;-;"https://www.paghiper.com";"Autorizada em Atividade";
46403683;"PAGINVEST CORRETORA DE TITULOS E VALORES MOBILIARIOS LTDA.";"AVENIDA BRIGADEIRO FARIA LIMA, N- 1.485,";"10- ANDAR";"JARDIM PAULISTANO";"01452002";"SAO PAULO";"SP";"Brasil";-;-;"https://pagseguro.vc/ouvidoria";"Autorizada em Atividade";
34471744;"PAGME INSTITUIÇÃO DE PAGAMENTO LTDA.";"RUA CÔNEGO THOMAZ FONTES, 145";"EDIFÍCIO LION CENTER SALA 1702";"CENTRO";"88301100";"ITAJAI";"SC";"Brasil";-;-;"https://www.pagme.app";"Autorizada em Atividade";
48176336;"PAGOL SOCIEDADE DE CRÉDITO DIRETO S.A.";"ALAMEDA RIO NEGRO";"EDIFICIO PADAURI, BL B, 4 ANDAR, CJ. 41";"ALPHAVILLE";"06454000";"BARUERI";"SP";"Brasil";-;-;-;"Autorizada em Atividade";
30944783;"PAGPRIME INSTITUICAO DE PAGAMENTO LTDA";"AVENIDA DEPUTADO JAMEL CECÍLIO, 2929";"QUADRA B27, SALA 301, BROOKSFIELD TOWER";"JARDIM GOIÁS";"74810100";"GOIANIA";"GO";"Brasil";-;-;-;"Autorizada em Atividade";
8561701;"PAGSEGURO INTERNET INSTITUIÇÃO DE PAGAMENTO S.A.";"AVENIDA BRIGADEIRO FARIA LIMA  N  1 384";"1- AO 10- ANDARES, SALÃO E MEZANINO";"JARDIM PAULISTANO";"01451001";"SAO PAULO";"SP";"Brasil";-;-;"https://pagseguro.vc/ouvidoria";"Autorizada em Atividade";
37753531;"PAGSMILE INSTITUIÇÃO DE PAGAMENTO LTDA.";"ALAMEDA SANTOS, N 1.940";"CONJUNTO 141";"CERQUEIRA CÉSAR";"01419100";"SAO PAULO";"SP";"Brasil";-;-;-;"Autorizada em Atividade";
40478262;"PAGSTAR INSTITUIÇÃO DE PAGAMENTO S.A.";-;-;-;-;"BARUERI";"SP";"Brasil";-;-;-;"Em Digitação";
3816413;"PAGUEVELOZ INSTITUIÇÃO DE PAGAMENTO LTDA.";"RUA ALMIRANTE TAMANDARE 1024";"SALA MEZANINO";"VILA NOVA";"89035000";"BLUMENAU";"SC";"Brasil";-;-;"https://www.pagueveloz.com.br";"Autorizada em Atividade";
49889190;"PALMA SOCIEDADE DE CRÉDITO DIRETO S.A.";"RUA TIJUCO PRETO, 249";"10 ANDAR";"TATUAPÉ";"03317000";"SAO PAULO";"SP";"Brasil";-;-;-;"Autorizada em Atividade";
2682287;"PAN FINANCEIRA S.A. - SOCIEDADE DE CRÉDITO, FINANCIAMENTO E INVESTIMENTOS";"AVENIDA PAULISTA, 1374";"16- ANDAR";"BELA VISTA";"01310100";"SAO PAULO";"SP";"Brasil";-;-;"https://www.bancopan.com.br";"Autorizada em Atividade";
14388334;"PARANÁ BANCO S.A.";"RUA COMENDADOR ARAÚJO, 614";"5- ANDAR";"BATEL";"80420063";"CURITIBA";"PR";"Brasil";-;-;"https://www.paranabanco.com.br";"Autorizada em Atividade";
3311443;"PARATI - CREDITO, FINANCIAMENTO E INVESTIMENTO S.A.";"AVENIDA NOSSA SENHORA DA PENHA, 2796";"SALA 804";"SANTA LUZIA";"29045402";"VITORIA";"ES";"Brasil";-;-;-;"Autorizada em Atividade";
28979546;"PARTNERBANK INSTITUICAO DE PAGAMENTO S.A.";"RUA DO ROCIO, 288";"10- ANDAR ED UFFICIO 2000 CONJ 103 E 104";"VILA OLIMPIA";"04552000";"SAO PAULO";"SP";"Brasil";-;-;-;"Autorizada em Atividade";
40820176;"PAY BROKERS IP INSTITUICAO DE PAGAMENTO LTDA.";"RUA JULIA WANDERLEY, 165";-;"MERCES";"80430030";"CURITIBA";"PR";"Brasil";-;-;-;"Autorizada em Atividade";
36690516;"PAY INSTITUICAO DE PAGAMENTO S.A.";"AVENIDA AUGUSTO MEYER, N. 40";"SALA 504";"AUXILIADORA";"90550110";"PORTO ALEGRE";"RS";"Brasil";-;-;"https://www.pay.com.br";"Autorizada em Atividade";
44815065;"PAY2ALL INSTITUICAO DE PAGAMENTO LTDA";"AVENIDA BRIGADEIRO FARIA LIMA, 4.055";"1O ANDAR";"ITAIM BIBI";"04538133";"SAO PAULO";"SP";"Brasil";-;-;"https://www.nuvei.com";"Autorizada em Atividade";
20757199;"PAY4FUN INSTITUICAO DE PAGAMENTO S.A.";"AV ROQUE PETRONI JUNIOR, 850";"EDIF BACAETAVA - 16 ANDAR";"JARDIM DAS ACACIAS";"04707000";"SAO PAULO";"SP";"Brasil";-;-;"https://www.p4f.com";"Autorizada em Atividade";
32982245;"PAYFACE INSTITUICAO DE PAGAMENTO S.A.";"RUA NERY CARDOSO BITTENCOURT, 278";"SOBRELOJA";"SANTA MÔNICA";"88035100";"FLORIANOPOLIS";"SC";"Brasil";-;-;"https://payface.com.br/";"Autorizada em Atividade";
28683892;"PAYMEE BRASIL INSTITUIÇÃO DE PAGAMENTO S.A.";"RUA OSCAR FREIRE , 524";-;"CERQUEIRA CESAR";"01426000";"SAO PAULO";"SP";"Brasil";-;-;-;"Autorizada em Atividade";
10878448;"PAYPAL DO BRASIL INSTITUIÇÃO DE PAGAMENTO LTDA.";"AVENIDA PAULISTA, 1048";"8° E 13° ANDARES";"BELA VISTA";"01310100";"SAO PAULO";"SP";"Brasil";-;-;"https://www.paypal.com/br/home";"Autorizada em Atividade";
58674454;"PB SOCIEDADE DE CREDITO DIRETO S.A.";"RUA JOSE VERSOLATO 111";"BLOCO B SALA 1814";"CENTRO";"09750730";"SAO BERNARDO DO CAMPO";"SP";"Brasil";-;-;-;"Autorizada em Atividade";
44019481;"PEAK SOCIEDADE DE EMPRÉSTIMO ENTRE PESSOAS S.A.";"RUA CUBATAO  86";"SALA 1 704";"VILA MARIANA";"04013000";"SAO PAULO";"SP";"Brasil";-;-;"https://www.peakinvest.com.br";"Autorizada em Atividade";
43180355;"PEFISA S.A. - CRÉDITO, FINANCIAMENTO E INVESTIMENTO";"AVENIDA FRANCISCO MATARAZZO, 1400, CJ.121";"EDIFÍCIO TORINO";"AGUA BRANCA";"05001903";"SAO PAULO";"SP";"Brasil";-;-;"https://pefisa.com.br";"Autorizada em Atividade";
17343682;"PENTAGONO S/A DISTRIBUIDORA DE TITULOS E VALORES MOBILIARIOS";"AVENIDA DAS AMERICAS, 4200";"SALA 302, 303 E 304 - BL. 08 - ALA B";"BARRA DA TIJUCA";"22640102";"RIO DE JANEIRO";"RJ";"Brasil";-;-;"https://www.pentagonotrustee.com.br";"Autorizada em Atividade";
48707451;"PERCAPITAL SOCIEDADE DE CRÉDITO DIRETO S.A.";"RUA JOÃO PEDRO DE SOUZA 139";"PREDIO";"MONTE LIBANO";"79004680";"CAMPO GRANDE";"MS";"Brasil";-;-;"https://www.percapital.com.br";"Autorizada em Atividade";
57905133;"PERSONAL SOCIEDADE DE CRÉDITO DIRETO S.A.";"RUA DEODORO, 181";"SALA 402";"CENTRO";"88010020";"FLORIANOPOLIS";"SC";"Brasil";-;-;-;"Autorizada em Atividade";
9516419;"PICPAY BANK - BANCO MÚLTIPLO S.A";"AV MANUEL BANDEIRA 291";"COND ATLAS OFFICE PARK BLOCO B ANDAR 3";"VILA LEOPOLDINA";"05317020";"SAO PAULO";"SP";"Brasil";-;-;"https://www.picpay.com";"Autorizada em Atividade";
22896431;"PICPAY INSTITUIÇÃO DE PAGAMENTO S.A.";"AV MANUEL BANDEIRA, 291, COND. ATLAS OFFICE PARK";"BLOCO A, 1- A 3- AND, BLOCO B, 3- AND.";"VILA LEOPOLDINA";"05317020";"SAO PAULO";"SP";"Brasil";-;-;"https://www.picpay.com.br";"Autorizada em Atividade";
7138049;"PICPAY INVEST DISTRIBUIDORA DE TÍTULOS E VALORES MOBILIÁRIOS LTDA";"RUA PORTO UNIAO";"3. ANDAR";"BROOKLIN";"04568020";"SAO PAULO";"SP";"Brasil";-;-;"https://picpay.com/investimentos";"Autorizada em Atividade";
17079937;"PINBANK BRASIL INSTITUIÇÃO DE PAGAMENTO S.A.";"AVENIDA PAULISTA, 1063";"SAO PAULO";"BELA VISTA";"01311200";"SAO PAULO";"SP";"Brasil";-;-;"https://www.pinbank.com.br";"Autorizada em Atividade";
92236777;"PINE INVESTIMENTOS DISTRIBUIDORA DE TÍTULOS E VALORES MOBILIÁRIOS LTDA";"AV. PRES. JUSCELINO KUBITSCHEK, 1.830 - SL 61 A 64";"6 AND - BL 1 A 4 - CONDOMÍNIO ED. SÃO LUIZ";"VILA NOVA CONCEIÇÃO";"04543900";"SAO PAULO";"SP";"Brasil";-;-;"https://www.pine.com";"Autorizada em Atividade";
17768068;"PINPAG INSTITUIÇÃO DE PAGAMENTO S.A.";"RUA NITERÓI, 400.";"CONJUNTO 1005 A 1008";"CENTRO";"09510200";"SAO CAETANO DO SUL";"SP";"Brasil";-;-;"https://www.pinpag.com.br";"Autorizada em Atividade";
35274306;"PINTOS S.A. CREDITO, FINANCIAMENTO E INVESTIMENTO";"RUA 13 DE MAIO, 154";"CENTRO NORTE";"CENTRO";"64000150";"TERESINA";"PI";"Brasil";-;-;"https://www.pincred.com.br";"Autorizada em Atividade";
806535;"PLANNER CORRETORA DE VALORES S.A.";"AVENIDA BRIGADEIRO FARIA LIMA, Nº 3.900";"10º ANDAR - COND. ED. PEDRO MARIZ - B31";"ITAIM BIBI";"04538132";"SAO PAULO";"SP";"Brasil";-;-;"https://www.planner.com.br";"Autorizada em Atividade";
5684234;"PLANNER SOCIEDADE DE CRÉDITO DIRETO S.A.";"AV. BRIGADEIRO FARIA LIMA, Nº 3900";"10º ANDAR-COND.EDIF.PEDRO MARIZ-B31";"ITAIM BIBI";"04538132";"SAO PAULO";"SP";"Brasil";-;-;"https://www.planner.com.br";"Autorizada em Atividade";
35551187;"PLANTAE S.A. - CRÉDITO, FINANCIAMENTO E INVESTIMENTO";"AVENIDA CORONEL JOSE SOARES MARCONDES 983";"2 ANDAR - SALAS 21 E 22 E 3 ANDAR - SALAS 31 E 32";"BOSQUE";"19010080";"PRESIDENTE PRUDENTE";"SP";"Brasil";-;-;"https://www.plantaeagrocredito.com.br";"Autorizada em Atividade";
37943755;"PLUGGY BRASIL INSTITUICAO DE PAGAMENTO LTDA";"RUA CORONEL JOSÉ EUSÉBIO, N- 95";"CASA 13";"HIGIENÓPOLIS";"01239030";"SAO PAULO";"SP";"Brasil";-;-;"https://www.pluggy.ai/";"Autorizada em Atividade";
30798783;"PLUXEE INSTITUIÇÃO DE PAGAMENTO BRASIL S.A.";"AVENIDA DRA. RUTH CARDOSO N 7221";"CONJUNTO 901, BLOCO A, 9- ANDAR, ED BIRMANN 21";"PINHEIROS";"05425902";"SAO PAULO";"SP";"Brasil";-;-;-;"Autorizada em Atividade";
44128548;"POMELO INSTITUICAO DE PAGAMENTO LTDA.";"AVENIDA DAS NAÇÕES UNIDAS, 12551";"23- ANDAR";"BROOKLIN PAULISTA";"04578903";"SAO PAULO";"SP";"Brasil";-;-;"https://pomelo.la/br";"Autorizada em Atividade";
48041735;"PORTO SEGURO ADMINISTRADORA DE CONSÓRCIOS LTDA";"ALAMEDA BARÃO DE PIRACICABA, N° 740";"1- ANDAR";"CAMPOS ELÍSEOS";"01216012";"SAO PAULO";"SP";"Brasil";-;-;"https://porto.vc/chat-porto-bank";"Autorizada em Atividade";
87433413;"PORTOBENS ADMINISTRADORA DE CONSORCIOS LTDA";"AVENIDA MURCHID HOMSI 1404";"BLOCO C, 1 ANDAR, LETRA A";"VILA DINIZ";"15013000";"SAO JOSE DO RIO PRETO";"SP";"Brasil";-;-;"https://rodobens.com.br";"Autorizada em Atividade";
40303299;"PORTOPAR DISTRIBUIDORA DE TITULOS E VALORES MOBILIARIOS LTDA.";"ALAMEDA RIBEIRO DA SILVA, Nº 275";"1º ANDAR - PARTE";"CAMPOS ELISEOS";"01217011";"SAO PAULO";"SP";"Brasil";-;-;"https://www.portopar.com.br";"Autorizada em Atividade";
4862600;"PORTOSEG S.A. - CREDITO, FINANCIAMENTO E INVESTIMENTO";"ALAMEDA BARAO DE PIRACICABA  N  740";"ED ROSA GARFINKEL   4  ANDAR   LADO B";"CAMPOS ELÍSEOS";"01216012";"SAO PAULO";"SP";"Brasil";-;-;"https://porto.vc/chat-porto-bank";"Autorizada em Atividade";
7945233;"PÓLOCRED   SOCIEDADE DE CRÉDITO AO MICROEMPREENDEDOR E À EMPRESA DE PEQUENO PORTE LTDA.";"AVENIDA PREFEITO OSMAR CUNHA, 183";"BLOCO A   SALA 902";"CENTRO";"88015100";"FLORIANOPOLIS";"SC";"Brasil";-;-;"https://www.polocred.com.br";"Autorizada em Atividade";
21041840;"PPRO BRASIL LTDA";"AV BRIGADEIRO FARIA LIMA, 1309";"4- ANDAR";"PINHEIROS";"01452002";"SAO PAULO";"SP";"Brasil";-;-;"https://www.ppro.com/countries/brazil/";-;
51597300;"PRIMO ROSSI ADMINISTRADORA DE CONSÓRCIO LTDA.";"RUA DA CONSOLACAO 372";-;"CONSOLACAO";"01302000";"SAO PAULO";"SP";"Brasil";-;-;"https://www.primorossi.com.br";"Autorizada em Atividade";
3635061;"PROFITTO - SOCIEDADE DE CRÉDITO AO MICROEMPREENDEDOR E À EMPRESA DE PEQUENO PORTE LTDA.";"RUA PASCHOAL BARDARO";"12 ANDAR";"JARDIM SÃO LUIS";"14021655";"RIBEIRAO PRETO";"SP";"Brasil";-;-;-;"Autorizada em Atividade";
9111444;"PROMOVE ADMINISTRADORA DE CONSÓRCIO LTDA.";"RUA HORTÊNCIA HELENA DE AMORIM BRITO, NO 13.008";"SALA 07B SALA 08B SALA 09B SALA 10B";"JARDIM AMERICA";"58102660";"CABEDELO";"PB";"Brasil";-;-;-;"Autorizada em Atividade";
41560568;"PRONANCE SOCIEDADE CORRETORA DE CÂMBIO LTDA";"RUA VOLUNTARIOS DA PATRIA, 463";"LOJA 03";"CENTRO";"80020000";"CURITIBA";"PR";"Brasil";-;-;"https://www.pronance.com.br";"Autorizada em Atividade";
40276692;"PROTEGE CASH INSTITUIÇÃO DE PAGAMENTO S.A.";"RUA VISCONDE DE OURO PRETO, N- 74 - 3- ANDAR";"LADO B";"CONSOLAÇÃO";"01303060";"SAO PAULO";"SP";"Brasil";-;-;"https://www.paycashprotege.com.br";"Autorizada em Atividade";
35713491;"PROTOTYPE INSTITUICAO DE PAGAMENTO S.A.";"AV. GAL FURTADO DO NASCIMENTO, N- 740";"CONJUNTO 121";"PINHEIROS";"05465070";"SAO PAULO";"SP";"Brasil";-;-;"https://www.treeal.com";"Autorizada em Atividade";
31818873;"QESH INSTITUICAO DE PAGAMENTO LTDA";"ALAMEDA DO INGA 16";"1 ANDAR";"VALE DO SERENO";"34006042";"NOVA LIMA";"MG";"Brasil";-;-;-;"Autorizada em Atividade";
62285390;"QI CORRETORA DE TÍTULOS E VALORES MOBILIÁRIOS S.A.";"AV.BRIGADEIRO FARIA LIMA, 1355";"3 ANDAR";"JARDIM PAULISTANO";"01452002";"SAO PAULO";"SP";"Brasil";-;-;"https://www.singulare.com.br";"Autorizada em Atividade";
32402502;"QI SOCIEDADE DE CRÉDITO DIRETO S.A.";"R GILBERTO SABINO, 215";"ANDAR 14 CONJ 1401 A 1404 SALA E";"PINHEIROS";"05425020";"SAO PAULO";"SP";"Brasil";-;-;"https://qitech.com.br/";"Autorizada em Atividade";
36583700;"QISTA S.A. - CRÉDITO, FINANCIAMENTO E INVESTIMENTO";"AVENIDA MAGALHÃES DE CASTRO, N- 4.800";"CONTINENTAL TOWER, 5- ANDAR, CONJUNTO 505";"CIDADE JARDIM";"05676120";"SAO PAULO";"SP";"Brasil";-;-;"https://www.souqista.com.br";"Autorizada em Atividade";
62264924;"QORE DISTRIBUIDORA DE TITULOS E VALORES MOBILIÁRIOS LTDA";"RUA FIDÊNCIO RAMOS, 302";"10- ANDAR - CONJUNTO 101";"VILA OLIMPIA";"04551010";"SAO PAULO";"SP";"Brasil";-;-;"https://qoredtvm.com.br/";"Autorizada em Atividade";
49555647;"QUADRA SOCIEDADE DE CRÉDITO DIRETO S.A.";"RUA JOAQUIM FLORIANO 940 ANDAR 6";"6- ANDAR";"ITAIM BIBI";"04534004";"SAO PAULO";"SP";"Brasil";-;-;-;"Autorizada em Atividade";
27836377;"QUALINVEST ADMINISTRADORA DE CONSÓRCIOS LTDA.";"AVENIDA BRIGADEIRO FARIA LIMA  1461  CONJUNTO 151";-;"JARDIM PAULISTANO";"01452002";"SAO PAULO";"SP";"Brasil";-;-;-;"Autorizada em Atividade";
42064545;"QUANTO NETWORK INSTITUICAO DE PAGAMENTO LTDA.";"RUA CAPITÃO ANTONIO ROSA 409";"PARTE";"PINHEIROS";"01443010";"SAO PAULO";"SP";"Brasil";-;-;"https://www.quan.to";"Autorizada em Atividade";
1722480;"QUERO-QUERO VERDECARD INSTITUIÇÃO DE PAGAMENTO S.A.";"AVENIDA GENERAL FLORES DA CUNHA  N  1 943  CENTRO";"SALA 1";"VILA CACHOEIRINHA";"94910003";"CACHOEIRINHA";"RS";"Brasil";-;-;"https://www.verdecard.com.br/";"Autorizada em Atividade";
49035310;"QUEROCRED SOCIEDADE DE CRÉDITO DIRETO S.A.";"RUA ANTONIO FREDERICO OZANAN, 101";"3 ANDAR";"SAO LUIS";"92420360";"CANOAS";"RS";"Brasil";-;-;"https://www.querocred.com.br";"Autorizada em Atividade";
42547503;"QYON INSTITUICAO DE PAGAMENTO LTDA";"RUA CARIJÓS, N- 800, QUADRA GLEBA C2A";-;"PARQUE NOVO MUNDO";"13467800";"AMERICANA";"SP";"Brasil";-;-;-;"Autorizada sem Atividade";
91108027;"RANDON ADMINISTRADORA DE CONSÓRCIOS LTDA.";"AVENIDA RUBEM BENTO ALVES  1469";"SALA 4";"INTERLAGOS";"95052105";"CAXIAS DO SUL";"RS";"Brasil";-;-;"https://www.randonconsorcios.com.br";"Autorizada em Atividade";
40269467;"RAPIDIUM SOCIEDADE DE CRÉDITO AO MICROEMPREENDEDOR E À EMPRESA DE PEQUENO PORTE S.A.";"RUA DA LIBERDADE 1778";"SALA 02";"CENTRO";"85900130";"TOLEDO";"PR";"Brasil";-;-;"https://www.rapidium.com.br";"Autorizada em Atividade";
89960090;"RB INVESTIMENTOS DISTRIBUIDORA DE TITULOS E VALORES MOBILIARIOS LIMITADA";"RUA DO ROCIO, 350";"14 ANDAR, PARTE";"VILA OLÍMPIA";"04552000";"SAO PAULO";"SP";"Brasil";-;-;"https://www.rbinvestimentos.com";"Autorizada em Atividade";
36272465;"REAG IP S.A. - INSTITUIÇÃO DE PAGAMENTO";"AVENIDA BRIGADEIRO FARIA LIMA, 2355 E 2369";"ANDAR 15";"JARDIM PAULISTANO";"01452000";"SAO PAULO";"SP";"Brasil";-;-;"https://www.reagip.com.br/";"Autorizada em Atividade";
27351731;"REALIZE SOCIEDADE DE CRÉDITO, FINANCIAMENTO E INVESTIMENTO S.A.";"AVENIDA JOAQUIM PORTO VILLANOVA, 401";"5 ANDAR - TORRE SUL";"JARDIM DO SALSO";"91410400";"PORTO ALEGRE";"RS";"Brasil";-;-;"https://www.realizesolucoesfinanceiras.com.br";"Autorizada em Atividade";
11275560;"RECARGAPAY INSTITUICAO DE PAGAMENTO LTDA.";"AV  BRIGADEIRO FARIA LIMA  4055";"ANDAR 1 - CONJUNTO 106";"ITAIM BIBI";"04538133";"SAO PAULO";"SP";"Brasil";-;-;-;"Autorizada em Atividade";
23767155;"RECON ADMINISTRADORA DE CONSORCIOS LTDA";"AV. DARCIO CANTIERI,1750";-;"JARDIM SAO JOSE";"37950000";"SAO SEBASTIAO DO PARAISO";"MG";"Brasil";-;-;"https://www.consorciorecon.com.br";"Autorizada em Atividade";
47593544;"RED SOCIEDADE DE CRÉDITO DIRETO S.A.";"AVENIDA CIDADE JARDIM  400";"21  ANDAR";"JARDIM PAULISTANO";"01454901";"SAO PAULO";"SP";"Brasil";-;-;-;"Autorizada em Atividade";
92002609;"REDE OESTE ADMINISTRADORA DE CONSORCIOS LTDA.";"AV TUPI  3407";-;"BAIXADA INDUSTRIAL";"85505000";"PATO BRANCO";"PR";"Brasil";-;-;"https://www.consorcioredeoeste.com.br";"Autorizada em Atividade";
1425787;"REDECARD INSTITUIÇÃO DE PAGAMENTO S.A.";"RUA TENENTE MAURO DE MIRANDA  36";"BLOCO D  7  ANDAR  PARTE";"PARQUE JABAQUARA";"04345030";"SAO PAULO";"SP";"Brasil";-;-;"https://www.userede.com.br";"Autorizada em Atividade";
46743943;"REDECARD SOCIEDADE DE CRÉDITO DIRETO S.A.";"AV ENGENHEIRO ARMANDO ARRUDA PEREIRA  774";"TORRE CONCEICAO  10  ANDAR";"JABAQUARA";"04308000";"SAO PAULO";"SP";"Brasil";-;-;"https://www.itau.com.br";"Autorizada em Atividade";
62246228;"REDENÇÃO ADMINISTRADORA DE CONSÓRCIO LTDA.";"AV  PRUDENTE DE MORAIS  3398 A";-;"LAGOA NOVA";"59054700";"NATAL";"RN";"Brasil";-;-;-;"Autorizada em Atividade";
62354055;"REMAZA ADMINISTRADORA DE CONSÓRCIO LTDA.";"RUA PEDROSO, 407-TERREO-1./3.ANDARES";-;"BELA VISTA";"01322010";"SAO PAULO";"SP";"Brasil";-;-;"https://www.remaza.com.br";"Autorizada em Atividade";
17635177;"REMITLY CORRETORA DE CÂMBIO LTDA.";"AVENIDA PAULISTA";"12- ANDAR, ESPAÇO 12-124A";"BELA VISTA";"01310916";"SAO PAULO";"SP";"Brasil";-;-;-;"Autorizada em Atividade";
17354911;"RENDIMENTO DISTRIBUIDORA DE TÍTULOS E VALORES MOBILIÁRIOS S/A";"AV. BRIGADEIRO FARIA LIMA, N- 2092";"UN.12,13,14,15,16 -TÉRREO";"JARDIM PAULISTANO";"01451000";"SAO PAULO";"SP";"Brasil";-;-;"https://www.rendimentocambio.com.br";"Autorizada em Atividade";
13776742;"RENDIMENTOPAY INSTITUIÇÃO DE PAGAMENTO S.A.";"AVENIDA REBOUCAS  N  3970";"16  ANDAR  ES 161    ELDORADO BUSINESS TOWER";"PINHEIROS";"05402918";"SAO PAULO";"SP";"Brasil";-;-;"https://www.rendimentopay.com.br";"Autorizada em Atividade";
40473435;"REPASSES FINANCEIROS E SOLUCOES TECNOLOGICAS INSTITUICAO DE PAGAMENTO S.A.";"AV PAULISTA, 688";"ANDAR 12, SALA 02";"BELA VISTA";"01310909";"SAO PAULO";"SP";"Brasil";-;-;"https://aarin.com.br/";"Autorizada em Atividade";
65697260;"REPOM INSTITUIÇÃO DE PAGAMENTO HUSA S.A.";"ALAMEDA TOCANTINS N  350";"15  ANDAR  UNIDADES 1501 1502 1503";"ALPHAVILLE";"06455020";"BARUERI";"SP";"Brasil";-;-;"https://www1.repom.com.br/";"Autorizada em Atividade";
28904092;"RESERVA ADMINISTRADORA DE CONSÓRCIO LTDA";"AVENIDA DR ABREU LIMA 200";"SALA 107 SHOPPING POINT 200";"CENTRO";"28360000";"BOM JESUS DO ITABAPOANA";"RJ";"Brasil";-;-;"https://www.consorcioreserva.com.br";"Autorizada em Atividade";
51342763;"REVOLUT SOCIEDADE DE CRÉDITO DIRETO S.A.";"AVENIDA BRIGADEIRO FARIA LIMA, N- 4221";"6- ANDAR, CONJUNTO 61";"JARDIM PAULISTA";"04538133";"SAO PAULO";"SP";"Brasil";-;-;"https://www.revolut.com";"Autorizada em Atividade";
72600026;"RIO BRAVO INVESTIMENTOS - DISTRIBUIDORA DE TÍTULOS E VALORES MOBILIÁRIOS LTDA.";"AVENIDA CHEDID JAFET N- 222";"BLOCO B 3  ANDAR  CONJUNTO 32";"VILA OLIMPIA";"04551065";"SAO PAULO";"SP";"Brasil";-;-;"https://www.riobravo.com.br";"Autorizada em Atividade";
80402746;"RIVEL ADMINISTRADORA DE CONSÓRCIOS LTDA.";"AV  PRESIDENTE KENNEDY  2726";-;"CENTRO";"85950000";"PALOTINA";"PR";"Brasil";-;-;"https://www.rivel.com.br";"Autorizada em Atividade";
42066258;"RJI CORRETORA DE TITULOS E VALORES MOBILIARIOS LTDA";"AVENIDA RIO BRANCO, 138";"SALA 402";"CENTRO";"20040909";"RIO DE JANEIRO";"RJ";"Brasil";-;-;-;"Autorizada em Atividade";
12815827;"ROADCARD INSTITUICAO DE PAGAMENTO INTEGRADO DA LOGISTICA S.A.";"AVENIDA CHEDID CHAFET, N- 222, 1- ANDAR, CONJUNTO";-;"VILA OLÍMPIA";"04551065";"SAO PAULO";"SP";"Brasil";-;-;"https://www.roadcard.com.br";"Autorizada em Atividade";
51855716;"RODOBENS ADMINISTRADORA DE CONSÓRCIOS LTDA.";"AV  MURCHID HOMSI  1404";-;"VILA DINIZ";"15013000";"SAO JOSE DO RIO PRETO";"SP";"Brasil";-;-;"https://rodobens.com.br";"Autorizada em Atividade";
44431743;"RP FINANCEIRA S.A. - SOCIEDADE DE CRÉDITO, FINANCIAMENTO E INVESTIMENTO";"AVENIDA BRIGADEIRO FARIA LIMA  4055";"ANDAR 1 - CONJUNTO 106";"ITAIM BIBI";"04538133";"SAO PAULO";"SP";"Brasil";-;-;-;"Autorizada em Atividade";
6249129;"RPW S/A SOCIEDADE DE CRÉDITO, FINANCIAMENTO E INVESTIMENTO";"ALAMEDA SANTOS, 787, 2- ANDAR";"CONJ 21";"CERQUEIRA CÉSAR";"01419001";"SAO PAULO";"SP";"Brasil";-;-;"https://www.emprestacapital.com.br";"Autorizada em Atividade";
52690487;"RV2 SOCIEDADE DE EMPRÉSTIMO ENTRE PESSOAS S.A.";"AVENIDA WASHINGTON SOARES  N  909";"SALA 103 A";"EDSON QUEIROZ";"60811341";"FORTALEZA";"CE";"Brasil";-;-;-;"Autorizada em Atividade";
62318407;"S3 CACEIS BRASIL DISTRIBUIDORA DE TÍTULOS E VALORES MOBILIÁRIOS S.A.";"RUA AMADOR BUENO, 474 - 1- ANDAR";"BLOCO D";"SANTO AMARO";"04752005";"SAO PAULO";"SP";"Brasil";-;-;"https://www.s3dtvm.com.br";"Autorizada em Atividade";
28762249;"SADOC SOCIEDADE CORRETORA DE CÂMBIO LTDA.";"AVENIDA MONSENHOR TABOSA, 1.071";"LOJA 02";"MEIRELES";"60165065";"FORTALEZA";"CE";"Brasil";-;-;-;"Autorizada em Atividade";
12102128;"SAFETYPAY BRASIL INSTITUICAO DE PAGAMENTO LTDA";"AVENIDA ANDRÔMEDA, 885";"CONJUNTO 3.303 EDIFÍCIO BRASCAN CENTURY PLAZA";"ALPHAVILLE";"06473000";"BARUERI";"SP";"Brasil";-;-;-;"Autorizada em Atividade";
65913436;"SAFRA ASSET CORRETORA DE TÍTULOS E VALORES MOBILIÁRIOS S.A.";"AVENIDA PAULISTA, 2100";"9 ANDAR";"BELA VISTA";"01310930";"SAO PAULO";"SP";"Brasil";-;-;"https://www.safra.com.br/chat-ouvidoria.htm";"Autorizada em Atividade";
45437547;"SAFRA CRÉDITO, FINANCIAMENTO E INVESTIMENTO S.A.";"AVENIDA PAULISTA  N  2150";-;"BELA VISTA";"01310300";"SAO PAULO";"SP";"Brasil";-;-;"https://www.safra.com.br/chat-ouvidoria.htm";"Autorizada em Atividade";
1638542;"SAFRA DISTRIBUIDORA DE TÍTULOS E VALORES MOBILIÁRIOS LTDA.";"AVENIDA PAULISTA, N- 2100";"8- ANDAR";"BELA VISTA";"01310930";"SAO PAULO";"SP";"Brasil";-;-;"https://www.safra.com.br/chat-ouvidoria.htm";"Autorizada em Atividade";
62063177;"SAFRA LEASING S.A. ARRENDAMENTO MERCANTIL";"AVENIDA PAULISTA";"2100, 21- ANDAR.";"BELA VISTA";"01310930";"SAO PAULO";"SP";"Brasil";-;-;"https://www.safra.com.br/chat-ouvidoria.htm";"Autorizada em Atividade";
58330558;"SAFRA SOCIEDADE DE CREDITO DIRETO S.A.";"AVENIDA PAULISTA, 2100";-;"BELA VISTA";"01310930";"SAO PAULO";"SP";"Brasil";-;-;"https://www.safra.com.br/chat-ouvidoria.htm";"Autorizada em Atividade";
80674393;"SANTA FÉ ADMINISTRADORA DE CONSÓRCIOS LTDA.";"AVENIDA GOVERNADOR IVO SILVEIRA  1653";-;"CAPOEIRAS";"88085000";"FLORIANOPOLIS";"SC";"Brasil";-;-;"https://www.santafeconsorcio.com.br";"Autorizada em Atividade";
55942312;"SANTANDER BRASIL ADMINISTRADORA DE CONSÓRCIO LTDA.";"AVENIDA PRESIDENTE JUSCELINO KUBITSCHEK";"2041 CJ 191 PARTE 1 BLOCO A COND  WTORRE JK";"VILA NOVA CONCEICAO";"04543011";"SAO PAULO";"SP";"Brasil";-;-;"https://www.santander.com.br";"Autorizada em Atividade";
29162769;"SANTANDER CORRETORA DE TÍTULOS E VALORES MOBILIÁRIOS S.A.";"RUA BERNARDO GUIMARAES  166";"7  8 E 9 ANDARES";"FUNCIONARIOS";"30140080";"BELO HORIZONTE";"MG";"Brasil";-;-;"https://site.santandercorretora.com.br/";"Autorizada em Atividade";
3502968;"SANTANDER DISTRIBUIDORA DE TÍTULOS E VALORES MOBILIÁRIOS S.A.";"RUA AMADOR BUENO, 474";"2- ANDAR";"BAIRRO VERMELHO";"04752901";"SAO PAULO";"SP";"Brasil";-;-;-;"Autorizada em Atividade";
51014223;"SANTANDER INSTITUCIONAL CORRETORA DE CÂMBIO E VALORES MOBILIÁRIOS S.A.";"AVENIDA PRESIDENTE JUSCELINO KUBITSCHEK";"2041 CJ 241 BLOCO A  COND  WTORRE JK";"VILA NOVA CONCEICAO";"04543011";"SAO PAULO";"SP";"Brasil";-;-;"https://www.santander.com.br/";"Autorizada em Atividade";
47193149;"SANTANDER LEASING S.A. ARRENDAMENTO MERCANTIL";"RUA AMADOR BUENO, 474";"BLOCO C, 1- ANDAR";"SANTO AMARO";"04752901";"SAO PAULO";"SP";"Brasil";-;-;"https://www.santander.com.br";"Autorizada em Atividade";
7707650;"SANTANDER SOCIEDADE DE CRÉDITO, FINANCIAMENTO E INVESTIMENTO S.A.";"AVENIDA PRESIDENTE JUSCELINO KUBITSCHEK 2041";"CJ 231 BLOCO A COND. WTORRE JK";"VILA NOVA CONCEIÇÃO";"04543011";"SAO PAULO";"SP";"Brasil";-;-;"https://www.santander.com.br";"Autorizada em Atividade";
122327;"SANTINVEST S.A. - CREDITO, FINANCIAMENTO E INVESTIMENTOS";"RUA CRISTÓVÃO NUNES PIRES, 86";"CENTRO EXECUTIVO CARL HOEPCKE - 9- ANDAR";"CENTRO";"88010120";"FLORIANOPOLIS";"SC";"Brasil";-;-;"https://www.santinvest.com.br";"Autorizada em Atividade";
52440987;"SANTS SOCIEDADE DE CRÉDITO DIRETO S.A.";"RUA CORONEL MANOEL MARTINS JUNIOR";-;"JARDIM ESPLANADA  II";"12242810";"SAO JOSE DOS CAMPOS";"SP";"Brasil";-;-;-;"Autorizada em Atividade";
35535240;"SAQ INSTITUICAO DE PAGAMENTO LTDA";"RUA JOÃO BAUER, N- 444 - SALA 1601";-;"CENTRO I";"88350100";"BRUSQUE";"SC";"Brasil";-;-;-;"Pendente de Validação";
40333582;"SAYGO CORRETORA DE CÂMBIO S.A.";"AVENIDA NOVE DE JULHO, N. 3575";"SALAS 1602 E 1603";"ANHANGABAú";"13208056";"JUNDIAI";"SP";"Brasil";-;-;"https://zebracambio.com.br/";"Autorizada em Atividade";
96479258;"SCANIA ADMINISTRADORA DE CONSÓRCIOS LTDA.";"AV  JOSE ODORIZZI  151";"P36-10";"ASSUNCAO";"09810902";"SAO BERNARDO DO CAMPO";"SP";"Brasil";-;-;"https://www.consorcioscania.com.br";"Autorizada em Atividade";
11417016;"SCANIA BANCO S.A.";"AVENIDA JOSE ODORIZZI  151";"PORTARIA 1 (P11 02";"VILA EURO";"09810902";"SAO BERNARDO DO CAMPO";"SP";"Brasil";-;-;"https://www.scaniabanco.com.br";"Autorizada em Atividade";
8430732;"SCB CRÉDITO SOCIEDADE DE CRÉDITO AO MICROEMPREENDEDOR E À EMPRESA DE PEQUENO PORTE LTDA.";"AV ENGENHEIRO SANTANA JUNIOR, 3000";"SALA 1704 - CONDOMINIO CENTRAL PARK BUSINESS";"COCÓ";"60192200";"FORTALEZA";"CE";"Brasil";-;-;-;"Autorizada em Atividade";
29030467;"SCOTIABANK BRASIL S.A. BANCO MÚLTIPLO";"AV. BRIGADEIRO FARIA LIMA, 2277";"7- ANDAR";"JARDIM PAULISTANO";"01452000";"SAO PAULO";"SP";"Brasil";-;-;"https://www.br.scotiabank.com/";"Autorizada em Atividade";
39696805;"SCOTIABANK BRASIL S.A. CORRETORA DE TÍTULOS E VALORES MOBILIÁRIOS";"AVENIDA BRIGADEIRO FARIA LIMA, 2277";"7º ANDAR - PARTE";"JD.PAULISTANO";"01452000";"SAO PAULO";"SP";"Brasil";-;-;-;"Autorizada em Atividade";
57173208;"SEDONA SOCIEDADE DE CRÉDITO DIRETO S.A.";"PRAÇA FRANKLIN ROOSEVELT, 183 - 3- ANDAR";"ESCRITÓRIO 31";"CONSOLAÇÃO";"01303020";"SAO PAULO";"SP";"Brasil";-;-;"https://www.sedonacredito.com.br/";"Autorizada em Atividade";
329598;"SEFER INVESTIMENTOS DISTRIBUIDORA DE TÍTULOS E VALORES MOBILIÁRIOS LTDA";"AVENIDA BRIGADEIRO FARIA LIMA  3900";"CONJ 601";"ITAIM BIBI";"04538132";"SAO PAULO";"SP";"Brasil";-;-;"https://www.indigoinvestimentos.com.br";"Autorizada em Atividade";
4088208;"SEM PARAR INSTITUICAO DE PAGAMENTO LTDA";"AVENIDA DRA RUTH CARDOSO 7221";"ANDAR 17 18 19 E 26 PARTE";"PINHEIROS";"05425902";"SAO PAULO";"SP";"Brasil";-;-;-;"Autorizada em Atividade";
45879000;"SEM PARAR SOCIEDADE DE CRÉDITO DIRETO S.A.";"AVENIDA DRA  RUTH CARDOSO  7221";"17  18  19 E 26 ANDARES";"PINHEIROS";"05425902";"SAO PAULO";"SP";"Brasil";-;-;"https://www.semparar.com.br";"Autorizada em Atividade";
3877288;"SENFFNET INSTITUIÇÃO DE PAGAMENTO LTDA.";"AVENIDA SENADOR SOUZA NAVES  N  1240";"LOJAS 02 E 03";"CRISTO REI";"80050152";"CURITIBA";"PR";"Brasil";-;-;"https://www.senff.com.br/";"Autorizada em Atividade";
17352220;"SENSO CORRETORA DE CAMBIO E VALORES MOBILIARIOS S.A";"AVENIDA ATAULFO DE PAIVA, 135 - SALA 810";-;"LEBLON";"22440032";"RIO DE JANEIRO";"RJ";"Brasil";-;-;"https://www.sensocorretora.com.br";"Autorizada em Atividade";
47873449;"SER FINANCE SOCIEDADE DE CRÉDITO DIRETO S.A.";"RUA BETÂNIA, S/N,";"EDIFÍCIO GARAGEM, S/N";"DERBY";"52010170";"RECIFE";"PE";"Brasil";-;-;-;"Autorizada em Atividade";
62173620;"SERASA S.A.";"ALAMEDA DOS QUINIMURAS, 187";-;"PLANALTO PAULISTA";"04068090";"SAO PAULO";"SP";"Brasil";-;-;"https://www.serasaexperian.com.br";-;
94187879;"SERELLO ADMINISTRADORA DE CONSÓRCIOS LTDA";"RODOVIA BR-116, N- 5003";"SALA 12";"TRAVESSÃO";"93950000";"DOIS IRMAOS";"RS";"Brasil";-;-;"https://www.serelloconsorcios.com.br";"Autorizada em Atividade";
89472310;"SERRANA ADMINISTRADORA DE CONSORCIOS LTDA";"AV. OSVALDO ARANHA, 1170";-;"CENTRO";"95330000";"VERANOPOLIS";"RS";"Brasil";-;-;"https://www.serranaconsorcios.com.br";"Autorizada em Atividade";
10773370;"SERVELOJA TECNOLOGIA E SOLUCOES LTDA";"RUA JOAO PESSOA 320";"EDIF CIDADE DE ARACAJU   SALA  721";"CENTRO";"49010130";"ARACAJU";"SE";"Brasil";-;-;"https://serveloja.com.br/";-;
3973814;"SERVICOOP - COOPERATIVA DE CRÉDITO DOS SERVIDORES PÚBLICOS ESTADUAIS E MUNICIPAIS DO RIO GRANDE DO SUL";"RUA JERÔNIMO COELHO, 212";"SALA 501";"CENTRO";"90010240";"PORTO ALEGRE";"RS";"Brasil";-;-;"https://www.servicoop.com.br";"Autorizada em Atividade";
29759316;"SERVNET INSTITUIÇÃO DE PAGAMENTO LTDA.";"AVENIDA JACARANDA, N- 200";"SALA 43";"JARAGUA";"38406371";"UBERLANDIA";"MG";"Brasil";-;-;"https://www.topbank.com.br/";"Autorizada em Atividade";
76515071;"SERVOPA ADMINISTRADORA DE CONSORCIOS LTDA";"RUA ROCKFELLER  1118  (CP 6604";-;"REBOUCAS";"80230130";"CURITIBA";"PR";"Brasil";-;-;"https://www.consorcioservopa.com.br";"Autorizada em Atividade";
50946592;"SETHI SOCIEDADE DE CRÉDITO DIRETO S.A.";"RUA CAMPOLINO ALVES, 386";"SOBRELOJA";"CAPOEIRAS";"88085110";"FLORIANOPOLIS";"SC";"Brasil";-;-;-;"Autorizada em Atividade";
38372267;"SHPP BRASIL INSTITUIÇÃO DE PAGAMENTO E SERVIÇOS DE PAGAMENTOS LTDA.";"AVENIDA BRIGADEIRO FARIA LIMA, 949";"06 ANDAR PARTE";"PINHEIROS";"05426100";"SAO PAULO";"SP";"Brasil";-;-;"https://www.shopee.com.br";"Autorizada em Atividade";
1559914;"SICOOB AC CREDI - COOPERATIVA DE CRÉDITO DE LIVRE ADMISSÃO DO LESTE E NORDESTE MINEIRO LTDA.";"AV MINAS GERAIS 319";-;"CENTRO";"35010150";"GOVERNADOR VALADARES";"MG";"Brasil";-;-;"https://www.sicoobaccredi.com.br";"Autorizada em Atividade";
16551061;"SICOOB ADMINISTRADORA DE CONSÓRCIOS LTDA.";"SIG, QUADRA 1, LOTE 985";"SALA 302, ED. CENTRO EMPRESARIAL PARQUE BRASÍLIA";"SETOR IND. GRÁFICAS";"70610410";"BRASILIA";"DF";"Brasil";-;-;"https://www.sicoob.com.br";"Autorizada em Atividade";
71328769;"SICOOB COCRED COOPERATIVA DE CRÉDITO";"AVENIDA JOAO BOMBONATO  168";-;"RES C MONTECARLO";"14161054";"SERTAOZINHO";"SP";"Brasil";-;-;"https://www.sicoobcocred.com.br";"Autorizada em Atividade";
64739121;"SICOOB CRED COPERCANA COOPERATIVA DE CRÉDITO";"RUA AUGUSTO ZANINI  1559";-;"JARDIM SUMARE";"14170550";"SERTAOZINHO";"SP";"Brasil";-;-;"https://www.sicoob.com.br/web/sicoobcredcopercana";"Autorizada em Atividade";
42898825;"SICOOB CREDICOM - COOPERATIVA DE ECONOMIA E CREDITO MUTUO DOS MEDICOS E PROFISSIONAIS DA AREA DE SAUDE DO BRASIL LTDA.";"AV  DO CONTORNO";"N  4265";"SAO LUCAS";"30110021";"BELO HORIZONTE";"MG";"Brasil";-;-;"https://www.credicom.com.br";"Autorizada em Atividade";
47074323;"SICOOB CREDICONSUMO - COOPERATIVA DE CRÉDITO";"RUA CONSELHEIRO JUSTINO  NR  56";-;"BAIRRO CAMPESTRE";"09070580";"SANTO ANDRE";"SP";"Brasil";-;-;-;"Autorizada em Atividade";
37255049;"SICOOB CREDIGOIÁS COOPERATIVA DE CRÉDITO LTDA.";"RUA 139  N  120";"QD 57 LT 01 04";"SETOR MARISTA";"74170150";"GOIANIA";"GO";"Brasil";-;-;"https://www.sicoob.com.br/web/sicoobcredigoias/para-voce";"Autorizada em Atividade";
71336432;"SICOOB CREDIMED - COOPERATIVA DE CRÉDITO DE LIVRE ADMISSÃO DA CIDADE DE UBERABA LTDA.";"RUA CASTRO ALVES  30";-;"ABADIA";"38025380";"UBERABA";"MG";"Brasil";-;-;"https://www.sicoobcredimed.com.br";"Autorizada em Atividade";
2031139;"SICOOB CREDIMONTES - COOPERATIVA DE CRÉDITO DE LIVRE ADMISSÃO REGIONAL DE MONTES CLAROS LTDA";"AVENIDA AFONSO PENA 319";-;"CENTRO";"39400098";"MONTES CLAROS";"MG";"Brasil";-;-;"https://www.credimontes.com.br";"Autorizada em Atividade";
54190525;"SICOOB CRESSEM - COOPERATIVA DE ECNONOMIA E CRÉDITO MUTUO DOS SERVIDORES MUNICIPAIS DA REGIÃO METROPOLITANA DO VALE DO PARAIBA E LITORAL NORTE";"RUA HENRIQUE DIAS  1000";-;"MONTE CASTELO";"12215260";"SAO JOSE DOS CAMPOS";"SP";"Brasil";-;-;"https://www.cressem.com.br";"Autorizada em Atividade";
7397614;"SICOOB DISTRIBUIDORA DE TÍTULOS E VALORES MOBILIÁRIOS LTDA.";"SIG QUADRA 6, N- 2.080";"SALA 201";"ZONA INDUSTRIAL";"70610460";"BRASILIA";"DF";"Brasil";-;-;-;"Autorizada em Atividade";
71698674;"SICOOB MANTIQUEIRA - COOPERATIVA DE CRÉDITO DE LIVRE ADMISSÃO";"PRACA HOLANDA  N  80";-;"JARDIM DAS NACOES";"12030350";"TAUBATE";"SP";"Brasil";-;-;"https://www.sicoobunimais.com.br/coop/mantiqueira";"Autorizada em Atividade";
259231;"SICOOB UNIMAIS METROPOLITANA - COOPERATIVA DE CRÉDITO DE LIVRE ADMISSÃO";"RUA DOUTOR CARVALHO DE MENDONÇA, 187";-;"ENCRUZILHADA";"11070100";"SANTOS";"SP";"Brasil";-;-;"https://www.sicoobunimais.com.br/coop/metropolitana";"Autorizada em Atividade";
83315408;"SICREDI NORTE - COOPERATIVA DE CRÉDITO";"TV HUMAITA  1001";-;"PEDREIRA";"66083340";"BELEM";"PA";"Brasil";-;-;"https://www.sicredibelem.com.br";"Autorizada em Atividade";
70241658;"SICREDI RECIFE - COOPERATIVA DE CRÉDITO, POUPANÇA E INVESTIMENTO SICREDI RECIFE";"AV  LINS PETIT  100";"SALAS 01  02 E 05 11   EMPRESARIAL PEDRO STAMFORD";"BOA VISTA";"50070230";"RECIFE";"PE";"Brasil";-;-;"https://www.sicredirecife.com.br";"Autorizada em Atividade";
72257793;"SICREDI VEREDAS COOPERATIVA DE CREDITO";"AVENIDA DOM LUIS  300";"LOJA 166 TERREO";"MEIRELES";"60160230";"FORTALEZA";"CE";"Brasil";-;-;"https://www.sicredinne.com.br/cearacentronorte/";"Autorizada em Atividade";
57487320;"SILVERLEAF INSTITUIÇÃO DE PAGAMENTO LTDA.";"AV. MARCOS PENTEADO DE ULHOA RODRIGUES, N- 939";"ANDAR 8, TORRE 1 - EDIFÍCIO JACARANDÁ";"TAMBORÉ";"06460040";"BARUERI";"SP";"Brasil";-;-;-;"Autorizada sem Atividade";
87945218;"SIMPALA LANÇADORA E ADMINISTRADORA DE CONSÓRCIOS LTDA.";"AV. CARLOS GOMES, 222";"CONJUNTO 401";"BOA VISTA";"90480000";"PORTO ALEGRE";"RS";"Brasil";-;-;"https://www.simpalaconsorcios.com.br";"Autorizada em Atividade";
34991938;"SIMPALA S.A. CRÉDITO, FINANCIAMENTO E INVESTIMENTO";"AVA. CARLOS GOMES, 222";"CONJUNTO 401";"BOA VISTA";"90480000";"PORTO ALEGRE";"RS";"Brasil";-;-;-;"Autorizada em Atividade";
68757681;"SIMPAUL CORRETORA DE CAMBIO E VALORES MOBILIARIOS  S.A.";"AV. CARLOS GOMES, 300";"ANDAR 7, SALA 8";"BOA VISTA";"90480000";"PORTO ALEGRE";"RS";"Brasil";-;-;"https://www.simpaul.com.br";"Autorizada em Atividade";
33982918;"SIMPAY INSTITUICAO DE PAGAMENTO LTDA";"RUA FRANCISCO JOSE LOPES 555";"SALA 09";"OSOLOPES";"95500000";"SANTO ANTONIO DA PATRULHA";"RS";"Brasil";-;-;-;-;
16854999;"SINGRATUR CORRETORA DE CÂMBIO LTDA";"RUA NASSIB HADDAD, 24";"SALA 01, ZONA 04";"ZONA 04";"87014085";"MARINGA";"PR";"Brasil";-;-;"https://www.singratur. com.br";"Autorizada em Atividade";
87852273;"SINOSSERRA ADMINISTRADORA DE CONSÓRCIOS LTDA";"RUA CANCIO GOMES";"344";"FLORESTA";"90220060";"PORTO ALEGRE";"RS";"Brasil";-;-;"https://www.sinosserra.com.br";"Autorizada em Atividade";
22639377;"SINOSSERRA FINANCEIRA S/A - SOCIEDADE DE CRÉDITO, FINANCIAMENTO E INVESTIMENTO";"RUA PEDRO ADAMS FILHO,3790";"SALA 401";"PATRIA NOVA";"93410038";"NOVO HAMBURGO";"RS";"Brasil";-;-;"https://www.sinosserrafinanceira.com.br";"Autorizada em Atividade";
12651789;"SISPAY INSTITUIÇÃO DE PAGAMENTO LTDA.";"RUA JOAQUIM FLORIANO, N- 834";"9- ANDAR, CONJUNTO 94";"ITAIM BIBI";"04534003";"SAO PAULO";"SP";"Brasil";-;-;-;"Autorizada em Atividade";
2398976;"SISPRIME DO BRASIL - COOPERATIVA DE CRÉDITO";"AV RIO DE JANEIRO  1758";-;"CENTRO";"86010150";"LONDRINA";"PR";"Brasil";-;-;"https://www.sisprimedobrasil.com.br";"Autorizada em Atividade";
17315359;"SITA SOCIEDADE CORRETORA DE CAMBIO E VALORES MOBILIARIOS S.A";"RUA RIO GRANDE DO NORTE,988";"CASA";"FUNCIONARIOS";"30130131";"BELO HORIZONTE";"MG";"Brasil";-;-;"https://www.sita.com.br";"Autorizada em Atividade";
26253658;"SM ADMINISTRADORA DE CONSÓRCIOS LTDA.";"AVENIDA CORONEL JOAQUIM DE OLIVEIRA PRATA";"SALA 12";"PARQUE SaO GERALDO";"38031000";"UBERABA";"MG";"Brasil";-;-;-;"Autorizada em Atividade";
37470405;"SMART SOLUTIONS GROUP INSTITUICAO DE PAGAMENTO LTDA";"AVENIDA DA AMÉRICAS, N- 3301";"BLOCO 3, SALA 201";"BARRA DA TIJUCA";"22631003";"RIO DE JANEIRO";"RJ";"Brasil";-;-;"https://ssgbank.com.br/";"Autorizada em Atividade";
15173776;"SOCIAL BANK BANCO MÚLTIPLO S/A";"AVENIDA TANCREDO NEVES, 2227";"EDIFÍCIO SALVADOR PRIME TORRE MISTA, SALA 805";"CAMINHO DAS ÁRVORES";"41820021";"SALVADOR";"BA";"Brasil";-;-;"https://www.socialbank.com.br/";"Autorizada em Atividade";
4316357;"SOCIALCRED S/A - SOCIEDADE DE CRÉDITO AO MICROEMPREENDEDOR E À EMPRESA DE PEQUENO PORTE";"RUA DA QUITANDA, 20";"SALA 307";"CENTRO";"20011030";"RIO DE JANEIRO";"RJ";"Brasil";-;-;"https://www.socialcred.com.br";"Autorizada em Atividade";
73398646;"SOCIEDADE COOPERATIVA DE CRÉDITO COOPERE LTDA.  - SICOOB COOPERE";"RUA J J SEABRA  161";"PREDIO";"CENTRO";"48890118";"VALENTE";"BA";"Brasil";-;-;"https://www.sicoobcoopere.coop.br";"Autorizada em Atividade";
37229413;"SOCIEDADE DE CRÉDITO, FINANCIAMENTO E INVESTIMENTO EFÍ S.A.";"AV PRESIDENTE JUSCELINO KUBITSCHECK, 31";"2 E 3 ANDARES";"BAUXITA";"35402179";"OURO PRETO";"MG";"Brasil";-;-;-;"Autorizada em Atividade";
3881423;"SOCINAL S.A. - CRÉDITO, FINANCIAMENTO E INVESTIMENTO";"AV. BRASIL, 10";"4- ANDAR EDIFÍCIO DEFIM CARVALHO";"CENTRO";"28970000";"ARARUAMA";"RJ";"Brasil";-;-;"https://socinal.com.br";"Autorizada em Atividade";
9210106;"SOCRED S.A. - SOCIEDADE DE CRÉDITO AO MICROEMPREENDEDOR E À EMPRESA DE PEQUENO PORTE";"RUA DOS MUNDURUCUS, 3.100";"SALA   1303";"CREMAÇÃO";"66040033";"BELEM";"PA";"Brasil";-;-;-;"Autorizada em Atividade";
8257293;"SOFISA S.A. CRÉDITO, FINANCIAMENTO E INVESTIMENTO";"ALAMEDA SANTOS,1496";-;"CERQUEIRA CESAR";"01418100";"SAO PAULO";"SP";"Brasil";-;-;-;"Autorizada em Atividade";
8520517;"SOL CORRETORA DE CÂMBIO S.A.";"RUA CORONEL JOAQUIM MANOEL, 717";"SALA 314";"PETRÓPOLIS";"59012330";"NATAL";"RN";"Brasil";-;-;-;"Autorizada em Atividade";
48755901;"SOLFÁCIL SOCIEDADE DE CRÉDITO, FINANCIAMENTO E INVESTIMENTO S.A.";"RUA CARDEAL ARCOVERDE, 2.450";"2- ANDAR, CJ. 201";"PINHEIROS";"05408003";"SAO PAULO";"SP";"Brasil";-;-;"https://landing.solfacil.com.br/";"Autorizada em Atividade";
4058605;"SOLUÇÃO ADMINISTRADORA DE CONSÓRCIOS LTDA.";"AVENIDA FRANCISCO LACERDA DE AGUIAR  96";"2  ANDAR  SALA 09";"GILBERTO MACHADO";"29303300";"CACHOEIRO DE ITAPEMIRIM";"ES";"Brasil";-;-;"https://www.consorciosolucao.com.br";"Autorizada em Atividade";
47377613;"SOLVER INSTITUICAO DE PAGAMENTO LTDA";"AVENIDA SAGITÁRIO, 138";"CONJ COMERCIAL 312 A SETOR A TORRE 1";"SITIO TAMBORE ALPHAV";"06473073";"BARUERI";"SP";"Brasil";-;-;-;"Autorizada em Atividade";
44705774;"SOMAPAY SOCIEDADE DE CRÉDITO DIRETO S.A.";"AV  WASHINGTON SOARES  N  4335";"LOJA 802";"SAPIRANGA-COITE";"60833005";"FORTALEZA";"CE";"Brasil";-;-;"https://www.somapay.com.br";"Autorizada em Atividade";
29341643;"SPC BRASIL S.A.";"ALAMEDA TOCANTINS, 125 - ANDAR 15 - CJ 1502";-;-;"06455020";"BARUERI";"SP";"Brasil";-;-;"https://www.spcbrasil.com.br/";-;
54708839;"SPERTA ADMINISTRADORA DE CONSORCIO NACIONAL LTDA";"AV. EUCLIDES MIRAGAIA, 2023";-;"JD. PÉROLA";"16200270";"BIRIGUI";"SP";"Brasil";-;-;"https://www.sperta.com.br";"Autorizada em Atividade";
87636635;"SPONCHIADO ADMINISTRADORA DE CONSÓRCIOS LTDA.";"RUA JB CABRAL, 299";-;"CENTRO";"99700420";"ERECHIM";"RS";"Brasil";-;-;"https://www.sponchiado.com.br";"Autorizada em Atividade";
56198117;"SQUID SOCIEDADE DE CRÉDITO DIRETO S.A.";"RUA CONSELHEIRO DANTAS, N. 2133";"SALA 905C";"NOSSA SRA DE LOURDES";"95054000";"CAXIAS DO SUL";"RS";"Brasil";-;-;-;"Autorizada em Atividade";
22575466;"SRM BANK INSTITUIÇÃO DE PAGAMENTO S/A";"ALAMEDA CLEVELAND 509   CAMPOS ELISEOS";"2 ANDAR";"CAMPOS ELISEOS";"01218000";"SAO PAULO";"SP";"Brasil";-;-;"https://www.trusthub.com.br";"Autorizada em Atividade";
59394633;"SRM DISTRIBUIDORA DE TÍTULOS E VALORES MOBILIÁRIOS LTDA.";"ALAMEDA CLEVELAND, N- 509 - 3 ANDAR --SALA-3";-;"CAMPOS ELISEOS";"01218000";"SAO PAULO";"SP";"Brasil";-;-;"https://www.srmasset.com";"Autorizada em Atividade";
17359351;"STARA FINANCEIRA S.A. - CRÉDITO FINANCIAMENTO E INVESTIMENTO";"AVENIDA STARA, 519";"SALA A";"STARA";"99470000";"NAO-ME-TOQUE";"RS";"Brasil";-;-;"https://www.starafinanceira.com.br";"Autorizada em Atividade";
20018183;"STARK BANK S.A. - INSTITUICAO DE PAGAMENTO";"RUA PAMPLONA, 145.";-;"JARDIM PAULISTA";"01405900";"SAO PAULO";"SP";"Brasil";-;-;-;"Autorizada em Atividade";
39908427;"STARK SOCIEDADE DE CRÉDITO DIRETO S.A.";"RUA PAMPLONA, 145";-;"JARDIM PAULISTA";"01405900";"SAO PAULO";"SP";"Brasil";-;-;"https://starkbank.com";"Autorizada em Atividade";
9274232;"STATE STREET BRASIL S.A. - BANCO COMERCIAL";"AVENIDA PAULISTA  283 287   12  ANDAR";"EDIFICIO SANTA CATARINA";"BELA VISTA";"01311000";"SAO PAULO";"SP";"Brasil";-;-;-;"Autorizada em Atividade";
37319859;"STATER PAY INSTITUICAO DE PAGAMENTOS LTDA";"AV MANOEL GOULART, 1175";-;"CENTRO";"19015240";"SAO PAULO";"SP";"Brasil";-;-;-;-;
3502961;"STELLANTIS FINANCIAMENTOS SOCIEDADE DE CRÉDITO, FINANCIAMENTO E INVESTIMENTO S.A";"AVENIDA DAS NAÇÕES UNIDAS, 14261";"ANDAR 15 ALA B";"VILA GERTRUDES";"04794000";"SAO PAULO";"SP";"Brasil";-;-;"https://www.stellantisfinanciamentos.com.br";"Autorizada em Atividade";
64198812;"STONE DISTRIBUIDORA DE TÍTULOS E VALORES MOBILIÁRIOS S.A.";"AVENIDA REBOUÇAS 2880";"4- ANDAR, SALA 6.";"PINHEIROS";"05402500";"SAO PAULO";"SP";"Brasil";-;-;"https://www.stone.com.br";"Autorizada sem Atividade";
16501555;"STONE INSTITUIÇÃO DE PAGAMENTO S.A.";"AVENIDA REBOUÇAS 2880";"4- ANDAR, SALA 5.";"PINHEIROS";"05402500";"SAO PAULO";"SP";"Brasil";-;-;"https://www.stone.com.br";"Autorizada em Atividade";
53505601;"STONE SOCIEDADE DE CREDITO, FINANCIAMENTO E INVESTIMENTO S.A.";"AVENIDA REBOUÇAS 2880";"4- ANDAR, SALA 5.";"PINHEIROS";"05402500";"SAO PAULO";"SP";"Brasil";-;-;-;"Autorizada em Atividade";
34590184;"STONE SOCIEDADE DE CRÉDITO DIRETO S.A.";"AVENIDA REBOUÇAS 2880";"4- ANDAR, SALA 5.";"PINHEIROS";"05402500";"SAO PAULO";"SP";"Brasil";-;-;-;"Autorizada em Atividade";
62090873;"STONEX DISTRIBUIDORA DE TÍTULOS E VALORES MOBILIÁRIOS LTDA.";"RUA JOAQUIM FLORIANO, 413 - 14- ANDAR";-;"ITAIM BIBI";"04534011";"SAO PAULO";"SP";"Brasil";-;-;-;"Autorizada em Atividade";
10314753;"STRADA PAY INSTITUIÇÃO DE PAGAMENTO LTDA.";"AVENIDA CHUCRI ZAIDAN, 246";"SALA 221-A";"VILA CORDEIRO";"4583110";"SAO PAULO";"SP";"Brasil";-;-;"https://strada.log.br/";"Autorizada em Atividade";
22121209;"STRIPE BRASIL SOLUCOES DE PAGAMENTO INSTITUICAO DE PAGAMENTO LTDA";"ALAMEDA RIO CLARO 241";"15 ANDAR";"BELA VISTA";"01332010";"SAO PAULO";"SP";"Brasil";-;-;"https://stripe.com/br";"Autorizada em Atividade";
20251847;"SUDACRED SOCIEDADE DE CRÉDITO DIRETO S.A.";"RUA INACIO LUSTOSA 755";"BAIRRO SÃO FRANCISCO";"SÃO FRANCISCO";"80510000";"CURITIBA";"PR";"Brasil";-;-;"https://www.sudacred.com.br";"Autorizada em Atividade";
32206435;"SUL AMERICA INVESTIMENTOS DISTRIBUIDORA DE TITULOS E VALORES MOBILIARIOS S.A.";"AVENIDA PRESIDENTE JUSCELINO KUBITSCHEK, N° 360";"CONJUNTO 81, EDIFÍCIO 360 JK";"VILA NOVA CONCEIÇÃO";"04543000";"SAO PAULO";"SP";"Brasil";-;-;"https://www.sulamerica.com.br";"Autorizada em Atividade";
16668076;"SUMUP INSTITUICAO DE PAGAMENTO BRASIL LTDA";"RUA GILBERTO SABINO  215";"10 ANDAR";"PINHEIROS";"05425020";"SAO PAULO";"SP";"Brasil";-;-;-;"Autorizada em Atividade";
37241230;"SUMUP SOCIEDADE DE CRÉDITO DIRETO S.A.";"RUA GILBERTO SABINO 215";"10O ANDAR";"PINHEIROS";"05425020";"SAO PAULO";"SP";"Brasil";-;-;-;"Autorizada em Atividade";
35084163;"SUPERBID PAY INSTITUICAO DE PAGAMENTO LTDA";"RUA HENRIQUE MONTEIRO, 125";"2 ANDAR CJ 24  CONDOMíNIO KZA FARIA LIMA";"PINHEIROS";"05423020";"SAO PAULO";"SP";"Brasil";-;-;"https://superbidpay.com.br/";"Autorizada em Atividade";
43599047;"SUPERLÓGICA SOCIEDADE DE CRÉDITO DIRETO S.A.";"ALAMEDA RIO NEGRO, N- 585";"BLOCO B - 3- ANDAR, CJ. 31, SALA 301";"ALPHAVILLE INDUSTRIA";"06454000";"BARUERI";"SP";"Brasil";-;-;"https://www.superlogica.com";"Autorizada em Atividade";
57723801;"SUZUKI MOTOS ADMINISTRADORA DE CONSÓRCIO LTDA.";"AV  PREFEITO LUIZ LATORRE  4 950";"1   ANDAR";"JD  DAS HORTENSIAS";"13209430";"JUNDIAI";"SP";"Brasil";-;-;"https://www.consorcionacionalsuzuki.com.br";"Autorizada em Atividade";
31680151;"SWAP INSTITUIÇÃO DE PAGAMENTO S.A.";"AVENIDA BRIGADEIRO FARIA LIMA";"N- 2369, CONJ. 1102, ANDAR 11";"JARDIM PAULISTANO";"01452922";"SAO PAULO";"SP";"Brasil";-;-;"https://www.swap.financial/";"Autorizada em Atividade";
37374538;"SWILE INSTITUICAO DE PAGAMENTO LTDA";"RUA FREI CANECA";"1.355 - 3- ANDAR - SALA B - EDIFICIO JARDINS J.";"CONSOLAÇÃO";"01307003";"SAO PAULO";"SP";"Brasil";-;-;"https://www.swile.co/pt-br";"Autorizada em Atividade";
37134759;"TAMBASA SOCIEDADE DE CRÉDITO DIRETO S.A.";"RUA TRÊS PONTAS";"1422 - 2- ANDAR";"CARLOS PRATES";"30710560";"BELO HORIZONTE";"MG";"Brasil";-;-;"https://www.tambasafinanceira.com.br";"Autorizada em Atividade";
14821124;"TARGET INSTITUICAO DE PAGAMENTO E SECURITIZADORA DE CREDITOS S.A";"AV ENGENHEIRO CARLOS CARVALHO";"SALA 204 BLOCO 02";"BARRA DA TIJUCA";"22775039";"RIO DE JANEIRO";"RJ";"Brasil";-;-;"https://targetbank.com.br";-;
53211488;"TARRAF ADMINISTRADORA DE CONSÓRCIOS LTDA.";"RUA SÃO CARLOS, 450";-;"JARDIM EUROPA";"15014480";"SAO JOSE DO RIO PRETO";"SP";"Brasil";-;-;"https://www.consorciotarraf.com.br";"Autorizada em Atividade";
5551841;"TÁGIDE ADMINISTRADORA DE CONSÓRCIOS LTDA.";"RUA SENADOR MANOEL BARATA  N  909   3  ANDAR";"ENTRE AV  PRESIDENTE VARGAS E FREI GIL";"CAMPINA";"66010147";"BELEM";"PA";"Brasil";-;-;"https://www.tconsorcios.com.br";"Autorizada em Atividade";
46004634;"TBANKS INSTITUICAO DE PAGAMENTO SA";"RUA BENTO BRANCO DE ANDRADE FILHO, 621";"SALA VOLPI";"JARDIM DOM BOSCO";"04757000";"SAO PAULO";"SP";"Brasil";-;-;-;"Autorizada em Atividade";
41498340;"TENTOS S.A. CRÉDITO, FINANCIAMENTO E INVESTIMENTO";"BR 285, KM 461,5 N. 40, SALA A, FUNDOS";-;"DISTRITO INDUSTRIAL";"98700000";"IJUI";"RS";"Brasil";-;-;"https://www.tentoscap.com.br";"Autorizada em Atividade";
3751794;"TERRA INVESTIMENTOS DISTRIBUIDORA DE TÍTULOS E VALORES MOBILIÁRIOS LTDA.";"RUA JOAQUIM FLORIANO";"5- ANDAR - CJ 51 E 52";"ITAIM BIBI";"04534000";"SAO PAULO";"SP";"Brasil";-;-;"https://www.terrainvestimentos.com.br";"Autorizada em Atividade";
62469998;"TINO SOCIEDADE DE CRÉDITO DIRETO S.A.";"AVENIDA 9 DE JULHO, 5017";-;"JARDIM PAULISTA";"01407200";"SAO PAULO";"SP";"Brasil";-;-;"https://www.tino.com.br/";"Autorizada em Atividade";
3384738;"TIVIO CAPITAL DISTRIBUIDORA DE TÍTULOS E VALORES MOBILIÁRIOS S.A.";"AVENIDA DAS NAÇÕES UNIDAS, 14.171";"TORRE A, 11° ANDAR";"VILA GERTRUDES";"04794000";"SAO PAULO";"SP";"Brasil";-;-;"https://www.bancobv.com.br/web/site/pt/vam/destaque/";"Autorizada em Atividade";
;"TMB SOCIEDADE DE CRÉDITO DIRETO S.A.";"AVENIDA CASSIANO RICARDO, N- 601";"SALA 191";"PARQUE AQUARIUS";"12246870";"SAO JOSE DOS CAMPOS";"SP";"Brasil";-;-;-;"Autorizada sem Atividade";
9473806;"TODESCREDI S/A - CRÉDITO, FINANCIAMENTO E INVESTIMENTO";"ALAMEDA TODESCHINI";"370";"VERONA";"95700834";"BENTO GONCALVES";"RS";"Brasil";-;-;"https://www.todescredi.com.br";"Autorizada em Atividade";
60717928;"TORRA SOCIEDADE DE CRÉDITO DIRETO S.A.";"AVENIDA PAULISTA, 407";"5° ANDAR, SALA 2";"BELA VISTA";"01311906";"SAO PAULO";"SP";"Brasil";-;-;-;"Autorizada em Atividade";
43707203;"TOYOTA ADMINISTRADORA DE CONSÓRCIOS DO BRASIL LTDA.";"AVENIDA JORNALISTA ROBERTO MARINHO  85 3  ANDAR";"EDIFICIO TOWER BRIDGE CORPORATE";"CIDADE MONCOES";"04576010";"SAO PAULO";"SP";"Brasil";-;-;-;"Autorizada em Atividade";
62280490;"TRADERS DISTRIBUIDORA DE TÍTULOS E VALORES MOBILIÁRIOS LTDA.";"AVENIDA PRESIDENTE JUSCELINO KUBITSCHEK, 1.830";"EDIFÍCIO SÃO LUÍS, TORRE 2, 5- ANDAR, CONJUNTO 52";"VILA NOVA CONCEIÇÃO";"04543900";"SAO PAULO";"SP";"Brasil";-;-;"https://www.traders.com.br";"Autorizada em Atividade";
59956185;"TRADIÇÃO ADMINISTRADORA DE CONSÓRCIO LTDA.";"ALAMEDA RIO NEGRO,1084";"CJ.125/128";"ALPHAVILLE";"06454000";"BARUERI";"SP";"Brasil";-;-;"https://www.consorciotradicao.com.br";"Autorizada em Atividade";
27084098;"TRANSFEERA INSTITUIÇÃO DE PAGAMENTO S.A";"AV ANITA GARIBALDI 850";"CONJ 209 ANDAR 2 TORRE B";"CABRAL";"80540400";"CURITIBA";"PR";"Brasil";-;-;"https://www.transfeera.com";"Autorizada em Atividade";
47133056;"TRANSFERO INSTITUICAO DE PAGAMENTO LTDA.";"RUA VISCONDE DE PIRAJÁ, 250, SALA 801";-;"IPANEMA";"22410000";"RIO DE JANEIRO";"RJ";"Brasil";-;-;-;"Autorizada em Atividade";
3870719;"TRANSUNION BRASIL SISTEMAS EM INFORMATICA LTDA";"RUA VERGUEIRO  2 016  5   7   8   9  E 11  ANDARES";-;"VILA MARIANA";"04102000";"SAO PAULO";"SP";"Brasil";-;-;"https://www.transunion.com.br";-;
78199262;"TRIÂNGULO ADMINISTRADORA DE CONSÓRCIOS S/A";"AV  CARNEIRO LEAO  135  SOBRELOJA";-;"CENTRO";"87014010";"MARINGA";"PR";"Brasil";-;-;"https://www.consorciotriangulo.com.br";"Autorizada em Atividade";
2276653;"TRINUS CAPITAL DISTRIBUIDORA DE TÍTULOS E VALORES MOBILIÁRIOS S.A.";"RUA 72, 325";"QUADRA C14, LOTE 10-13, ED. TREND OFFICE HOME, 12°";"JARDIM GOIÁS";"74805480";"GOIANIA";"GO";"Brasil";-;-;"https://trinus.co/dtvm";"Autorizada em Atividade";
40654622;"TRINUS SOCIEDADE DE CRÉDITO DIRETO S.A.";"RUA 72, N- 325";"QUADRA C14, LOTES 10/11/12/13, SALA 1407";"JARDIM GOIÁS";"74805480";"GOIANIA";"GO";"Brasil";-;-;"https://trinus.co/scd";"Autorizada em Atividade";
49931906;"TRIO INSTITUICAO DE PAGAMENTO LTDA.";"RUA VISCONDE DE NACAR, 1440";"SALA 2900";"CENTRO";"80410201";"CURITIBA";"PR";"Brasil";-;-;"https://trio.com.br";"Autorizada em Atividade";
30183111;"TROCKA CORRETORA DE CAMBIO LTDA.";"RUA MEXICO 11";"CONJ 1801";"CENTRO";"20031144";"RIO DE JANEIRO";"RJ";"Brasil";-;-;-;"Autorizada em Atividade";
67030395;"TRUSTEE DISTRIBUIDORA DE TÍTULOS E VALORES MOBILIÁRIOS LTDA.";"AVENIDA BRIGADEIRO FARIA LIMA, 3.732";"14 ANDAR/PARTE A";"ITAIM BIBI";"04538132";"SAO PAULO";"SP";"Brasil";-;-;"https://www.trusteedtvm.com.br";"Autorizada em Atividade";
46743997;"TTSCD SOCIEDADE DE CRÉDITO DIRETO S.A.";"AVENIDA BRAZ LEME, 1000";"3 ANDAR, BLOCO B, PARTE";"CASA VERDE";"02511000";"SAO PAULO";"SP";"Brasil";-;-;-;"Autorizada em Atividade";
61747085;"TULLETT PREBON BRASIL CORRETORA DE VALORES E CÂMBIO LTDA";"RUA SÃO TOMÉ, 86";"12- ANDAR, 122, E 21- ANDAR, 211 E 212, PARTE A";"VILA OLÍMPIA";"04551080";"SAO PAULO";"SP";"Brasil";-;-;"https://tullettprebon.com.br";"Autorizada em Atividade";
15482499;"TURCÂMBIO - SOCIEDADE CORRETORA DE CÂMBIO LTDA.";"AVENIDA DOUTOR JOÃO RIMSA";-;"CENTRO";"88780000";"IMBITUBA";"SC";"Brasil";-;-;"https://www.turcambio.com.br";"Autorizada em Atividade";
26615279;"TYCOON TECHNOLOGY INSTITUICAO DE PAGAMENTO S.A";"ALAMEDA DOUTOR CARLOS DE CARVALHO, 431";"17- ANDAR";"BATEL";"80410180";"CURITIBA";"PR";"Brasil";-;-;-;"Autorizada em Atividade";
61809182;"UBS (BRASIL) CORRETORA DE VALORES S.A.";"RUA LEOPOLDO COUTO DE MAGALHAES JR, 700";"11- (PARTE, 13- E 14- (PARTE  ANDARES";"ITAIM BIBI";"04542000";"SAO PAULO";"SP";"Brasil";-;-;"https://www.ubs.com/br/pt.html";"Autorizada em Atividade";
18520834;"UBS BB BANCO DE INVESTIMENTO S.A.";"AVENIDA BRIGADEIRO FARIA LIMA, Nº 4.440";"9º ANDAR, PARTE";"ITAIM BIBI";"04538132";"SAO PAULO";"SP";"Brasil";-;-;"https://www.ubs.com";"Autorizada em Atividade";
2819125;"UBS BB CORRETORA DE CÂMBIO, TÍTULOS E VALORES MOBILIÁRIOS S.A.";"AVENIDA BRIGADEIRO FARIA LIMA, N- 4.440";"7- ANDAR - PARTE";"ITAIM BIBI";"04538132";"SAO PAULO";"SP";"Brasil";-;-;"https://www.ubs.com/global/pt/legal/country/brazil/ubs_corretora";"Autorizada em Atividade";
50586247;"UNAFISCO - ASSOCIAÇÃO NACIONAL DOS AUDITORES FISCAIS DA RECEITA FEDERAL DO BRASIL";"AV. IPIRANGA, 1267";"13. ANDAR";"CENTRO";"01039907";"SAO PAULO";"SP";"Brasil";-;-;"https://unafisconacional.org.br/";"Autorizada em Atividade";
42047025;"UNAVANTI SOCIEDADE DE CRÉDITO DIRETO S/A";"AVENIDA PARANÁ, N- 242";"SALA 01";"CENTRO";"87013933";"MARINGA";"PR";"Brasil";-;-;"https://www.unavanti.com.br";"Autorizada em Atividade";
46931655;"UNECONSORCIO ADMINISTRADORA DE CONSORCIOS LTDA";"RUA FLORIANO PEIXOTO  3354";-;"SANTOS DUMONT";"15020010";"SAO JOSE DO RIO PRETO";"SP";"Brasil";-;-;"https://www.uneconsorcio.com.br";"Autorizada em Atividade";
83553883;"UNIÃO CATARINENSE ADMINISTRADORA DE CONSORCIOS LTDA";"RUA XV DE NOVEMBRO  45";"SALA 202";"CENTRO";"89160000";"RIO DO SUL";"SC";"Brasil";-;-;"https://www.uniaocat.com.br";"Autorizada em Atividade";
53899051;"UNICRED DISTRIBUIDORA DE TITULOS E VALORES MOBILIARIOS LTDA";"RUA DEZOITO DE NOVEMBRO, N- 314";"SALA DTVM";"NAVEGANTES";"90240040";"PORTO ALEGRE";"RS";"Brasil";-;-;"https://www.unicred.com.br";"Autorizada em Atividade";
20155248;"UNIDA DISTRIBUIDORA DE TÍTULOS E VALORES MOBILIÁRIOS LTDA.";"ALAMEDA RIO NEGRO, 500";"PAVIMENTO 17, TORRE 2, SALAS 1703,1704,1706 E 1708";"ALPHAVILLE CENTRO";"06454000";"BARUERI";"SP";"Brasil";-;-;-;"Autorizada em Atividade";
60732997;"UNIFISA ADMINISTRADORA NACIONAL DE CONSORCIOS LTDA";"AVENIDA MARTE, 525";"CENTRO DE APOIO  I";"ALPHAVILLE";"06541005";"SANTANA DE PARNAIBA";"SP";"Brasil";-;-;"https://www.unifisa.com.br";"Autorizada em Atividade";
3046391;"UNIPRIME CENTRAL NACIONAL - CENTRAL NACIONAL DE COOPERATIVA DE CREDITO";"AVENIDA HIGIENOPOLIS  1044";"PREDIO";"CENTRO";"86020080";"LONDRINA";"PR";"Brasil";-;-;"https://www.uniprimecentral.com.br";"Autorizada em Atividade";
1848322;"UNIPRIME DO IGUAÇU - COOPERATIVA DE CRÉDITO, POUPANÇA E INVESTIMENTO";"AV. BRASIL, 910";"CENTRO";"CENTRO";"85501057";"PATO BRANCO";"PR";"Brasil";-;-;"https://www.uniprimeiguacu.com.br";"Autorizada em Atividade";
1286361;"UNIPRIME PIONEIRA COOPERATIVA DE CRÉDITO";"R. SOUZA NAVES, 279";"1- ANDAR";"CENTRO";"85900160";"TOLEDO";"PR";"Brasil";-;-;"https://www.uniprimepioneirapr.com.br";"Autorizada em Atividade";
35542555;"UNLIMIT BRASIL INSTITUICAO DE PAGAMENTO LTDA";"AVENIDA DAS NAÇÕES UNIDAS, N- 12.551";"CONJUNTO 2201";"BROOKLIN PAULISTA";"04578903";"SAO PAULO";"SP";"Brasil";-;-;-;"Autorizada em Atividade";
35977097;"UP.P SOCIEDADE DE EMPRÉSTIMO ENTRE PESSOAS S.A.";"AVENIDA DAS NAÇÕES UNIDAS, 14.401";"CONJUNTO 184, TORRE JEQUITIBÁ";"CHÁCARA STO ANTÔNIO";"04794000";"SAO PAULO";"SP";"Brasil";-;-;"https://upp.com.br";"Autorizada em Atividade";
53842122;"URBANO S.A. - SOCIEDADE DE CRÉDITO, FINANCIAMENTO E INVESTIMENTO";"ALAMEDA XINGU, 350.";"CONJUNTO 1803, SALA 09 EDIFÍCIO ITOWER";"ALPHAVILLE";"06455030";"BARUERI";"SP";"Brasil";-;-;"https://www.urbanobank.com";"Autorizada em Atividade";
39587424;"UY3 SOCIEDADE DE CRÉDITO DIRETO S/A";"AVENIDA DOUTOR NILO PEÇANHA, N- 1221";"CONJUNTO 1302, EDIFÍCIO TRADE";"BOA VISTA";"91330000";"PORTO ALEGRE";"RS";"Brasil";-;-;-;"Autorizada em Atividade";
32192325;"UZZIPAY INSTITUIÇÃO DE PAGAMENTO S.A.";"AVENIDA CALAMA, 1383";"TERREO";"SÃO JOÃO BOSCO";"76803705";"PORTO VELHO";"RO";"Brasil";-;-;"https://uzzipay.com";"Autorizada em Atividade";
38320462;"V3 INSTITUICAO DE PAGAMENTO S.A.";"AV. EUSEBIO DE QUEIROZ";"1171 / SALA 17";"CENTRO";"61760046";"FORTALEZA";"CE";"Brasil";-;-;"https://www.onnibank.com.br";"Autorizada em Atividade";
28220872;"VALEPAY BRASIL INSTITUICAO DE PAGAMENTO LTDA";"AV. BARÃO DE ITAPURA 2323";"SALA 51";"GUANABARA";"13073300";"CAMPINAS";"SP";"Brasil";-;-;"https://www.valepay.com.br";-;
7799277;"VALOR S/A SOCIEDADE DE CRÉDITO, FINANCIAMENTO E INVESTIMENTO";"RUA AUGUSTA, 101";"15- ANDAR - CONJ. 1520";"CONSOLAÇÃO";"01305000";"SAO PAULO";"SP";"Brasil";-;-;-;"Autorizada em Atividade";
56360266;"VALTRA ADMINISTRADORA DE CONSÓRCIOS LTDA";"RUA  JOAO RAMALHO  30";"2  ANDAR";"VILA NOVA";"13309045";"ITU";"SP";"Brasil";-;-;"https://www.consorciovaltra.com.vr";"Autorizada em Atividade";
57236840;"VANGUARDA ADMINISTRADORA DE CONSÓRCIO LTDA.";"AV. MANOEL GOULART, 996";-;"CENTRO";"19015240";"PRESIDENTE PRUDENTE";"SP";"Brasil";-;-;-;"Autorizada em Atividade";
54264235;"VBS SOCIEDADE DE CRÉDITO DIRETO S.A.";"RUA DIOGO MOREIRA, N- 184";"CONJUNTO 42";"PINHEIROS";"05423010";"SAO PAULO";"SP";"Brasil";-;-;"https://www.vector-unitech.com/vbsscd.html";"Autorizada em Atividade";
48967968;"VERT DISTRIBUIDORA DE TÍTULOS E VALORES MOBILIÁRIOS LTDA";"RUA CARDEAL ARCOVERDE, 2.365.";"11- ANDAR";"PINHEIROS";"05407003";"SAO PAULO";"SP";"Brasil";-;-;-;"Autorizada em Atividade";
5192316;"VIA CERTA FINANCIADORA S.A. - CRÉDITO, FINANCIAMENTO E INVESTIMENTOS";"RUA TENENTE JUNG, 366";"1- ANDAR, SALA 4";"CENTRO";"98960000";"SANTO CRISTO";"RS";"Brasil";-;-;"https://www.viacertafinanciadora.com.br";"Autorizada em Atividade";
14388516;"VIC-DISTRIBUIDORA DE TITULOS E VALORES MOBILIARIOS S/A";"RUA DA ASSEMBLEIA 10";"GRUPO 2701";"CENTRO";"20011901";"RIO DE JANEIRO";"RJ";"Brasil";-;-;-;"Autorizada em Atividade";
33423888;"VILLELA INSTITUICAO DE PAGAMENTO S/A.";"AV. PAULISTA, 1776";"SALA 10 B";"BELA VISTA";"01310921";"SAO PAULO";"SP";"Brasil";-;-;-;"Pendente de Validação";
49995293;"VINAC ADMINISTRADORA DE CONSÓRCIOS LTDA.";"AVENIDA CASSIANO RICARDO  441";-;"JARDIM AQUARIUS";"12240540";"SAO JOSE DOS CAMPOS";"SP";"Brasil";-;-;"https://www.vinac.com.br";"Autorizada em Atividade";
17772370;"VIPS CORRETORA DE CÂMBIO S.A.";"ALAMEDA SANTOS  880";"EDIFICIO PAULISTA ATRIUM";"CERQUEIRA CESAR";"01418002";"SAO PAULO";"SP";"Brasil";-;-;"https://www.vipscorretoradecambio.com.br";"Autorizada em Atividade";
38429045;"VIS DISTRIBUIDORA DE TÍTULOS E VALORES MOBILIÁRIOS LTDA";"AVENIDA DAS FLORES, N. 945";"ANDAR 1 - SALA 103 -  SB MEDICAL & BUSINESS CENTER";"JARDIM CUIÁBA";"78043172";"CUIABA";"MT";"Brasil";-;-;"https://www.fenixdtvm.com.br (em construo)";"Autorizada em Atividade";
57164291;"VISA CONECTA INSTITUICAO DE PAGAMENTO LTDA";"AV. PRES. JUSCELINO KUBITSCHECK, 1.909, 3- ANDAR.";"TORRE NORTE";"VILA NOVA CONCEIÇÃO";"04543907";"SAO PAULO";"SP";"Brasil";-;-;-;"Autorizada sem Atividade";
34711571;"VITREO DISTRIBUIDORA DE TÍTULOS E VALORES MOBILIÁRIOS S.A.";"RUA JOAQUIM FLORIANO, 960";"ANDAR 16 - PARTE";"ITAIM BBI";"04534004";"SAO PAULO";"SP";"Brasil";-;-;"https://https//vitreo.com.br";"Autorizada em Atividade";
22245020;"VIVIANI ADMINISTRADORA DE CONSÓRCIO NACIONAL LTDA.";"AVENIDA ALFONSO ROSSAFA MOLINA";"SALA 02";"JARDIM SANTO EXPEDIT";"15700160";"JALES";"SP";"Brasil";-;-;"https://www.consorcioviviani.com.br";"Autorizada em Atividade";
57487987;"VIVO PAY SOCIEDADE DE CRÉDITO DIRETO S.A.";"AVENIDA ENGENHEIRO LUÍS CARLOS BERRINI, 1376";"6- ANDAR";-;"04571936";"SAO PAULO";"SP";"Brasil";-;-;-;"Autorizada em Atividade";
50827237;"VKN ADMINISTRADORA DE CONSÓRCIO LTDA.";"RUA Doutor Henrique Viscardi, 470";-;"Vila Nova";"13322080";"SALTO";"SP";"Brasil";-;-;"https://www.vknconsorcios.com.br";"Em Falência";
20269566;"VNK SOCIEDADE DE CRÉDITO AO MICROEMPREENDEDOR E À EMPRESA DE PEQUENO PORTE LTDA.";"RUA PEDRO BORGES N- 33";"6- ANDAR, SALA 627";"CENTRO";"60055110";"FORTALEZA";"CE";"Brasil";-;-;-;"Autorizada em Atividade";
3817702;"VOLUS INSTITUICAO DE PAGAMENTO LTDA";"RUA ROSULINO FERREIRA GUIMARÃES, N- 839";-;"CENTRO";"75901260";"RIO VERDE";"GO";"Brasil";-;-;"https://nova.volus.com.br/";"Pendente de Validação";
74118381;"VOLVO ADMINISTRADORA DE CONSÓRCIO LTDA.";"AV JUSCELINO KUBITSCHEK DE OLIVEIRA, 2600";-;"CIC";"81260900";"CURITIBA";"PR";"Brasil";-;-;"https://www.bancovolvo.com.br";"Autorizada em Atividade";
22610500;"VORTX DISTRIBUIDORA DE TITULOS E VALORES MOBILIARIOS LTDA.";"RUA GILBERTO SABINO, 215";"CONJUNTO 41, SALA 2";"PINHEIROS";"05425020";"SAO PAULO";"SP";"Brasil";-;-;"https://www.vortx.com.br";"Autorizada em Atividade";
7314204;"VOX INSTITUICAO DE PAGAMENTO S.A.";"RODOVIA JOAO AFONSO DE SOUZA CASTELLANO, 1180";-;"VILA  MONTE BELO";"08577000";"ITAQUAQUECETUBA";"SP";"Brasil";-;-;"https://voxcred.com.br/";"Autorizada em Atividade";
53385390;"VÓRTX SOCIEDADE DE CRÉDITO DIRETO S.A.";"RUA GILBERTO SABINO, 215";"CONJUNTO 31, SALA 2";"PINHEIROS";"05425020";"SAO PAULO";"SP";"Brasil";-;-;"https://www.vortx.com.br";"Autorizada em Atividade";
64835226;"VR DISTRIBUIDORA DE TÍTULOS E VALORES MOBILIÁRIOS LTDA.";"AVENIDA DOS BANDEIRANTES, 460";-;"BROOKLIN PAULISTA";"04553900";"SAO PAULO";"SP";"Brasil";-;-;-;"Autorizada em Atividade";
56106523;"VUE INSTITUIÇÃO DE PAGAMENTO S.A.";"AVENIDA BARÃO HOMEM DE MELO N- 4386";"SALA 910";"ESTORIL";"30494270";"BELO HORIZONTE";"MG";"Brasil";-;-;-;"Autorizada em Atividade";
57523215;"VUON SOCIEDADE DE CRÉDITO DIRETO S.A.";"RUA TABAPUÃ, 841";"6- ANDAR - SALA 617";"ITAIM BIBI";"04533013";"SAO PAULO";"SP";"Brasil";-;-;-;"Autorizada em Atividade";
15227994;"VX PAVARINI DISTRIBUIDORA DE TÍTULOS E VALORES MOBILIÁRIOS LTDA";"RUA GILBERTO SABINO, 215";"CJ. 42";-;"05425020";"SAO PAULO";"SP";"Brasil";-;-;"https://www.vortx.com.br/";"Autorizada em Atividade";
92875780;"WARREN CORRETORA DE VALORES MOBILIÁRIOS E CÂMBIO LTDA.";"AVENIDA OSVALDO ARANHA, 720";"CONJ. 201 - 2- ANDAR";"BOM FIM";"90035191";"PORTO ALEGRE";"RS";"Brasil";-;-;"https://warren-website-v09.webflow.io/";"Autorizada em Atividade";
62287735;"WARREN RENA DISTRIBUIDORA DE TÍTULOS E VALORES MOBILIÁRIOS LTDA";"BRIGADEIRO FARIA LIMA, 949";"9- ANDAR";"PINHEIROS";"05426100";"SAO PAULO";"SP";"Brasil";-;-;"https://warren-website-v09.webflow.io/";"Autorizada em Atividade";
49686505;"WASU - WALLET SUPPORT INSTITUIÇÃO DE PAGAMENTO LTDA";"RUA MIGUEL MATTE, 687";"EDIFÍCIO EVOLUTION CORPORATE, 12- ANDAR, SALA 1201";"CENTRO";"88331030";"BALNEARIO CAMBORIU";"SC";"Brasil";-;-;-;"Autorizada em Atividade";
32708748;"WE PAY OUT INSTITUICAO DE PAGAMENTO LTDA.";"RUA IMACULADA CONCEIÇÃO, 1430";-;"PRADO VELHO";"80215182";"CURITIBA";"PR";"Brasil";-;-;"https://wepayments.com.br/";"Autorizada em Atividade";
47631123;"WEALTH HIGH GOVERNANCE DISTRIBUIDORA DE TÍTULOS E VALORES MOBILIÁRIOS S.A.";"AVENIDA CIDADE JARDIM 803";"CONJUNTO 72";"ITAIM BIBI";"01453000";"SAO PAULO";"SP";"Brasil";-;-;"https://whg.com.br/";"Autorizada em Atividade";
13728156;"WESTERN UNION CORRETORA DE CÂMBIO S.A.";"RUA HUNGRIA, 1400";"6- ANDAR, PARTE";"JARDIM EUROPA";"01455000";"SAO PAULO";"SP";"Brasil";-;-;-;"Autorizada em Atividade";
36588217;"WISE BRASIL CORRETORA DE CÂMBIO LTDA";"RUA GIRASSOL 555";"1 ANDAR";"VILA MADALENA";"05433001";"SAO PAULO";"SP";"Brasil";-;-;"https://wise.com";"Autorizada em Atividade";
40571694;"WISE BRASIL INSTITUICAO DE PAGAMENTO LTDA";"RUA GIRASSOL, 555";"1 ANDAR";"VILA MADALENA";"05433001";"SAO PAULO";"SP";"Brasil";-;-;"https://wise.com/br/";"Autorizada em Atividade";
45854066;"WNT CAPITAL DISTRIBUIDORA DE TÍTULOS E VALORES MOBILIÁRIOS S.A.";"RUA LEOPOLDO COUTO MAGALHÃES JR, 758";"13 ANDAR, CONJUNTO 132, SALA 11";"ITAIM BIBI";"04542000";"SAO PAULO";"SP";"Brasil";-;-;"https://www.wntdtvm.com";"Autorizada em Atividade";
54811417;"WOOVI INSTITUICAO DE PAGAMENTO LTDA";"AVENIDA SANTO AMARO, 3.432";"CONJUNTO 91";"BROOKILIN PAULISTA";"04556300";"SAO PAULO";"SP";"Brasil";-;-;"https://woovi.com";"Autorizada em Atividade";
29408213;"WORK 8  INSTITUICAO DE PAGAMENTO LTDA";"AV ENG LUIZ CARLOS BERRINI 105";"CONJ 1903TORRE2";"VL OLIMPIA";"04571900";"SAO PAULO";"SP";"Brasil";-;-;-;-;
991143;"WORLDPAY DO BRASIL INSTITUICAO DE PAGAMENTO LTDA";"AV  MARIA COELHO AGUIAR  215";"BLOCO D  4 ANDAR";"JARDIM SAO LUIS";"05804900";"SAO PAULO";"SP";"Brasil";-;-;"https://worldpay.com/pt-br";"Autorizada em Atividade";
57824223;"WX INSTITUICAO DE PAGAMENTO LTDA";"RUA JOSE VERSOLATO, 111, SÃO BERNARDO DO CAMPO -SP";"BLOCO B SALA 710";"CENTRO";"09750730";"SAO BERNARDO DO CAMPO";"SP";"Brasil";-;-;"https://www.wxpay.com.br";"Autorizada em Atividade";
44475245;"XP DISTRIBUIDORA DE TÍTULOS E VALORES MOBILIÁRIOS LTDA.";"PRAIA DE BOTAFOGO, N- 501";"BLOCO I, SALÃO 501";"BOTAFOGO";"22250040";"RIO DE JANEIRO";"RJ";"Brasil";-;-;"https://xp.inc/chat-atendente-humano";"Autorizada em Atividade";
2332886;"XP INVESTIMENTOS CORRETORA DE CÂMBIO,TÍTULOS E VALORES MOBILIÁRIOS S/A";"PRAIA DE BOTAFOGO, N- 501";"BLOCO I, SALÃO 501";"BOTAFOGO";"22250911";"RIO DE JANEIRO";"RJ";"Brasil";-;-;"https://xp.inc/chat-atendente-humano";"Autorizada em Atividade";
5389174;"XP SERVIÇOS FINANCEIROS DTVM LTDA";"PRAIA DE BOTAFOGO N- 501";"5- ANDAR, BLOCO I, SALÃO 501";"BOTAFOGO";"22250040";"RIO DE JANEIRO";"RJ";"Brasil";-;-;"https://xp.inc/chat-atendente-humano";"Autorizada em Atividade";
40011095;"XS5 ADMINISTRADORA DE CONSÓRCIOS S.A.";"AVENIDA DAS NAÇÕES UNIDAS";"EDIFÍCIO PLAZA CENTENÁRIO 25- ANDAR CONJ. 251/252";"BROOKLIN PAULISTA";"04578911";"SAO PAULO";"SP";"Brasil";-;-;-;"Autorizada em Atividade";
;"XTB BRASIL DISTRIBUIDORA DE TÍTULOS E VALORES MOBILIÁRIOS LTDA.";"AVENIDA ENGENHEIRO LUIZ CARLOS BERRINI, 1.748";"CONJUNTO 304, SALA 01";-;"04571000";"SAO PAULO";"SP";"Brasil";-;-;-;"Autorizada sem Atividade";
47458153;"YAMAHA ADMINISTRADORA DE CONSÓRCIO LTDA.";"AVENIDA MAGALHÃES DE CASTRO";"TORRE 3 ED. CONTINENTAL TOWER CJ.72 SETOR FAZER";"CIDADE JARDIM";"05676120";"SAO PAULO";"SP";"Brasil";-;-;"https://www.yamahaservicosfinanceiros.com.br";"Autorizada em Atividade";
37911077;"YAW INSTITUICAO DE PAGAMENTO S.A.";"ALAMEDA RIO NEGRO, N- 503";"CONJUNTO 2301, 23- ANDAR";"ALPHAVILLE";"06454000";"BARUERI";"SP";"Brasil";-;-;"https://www.yaw.com.br";"Pendente de Validação";
52586293;"Z-ON SOCIEDADE DE CRÉDITO DIRETO S.A.";"AV. WINSTON CHURCHILL, N- 2170";"SALA 3 - 2- ANDAR";"CAPÃO RASO";"81150050";"CURITIBA";"PR";"Brasil";-;-;-;"Autorizada em Atividade";
35810871;"Z1 INSTITUIÇÃO DE PAGAMENTO LTDA.";"RUA CAPITÃO ANTÔNIO ROSA, N- 409";"SALA 416";"JARDIM PAULISTANO";"01443010";"SAO PAULO";"SP";"Brasil";-;-;-;"Autorizada em Atividade";
23367634;"ZEMA ADMINISTRADORA DE CONSÓRCIO LTDA";"RUA SANTA CRUZ 99";"A";-;"38960000";"PRATINHA";"MG";"Brasil";-;-;"https://www.consorciozema.com.br";"Autorizada em Atividade";
5351887;"ZEMA CRÉDITO, FINANCIAMENTO E INVESTIMENTO S/A";"AV JOSE ANANIAS DE AGUIAR, 5005";"SALA F";"CONJ HABITACIONAL BO";"38184200";"ARAXA";"MG";"Brasil";-;-;"https://portal.zema.com/negocios/financeira/";"Autorizada em Atividade";
26264220;"ZERO INSTITUIÇÃO DE PAGAMENTO S.A.";"RUA DO BRUM, N° 248";-;"BAIRRO DO RECIFE";"50030260";"RECIFE";"PE";"Brasil";-;-;"https://zrobank.com/";"Autorizada em Atividade";
44704839;"ZIMPLER BRASIL INSTITUICAO DE PAGAMENTO LTDA.";"RUA JOAQUIM FLORIANO, 466";"CONJ. 1908 - PARTE - ED. OFFICE";"ITAIM BIBI";"04534002";"SAO PAULO";"SP";"Brasil";-;-;"https://zimpler.com/br/";"Autorizada sem Atividade";
37414009;"ZIPDIN SOLUÇÕES DIGITAIS SOCIEDADE DE CRÉDITO DIRETO S/A";"RUA BANDEIRA PAULISTA 530";"SALA 51";"ITAIM BIBI";"04532001";"SAO PAULO";"SP";"Brasil";-;-;-;"Autorizada em Atividade";
49947715;"ZM SOCIEDADE DE CRÉDITO DIRETO S.A.";"QUADRA RUA FORMOSA QUADRA 01 LOTE 12";-;"RECANTO DA BARRAGEM";"72927839";"AGUAS LINDAS DE GOIAS";"GO";"Brasil";-;-;-;"Autorizada em Atividade";
;
